-16.9433796713,-16.9398703524,-16.9363406907,-16.9327998276,-16.9292510565,-16.9256961928,-16.922136427,-16.9185725375,-16.9150051333,-16.9114346675,-16.9078615508,-16.9042860475,-16.9007084246,-16.8971289333,-16.8935477158,-16.8899649925,-16.8863809017,-16.8827955617,-16.8792091262,-16.8756217083,-16.8720334275,-16.8684443721,-16.8648546471,-16.8612643521,-16.8576736012,-16.8540824537,-16.8504910329,-16.8468993904,-16.8433076525,-16.839715895,-16.8361242341,-16.8325327316,-16.8289415308,-16.8253506983,-16.8217603804,-16.8181706945,-16.8145817445,-16.8109937258,-16.8074067453,-16.8038210049,-16.8002367241,-16.7966541499,-16.793073534,-16.7894952673,-16.7859197947,-16.7823476921,-16.7787798498,-16.7752175889,-16.7716633105,-16.7681235948
-16.9433965258,-16.9398715201,-16.9363369913,-16.9327938293,-16.9292437176,-16.9256880014,-16.9221276185,-16.9185632573,-16.9149955007,-16.9114247595,-16.9078513862,-16.9042756899,-16.9006979016,-16.8971182387,-16.8935369174,-16.8899540549,-16.886369842,-16.8827844187,-16.8791978812,-16.8756103854,-16.8720220054,-16.8684328724,-16.8648430795,-16.8612527312,-16.8576618791,-16.8540706783,-16.8504791708,-16.8468874704,-16.8432956624,-16.839703842,-16.836112087,-16.8325205287,-16.8289292191,-16.8253383303,-16.8217479224,-16.8181581199,-16.814569084,-16.8109809286,-16.8073938156,-16.8038079444,-16.8002234885,-16.7966406755,-16.7930598117,-16.7894812295,-16.785905298,-16.7823326023,-16.7787638158,-16.7751999197,-16.7716421781,-16.7680912686
-16.9434160243,-16.9398805915,-16.9363398436,-16.9327930083,-16.929240605,-16.9256833003,-16.9221217611,-16.9185565711,-16.9149881202,-16.911416829,-16.9078430053,-16.9042669024,-16.9006887815,-16.8971088332,-16.8935272278,-16.8899441424,-16.8863597266,-16.8827740841,-16.8791873832,-16.8755997078,-16.8720111678,-16.8684218824,-16.8648319491,-16.8612414295,-16.8576504687,-16.8540591157,-16.8504674587,-16.8468756424,-16.8432836753,-16.8396917195,-16.836099829,-16.832508099,-16.8289166582,-16.8253255732,-16.8217349732,-16.8181450019,-16.8145557414,-16.8109673485,-16.8073799705,-16.8037937896,-16.8002089741,-16.7966257653,-16.7930443989,-16.7894651554,-16.785888418,-16.7823145612,-16.7787441156,-16.7751776091,-16.7716153961,-16.7680569985
-16.9434373997,-16.9398940482,-16.9363473613,-16.9327964469,-16.9292411654,-16.9256818009,-16.9221187216,-16.9185522861,-16.9149828944,-16.9114108061,-16.9078363128,-16.9042596665,-16.9006810486,-16.8971006607,-16.8935186607,-16.8899352469,-16.886350509,-16.8827645886,-16.8791776082,-16.8755896707,-16.8720009099,-16.868411397,-16.8648212149,-16.8612305186,-16.8576393215,-16.8540477636,-16.8504559303,-16.8468638778,-16.8432717198,-16.8396795419,-16.8360874148,-16.8324954861,-16.828903786,-16.8253124581,-16.8217216072,-16.8181313051,-16.8145417343,-16.8109530009,-16.8073652329,-16.8037785974,-16.800193279,-16.7966094701,-16.7930273499,-16.7894472305,-16.7858693171,-16.7822939794,-16.7787214404,-16.7751519465,-16.7715854755,-16.7680213749
-16.943459861,-16.939910158,-16.9363581972,-16.9328032041,-16.9292448429,-16.925683102,-16.922118171,-16.9185502825,-16.9149796887,-16.9114066103,-16.9078312699,-16.9042538794,-16.9006746386,-16.8970937053,-16.8935112198,-16.8899273344,-16.886342184,-16.8827558861,-16.8791685532,-16.8755802928,-16.8719911953,-16.8684013894,-16.8648109294,-16.8612199315,-16.8576284761,-16.8540366482,-16.8504445232,-16.8468521957,-16.8432597723,-16.8396673048,-16.8360749235,-16.8324826443,-16.8288906485,-16.8252989855,-16.8217077701,-16.8181171071,-16.8145271117,-16.8109379016,-16.8073496428,-16.8037624202,-16.8001764538,-16.7965918511,-16.7930088472,-16.7894275939,-16.7858483251,-16.782271214,-16.7786964251,-16.7751239719,-16.7715536742,-16.7679849365
-16.943482999,-16.939927986,-16.9363714161,-16.9328125445,-16.9292510712,-16.9256868307,-16.9221198724,-16.9185503385,-16.9149783338,-16.9114041049,-16.9078277816,-16.9042495311,-16.9006695207,-16.8970878932,-16.8935048244,-16.8899203915,-16.8863347265,-16.8827479636,-16.8791601957,-16.8755715252,-16.8719820523,-16.8683918573,-16.864801059,-16.861209704,-16.857617906,-16.8540257285,-16.8504332852,-16.8468406227,-16.8432478498,-16.8396550322,-16.8360622693,-16.8324696464,-16.8288772534,-16.8252851684,-16.8216935225,-16.81810238,-16.8145118866,-16.8109221286,-16.807333226,-16.8037453326,-16.800158557,-16.7965730564,-16.7929889853,-16.7894064745,-16.7858256811,-16.7822467029,-16.778669607,-16.7750943338,-16.7715206075,-16.7679480329
-16.9435066173,-16.9399470761,-16.9363863548,-16.9328239272,-16.9292594023,-16.9256926292,-16.9221235464,-16.9185522132,-16.9149787272,-16.9114031746,-16.9078257191,-16.9042464982,-16.9006656107,-16.8970832319,-16.8934994319,-16.8899143519,-16.8863281161,-16.8827408056,-16.8791525182,-16.8755633677,-16.8719734398,-16.8683828169,-16.864791584,-16.8611998069,-16.8576076231,-16.8540150335,-16.8504221831,-16.8468291301,-16.8432359401,-16.8396427268,-16.8360495318,-16.8324564688,-16.8288636038,-16.8252710554,-16.8216788754,-16.8180871899,-16.8144960919,-16.8109056839,-16.8073160759,-16.8037273778,-16.8001397073,-16.7965531866,-16.7929679334,-16.7893840602,-16.7858016497,-16.7822207641,-16.7786414058,-16.7750634486,-16.7714867035,-16.7679107597
-16.9435305808,-16.9399670453,-16.9364026481,-16.9328368885,-16.9292694633,-16.9257001707,-16.9221289353,-16.91855574,-16.9149806394,-16.9114037014,-16.9078250234,-16.9042446983,-16.9006628745,-16.8970795899,-16.8934950094,-16.8899092261,-16.8863223036,-16.8827343611,-16.8791455223,-16.8755558052,-16.8719653498,-16.8683742219,-16.8647824944,-16.861190271,-16.8575975839,-16.8540045656,-16.8504112455,-16.8468177301,-16.8432240847,-16.8396303772,-16.8360366946,-16.8324431338,-16.8288497483,-16.8252566283,-16.8216638632,-16.8180715694,-16.8144797772,-16.8108886367,-16.8072982262,-16.8037086527,-16.800119978,-16.7965323594,-16.7929458487,-16.7893605188,-16.7857764725,-16.7821936674,-16.778612095,-16.7750316743,-16.7714521498,-16.7678732338
-16.9435547808,-16.9399877313,-16.9364199743,-16.9328511323,-16.92928093,-16.9257091971,-16.9221357996,-16.9185607143,-16.9149839512,-16.9114055386,-16.9078255605,-16.90424408,-16.9006611775,-16.897076962,-16.8934915236,-16.8899049115,-16.8863172586,-16.8827286477,-16.8791391327,-16.8755488198,-16.8719577673,-16.8683660743,-16.8647738089,-16.8611810339,-16.8575878435,-16.853994291,-16.8504004751,-16.8468064205,-16.8432122622,-16.8396180196,-16.8360237942,-16.8324296466,-16.8288356712,-16.8252419407,-16.8216485327,-16.8180555031,-16.8144629922,-16.8108710466,-16.8072797586,-16.8036892059,-16.8000994904,-16.7965106847,-16.7929228374,-16.7893360512,-16.7857503012,-16.7821656232,-16.7785819506,-16.7749991708,-16.771417116,-16.7678355489
-16.943579205,-16.9400089431,-16.9364381112,-16.932866421,-16.9292935843,-16.9257194668,-16.922143961,-16.9185669661,-16.9149884984,-16.9114085803,-16.9078272302,-16.9042445197,-16.9006605021,-16.8970752691,-16.8934888766,-16.8899014282,-16.8863129703,-16.8827235782,-16.8791333602,-16.8755423723,-16.8719506869,-16.8683583618,-16.8647654843,-16.8611721435,-16.857578366,-16.853984248,-16.8503898334,-16.8467952446,-16.843200475,-16.8396056496,-16.8360108096,-16.8324160587,-16.8288214236,-16.8252270011,-16.8216328756,-16.8180391076,-16.8144457771,-16.8108529495,-16.8072607094,-16.8036691413,-16.8000783152,-16.796488258,-16.7928990698,-16.7893107474,-16.7857233441,-16.782136809,-16.7785511136,-16.7749661264,-16.7713817193,-16.7677977068
-16.9436037917,-16.94003059,-16.9364569207,-16.9328825481,-16.9293072285,-16.9257308331,-16.9221532207,-16.9185743429,-16.9149941556,-16.9114126875,-16.9078299298,-16.9042459322,-16.9006607663,-16.8970744488,-16.8934870612,-16.8898986807,-16.8863093532,-16.8827191678,-16.8791281798,-16.8755364523,-16.8719440694,-16.8683510693,-16.8647575489,-16.8611635514,-16.8575691509,-16.853974408,-16.8503793901,-16.846784138,-16.843188755,-16.8395932871,-16.8359977991,-16.8324023395,-16.8288070186,-16.825211856,-16.821616953,-16.8180223605,-16.8144281624,-16.8108344048,-16.8072411864,-16.8036485312,-16.8000565064,-16.7964652054,-16.7928746105,-16.7892847873,-16.7856957049,-16.7821073791,-16.778519707,-16.7749326395,-16.7713460395,-16.7677597279
-16.9436284969,-16.9400525919,-16.9364762923,-16.9328993901,-16.9293217077,-16.9257430977,-16.9221634478,-16.9185827,-16.9150008194,-16.9114177551,-16.9078335816,-16.9042482665,-16.9006618568,-16.8970744334,-16.8934860008,-16.8898966287,-16.8863064103,-16.8827153719,-16.8791235377,-16.8755310373,-16.8719379044,-16.8683441939,-16.8647499589,-16.8611552784,-16.8575601909,-16.8539647684,-16.850369078,-16.84677317,-16.8431770975,-16.8395809395,-16.8359847345,-16.8323885615,-16.828792464,-16.8251965235,-16.8216007859,-16.8180053425,-16.8144101932,-16.8108154843,-16.8072211921,-16.803627417,-16.8000342134,-16.7964415786,-16.792849593,-16.7892582377,-16.7856675103,-16.7820774075,-16.77848786,-16.7748987976,-16.7713101222,-16.7677216778
-16.9436533338,-16.9400748817,-16.9364961167,-16.9329168226,-16.9293368968,-16.9257561473,-16.9221745245,-16.9185919272,-16.9150083224,-16.9114237239,-16.9078380666,-16.9042514015,-16.900663761,-16.8970751584,-16.8934856409,-16.8898952775,-16.8863040703,-16.8827121078,-16.8791194519,-16.8755261144,-16.8719321744,-16.8683376868,-16.864742721,-16.8611472864,-16.857551498,-16.8539553484,-16.8503589404,-16.8467623054,-16.8431655245,-16.8395686074,-16.8359716569,-16.8323747065,-16.8287778039,-16.8251810214,-16.8215844233,-16.8179880433,-16.8143919648,-16.8107961951,-16.8072008371,-16.8036059115,-16.8000114392,-16.7964174865,-16.7928240784,-16.7892312031,-16.7856388507,-16.7820470179,-16.7784556501,-16.7748646702,-16.7712739908,-16.767683538
-16.9436782656,-16.9400974191,-16.9365163167,-16.9329347888,-16.9293526718,-16.9257698794,-16.9221863146,-16.9186019264,-16.9150166341,-16.9114304414,-16.9078433263,-16.9042552962,-16.9006663806,-16.897076576,-16.8934859576,-16.8898945079,-16.8863023199,-16.8827094099,-16.8791158324,-16.8755216394,-16.8719268714,-16.8683315714,-16.8647357964,-16.8611396084,-16.8575430263,-16.853946155,-16.8503489729,-16.8467515779,-16.8431540174,-16.8395563274,-16.8359585769,-16.8323607969,-16.8287630589,-16.8251654084,-16.8215678762,-16.8179705553,-16.8143734431,-16.8107766351,-16.8071801424,-16.8035840148,-16.7999882896,-16.7963930136,-16.7927981562,-16.7892037514,-16.7856098203,-16.7820162638,-16.7784231281,-16.7748302982,-16.771237733,-16.7676453306
-16.9437032513,-16.9401201856,-16.9365368441,-16.9329531588,-16.9293689668,-16.9257842111,-16.9221987542,-16.9186125814,-16.9150256383,-16.9114378565,-16.9078492809,-16.9042598733,-16.9006696507,-16.8970786331,-16.893486848,-16.889894335,-16.886301117,-16.8827072124,-16.879112702,-16.8755176065,-16.8719219469,-16.8683258185,-16.8647292064,-16.8611322034,-16.8575348284,-16.8539371334,-16.8503391729,-16.8467409875,-16.8431426003,-16.8395441094,-16.8359455119,-16.8323468718,-16.8287482418,-16.8251496738,-16.8215512058,-16.8179528611,-16.8143547256,-16.8107568129,-16.8071591749,-16.8035618322,-16.7999648246,-16.7963681719,-16.7927718891,-16.7891759885,-16.7855804266,-16.781985253,-16.7783903561,-16.7747957433,-16.7712013285,-16.7676070562
-16.9437283504,-16.9401430939,-16.9365576707,-16.9329719012,-16.9293857309,-16.9257990265,-16.9222117659,-16.9186238411,-16.9150352359,-16.9114459132,-16.907855846,-16.9042650604,-16.9006735207,-16.8970812752,-16.8934883272,-16.8898946826,-16.886300395,-16.882705497,-16.879110014,-16.8755139644,-16.871917419,-16.8683203793,-16.864722936,-16.8611250759,-16.857526873,-16.8539283479,-16.8503295358,-16.8467305249,-16.8431313049,-16.8395319373,-16.8359324673,-16.8323329418,-16.8287333917,-16.8251338617,-16.8215344037,-16.8179350436,-16.814335833,-16.8107367929,-16.8071379678,-16.8035393876,-16.7999410966,-16.7963430573,-16.7927453466,-16.7891479193,-16.7855508112,-16.7819539664,-16.7783573886,-16.7747610188,-16.7711648261,-16.7675687509
-16.9437534832,-16.9401661954,-16.9365787206,-16.9329909758,-16.9294028634,-16.9258143132,-16.9222252459,-16.9186356111,-16.9150453784,-16.9114545082,-16.9078629902,-16.9042707955,-16.9006779478,-16.8970844523,-16.8934902952,-16.8898955322,-16.8863001596,-16.8827042241,-16.8791077245,-16.875510729,-16.871913239,-16.8683153085,-16.8647169439,-16.8611182159,-16.8575191359,-16.8539197554,-16.8503200904,-16.8467201954,-16.8431201003,-16.8395198523,-16.8359194869,-16.8323190172,-16.8287185217,-16.8251180187,-16.821517524,-16.817917116,-16.8143167959,-16.8107166154,-16.8071165782,-16.8035167476,-16.7999171199,-16.7963177222,-16.792718562,-16.7891196418,-16.7855209616,-16.7819225064,-16.7783242466,-16.7747261834,-16.7711282361,-16.7675303839
-16.9437786877,-16.9401894033,-16.936599983,-16.9330103157,-16.9294203309,-16.9258299778,-16.9222391534,-16.9186478603,-16.915056013,-16.9114636103,-16.9078706131,-16.9042770451,-16.9006828795,-16.8970881024,-16.8934927427,-16.8898968393,-16.8863003546,-16.8827033496,-16.8791058466,-16.8755078515,-16.8719094015,-16.8683105335,-16.8647112585,-16.8611116159,-16.857511648,-16.8539113584,-16.8503108129,-16.8467100203,-16.8431090324,-16.8395078598,-16.8359065427,-16.8323051493,-16.8287036617,-16.825102127,-16.8215006161,-16.8178991135,-16.8142976588,-16.8106963058,-16.8070950556,-16.80349395,-16.7998929828,-16.7962922072,-16.7926915924,-16.7890911818,-16.7854909466,-16.7818908793,-16.7782909816,-16.7746912214,-16.7710915616,-16.7674919985
-16.943803923,-16.9402127574,-16.936621428,-16.9330298982,-16.929438115,-16.9258459682,-16.9222534601,-16.9186604882,-16.9150670751,-16.9114731525,-16.9078787027,-16.9042837351,-16.9006882325,-16.8970921949,-16.893495649,-16.8898985447,-16.8863009521,-16.8827028887,-16.8791043145,-16.8755053286,-16.8719058961,-16.868306049,-16.864705841,-16.861105271,-16.8575043734,-16.8539031879,-16.8503017204,-16.8467000053,-16.8430980874,-16.8394959652,-16.8358937168,-16.8322913147,-16.8286888221,-16.8250862691,-16.8214836594,-16.8178810589,-16.8142784734,-16.8106759087,-16.8070734281,-16.8034710229,-16.7998687228,-16.7962665451,-16.792664502,-16.7890625722,-16.7854607825,-16.7818591418,-16.7782576212,-16.7746561769,-16.7710548462,-16.767453559
-16.9438292225,-16.9402361827,-16.9366430279,-16.9330497002,-16.9294561254,-16.9258622703,-16.9222680751,-16.9186735024,-16.9150784956,-16.9114830775,-16.9078872044,-16.9042908422,-16.9006940025,-16.8970966995,-16.8934989119,-16.8899006518,-16.8863019363,-16.8827027421,-16.8791031487,-16.8755031091,-16.8719026861,-16.8683018615,-16.8647007006,-16.861099171,-16.8574973359,-16.8538952129,-16.8502928079,-16.8466901528,-16.8430872753,-16.8394842098,-16.8358809502,-16.8322775622,-16.8286740421,-16.825070422,-16.8214667486,-16.8178629918,-16.8142592388,-16.8106554736,-16.8070517356,-16.8034480159,-16.7998443632,-16.7962407926,-16.7926372899,-16.7890338722,-16.7854305495,-16.7818273144,-16.7782241521,-16.7746210864,-16.7710180642,-16.7674151111
-16.9438545474,-16.9402597052,-16.9366647629,-16.9330696798,-16.929474375,-16.9258788177,-16.9222829751,-16.9186868074,-16.9150902772,-16.9114933621,-16.9078960253,-16.9042983118,-16.9007001542,-16.897101557,-16.8935025323,-16.8899031064,-16.8863032318,-16.8827029638,-16.8791022812,-16.8755012016,-16.8718997661,-16.8682979656,-16.8646957889,-16.861093323,-16.8574905209,-16.8538874359,-16.8502840829,-16.8466804774,-16.8430766132,-16.8394725652,-16.8358683247,-16.8322639047,-16.8286593371,-16.8250546491,-16.8214498273,-16.8178449639,-16.8142400137,-16.8106350211,-16.8070299939,-16.8034249783,-16.7998199727,-16.7962149705,-16.7926100128,-16.7890050951,-16.785400237,-16.7817954123,-16.7781906567,-16.7745859294,-16.7709812638,-16.7673766095
-16.9438798978,-16.9402833076,-16.936686637,-16.9330898002,-16.92949281,-16.9258956023,-16.9222981301,-16.9187003945,-16.9151023297,-16.9115039325,-16.907905209,-16.9043060848,-16.9007066142,-16.8971067516,-16.8935065065,-16.8899058644,-16.8863048614,-16.8827034738,-16.8791017042,-16.8754996008,-16.871897109,-16.8682943036,-16.8646911681,-16.861087696,-16.8574839405,-16.8538798854,-16.8502755433,-16.8466709628,-16.8430661303,-16.8394610823,-16.8358558051,-16.8322503476,-16.8286447271,-16.8250389274,-16.8214330094,-16.8178269618,-16.8142208092,-16.8106145861,-16.807008286,-16.8034019237,-16.7997955432,-16.7961891305,-16.7925827103,-16.7889762877,-16.7853698749,-16.7817634868,-16.7781570996,-16.7745507469,-16.7709444192,-16.7673381261
-16.9439053023,-16.9403069751,-16.9367085824,-16.9331100747,-16.9295114075,-16.9259125673,-16.9223135192,-16.9187141903,-16.9151146443,-16.9115147942,-16.907914632,-16.9043141594,-16.9007133592,-16.8971122241,-16.893510749,-16.8899089315,-16.8863067689,-16.8827042638,-16.8791014188,-16.8754982387,-16.8718947407,-16.8682909011,-16.864686756,-16.861082306,-16.857477568,-16.8538725209,-16.8502672275,-16.8466616308,-16.8430558103,-16.8394497427,-16.8358434452,-16.8322369351,-16.828630225,-16.825023337,-16.8214162694,-16.8178090468,-16.8142016842,-16.8105941869,-16.8069866085,-16.8033789158,-16.7997711311,-16.7961632884,-16.7925554053,-16.7889474726,-16.7853395099,-16.7817315177,-16.7781235346,-16.774515554,-16.7709075642,-16.7672995966
-16.9439307223,-16.9403307071,-16.9367306128,-16.9331304522,-16.9295301521,-16.9259296994,-16.9223290476,-16.9187282341,-16.9151271693,-16.9115258596,-16.9079243116,-16.9043224814,-16.9007203593,-16.8971179542,-16.8935152611,-16.8899122465,-16.8863089339,-16.8827053209,-16.8791013763,-16.8754971337,-16.8718925886,-16.8682877482,-16.864682586,-16.8610771481,-16.857471408,-16.8538653734,-16.8502590829,-16.8466525008,-16.8430456824,-16.8394385731,-16.8358312452,-16.8322236797,-16.82861587,-16.8250078549,-16.8213996373,-16.8177912297,-16.8141826516,-16.8105738965,-16.8069649818,-16.8033559487,-16.7997467786,-16.796137508,-16.7925281161,-16.7889186801,-16.7853091479,-16.7816995847,-16.7780899746,-16.7744803393,-16.7708706942,-16.7672610565
-16.9439561577,-16.9403544725,-16.9367527445,-16.9331509222,-16.9295490045,-16.9259469594,-16.9223447692,-16.9187424095,-16.9151398768,-16.9115371513,-16.9079341795,-16.904331009,-16.9007275913,-16.8971239237,-16.8935199891,-16.8899158061,-16.886311341,-16.8827065913,-16.8791015784,-16.8754962733,-16.8718906762,-16.8682848011,-16.8646786506,-16.8610722031,-16.8574654559,-16.853858448,-16.8502511433,-16.8466435779,-16.8430357157,-16.8394276052,-16.8358192202,-16.8322105655,-16.82860168,-16.8249925399,-16.8213831719,-16.8177735572,-16.814163725,-16.810553714,-16.8069434793,-16.8033330837,-16.7997225086,-16.7961117688,-16.7925009228,-16.788889916,-16.7852788449,-16.7816676601,-16.7780564295,-16.7744451323,-16.7708338242,-16.767222504
-16.9439816348,-16.9403782996,-16.9367749099,-16.9331714793,-16.9295679495,-16.9259643223,-16.9223606017,-16.9187567441,-16.9151527439,-16.9115485742,-16.9079442487,-16.904339719,-16.9007350014,-16.8971300763,-16.8935249337,-16.8899195611,-16.8863139485,-16.8827080934,-16.8791019859,-16.8754956087,-16.8718889908,-16.8682820907,-16.8646749086,-16.861067461,-16.8574597405,-16.853851728,-16.8502434234,-16.8466348529,-16.8430259732,-16.8394168302,-16.8358073856,-16.8321976751,-16.8285876775,-16.8249773953,-16.8213668502,-16.8177560522,-16.8141449967,-16.8105336624,-16.8069221264,-16.8033103271,-16.799698344,-16.7960861609,-16.7924737907,-16.7888612605,-16.7852485903,-16.7816357976,-16.7780229099,-16.7744099643,-16.7707969616,-16.767183944
-16.9440071172,-16.940402135,-16.9367971394,-16.9331920772,-16.9295869766,-16.9259817894,-16.9223765317,-16.9187711886,-16.9151657118,-16.9115601463,-16.9079544387,-16.904348579,-16.9007425809,-16.8971364033,-16.8935300387,-16.8899234936,-16.886316741,-16.8827097759,-16.8791025884,-16.8754951633,-16.8718874983,-16.8682795807,-16.8646713982,-16.8610629385,-16.857454216,-16.8538452205,-16.8502359184,-16.8466263429,-16.8430164483,-16.8394062632,-16.8357957827,-16.8321849755,-16.8285738729,-16.8249624724,-16.8213507573,-16.8177387301,-16.8141264125,-16.8105138144,-16.8069009147,-16.8032877712,-16.7996743294,-16.7960606738,-16.7924467861,-16.7888327055,-16.7852184257,-16.7816040172,-16.7779894453,-16.7743748193,-16.7707600995,-16.7671453835
-16.9440326102,-16.9404260267,-16.9368193824,-16.9332127367,-16.9296060395,-16.9259993189,-16.9223925413,-16.918785687,-16.915178801,-16.9115718184,-16.9079647291,-16.9043575756,-16.9007502664,-16.8971428583,-16.8935353008,-16.8899275882,-16.886319696,-16.882711631,-16.8791033684,-16.8754948933,-16.8718861958,-16.8682772657,-16.8646680832,-16.8610586381,-16.857448916,-16.8538389234,-16.850228648,-16.8466180483,-16.8430071603,-16.8393959357,-16.8357843906,-16.832172518,-16.8285603105,-16.8249477604,-16.8213348728,-16.8177216426,-16.81410807,-16.8104941624,-16.8068799368,-16.803265365,-16.7996505311,-16.7960353592,-16.7924199461,-16.7888042663,-16.7851883928,-16.781572298,-16.7779560769,-16.7743397072,-16.7707232766,-16.7671067893
-16.9440581468,-16.9404499,-16.9368416765,-16.9332334047,-16.9296251516,-16.9260168739,-16.9224085742,-16.9188002807,-16.9151919189,-16.9115835388,-16.9079751232,-16.9043666406,-16.9007580709,-16.8971494233,-16.8935406733,-16.8899317936,-16.8863228006,-16.8827136455,-16.8791043059,-16.8754948004,-16.8718850733,-16.8682751261,-16.8646649632,-16.8610545356,-16.8574438406,-16.8538328559,-16.8502215834,-16.8466099983,-16.8429980933,-16.8393858532,-16.8357732606,-16.8321603131,-16.828547003,-16.8249333179,-16.8213192457,-16.8177048127,-16.814089985,-16.8104747628,-16.8068591847,-16.8032432296,-16.7996269144,-16.7960102592,-16.792393284,-16.788776033,-16.7851584761,-16.7815407275,-16.7779227602,-16.7743046646,-16.770686474,-16.7670682309
-16.9440836622,-16.9404738071,-16.9368639494,-16.9332540993,-16.9296442712,-16.9260344414,-16.9224246413,-16.9188148561,-16.9152050835,-16.9115953159,-16.9079855432,-16.9043757485,-16.9007659405,-16.8971560658,-16.8935461453,-16.8899361232,-16.8863260106,-16.882715773,-16.879105393,-16.8754948338,-16.8718841279,-16.8682731857,-16.8646620332,-16.8610506261,-16.8574389706,-16.8538270135,-16.850214773,-16.8466021934,-16.8429892883,-16.8393760307,-16.8357623911,-16.8321483856,-16.8285339684,-16.8249191533,-16.8213039278,-16.8176882606,-16.8140721755,-16.8104556674,-16.8068387127,-16.803221345,-16.7996035648,-16.7959854088,-16.7923668515,-16.7887479588,-16.7851287632,-16.7815092758,-16.7778895873,-16.7742697045,-16.7706497018,-16.7670296412
-16.9441091972,-16.9404977071,-16.9368862294,-16.9332747864,-16.9296633616,-16.9260519964,-16.9224406959,-16.9188294336,-16.9152182456,-16.9116070859,-16.9079959853,-16.9043848981,-16.900773833,-16.8971627629,-16.8935516583,-16.8899405278,-16.8863293106,-16.882718001,-16.879106598,-16.8754950454,-16.8718833183,-16.8682714203,-16.8646592811,-16.8610469332,-16.8574343035,-16.8538214106,-16.8502081909,-16.8465946484,-16.8429807533,-16.8393664787,-16.8357518307,-16.832136751,-16.8285212534,-16.8249053134,-16.8212889132,-16.8176720431,-16.8140547005,-16.8104368753,-16.8068185581,-16.8031997896,-16.7995805223,-16.7959608121,-16.7923406719,-16.7887201413,-16.7850992385,-16.7814780254,-16.7778565301,-16.774234837,-16.7706129867,-16.7669910636
-16.9441347277,-16.9405216117,-16.936908492,-16.9332954339,-16.9296824241,-16.9260695281,-16.9224566959,-16.9188439661,-16.9152313556,-16.9116188304,-16.9080063857,-16.9043940377,-16.9007817305,-16.8971694704,-16.8935572253,-16.8899449753,-16.8863326831,-16.8827203501,-16.8791079105,-16.8754953629,-16.8718826608,-16.8682697958,-16.8646567257,-16.8610434257,-16.8574298681,-16.8538160185,-16.8502018659,-16.8465873563,-16.8429725008,-16.8393572458,-16.8357415611,-16.8321254486,-16.828508876,-16.8248918209,-16.8212742537,-16.8176561811,-16.8140375834,-16.8104184483,-16.8067987852,-16.8031785605,-16.7995578223,-16.7959365526,-16.792314819,-16.7886925942,-16.785069966,-16.7814469583,-16.7778236426,-16.7742000673,-16.7705763387,-16.7669524839
-16.9441602798,-16.9405454771,-16.936930724,-16.9333160288,-16.9297014312,-16.926086956,-16.9224726183,-16.9188584403,-16.9152444026,-16.9116305004,-16.9080167503,-16.9044031156,-16.9007896076,-16.897176175,-16.8935627903,-16.8899494503,-16.8863361127,-16.8827227355,-16.879109308,-16.8754957879,-16.8718821429,-16.8682683308,-16.8646543453,-16.8610401086,-16.8574256431,-16.8538108735,-16.850195796,-16.8465803609,-16.8429645363,-16.8393483087,-16.8357316362,-16.8321144865,-16.8284968635,-16.8248786988,-16.8212599962,-16.8176407407,-16.8140208739,-16.8104004408,-16.8067794007,-16.8031577555,-16.7995354982,-16.7959126871,-16.7922892777,-16.7886653767,-16.7850409785,-16.7814161382,-16.7777909304,-16.7741654397,-16.7705397465,-16.7669139358
-16.9441858294,-16.9405693222,-16.9369528916,-16.9333365393,-16.9297203458,-16.9261042981,-16.9224884404,-16.9188727828,-16.915257318,-16.9116420654,-16.9080270199,-16.9044121422,-16.9007974126,-16.897182825,-16.8935683399,-16.8899539202,-16.8863395502,-16.8827251826,-16.879110773,-16.8754963054,-16.8718817329,-16.8682670179,-16.8646521062,-16.8610370153,-16.857421619,-16.8538059806,-16.8501899789,-16.8465736434,-16.8429568913,-16.8393397138,-16.8357220687,-16.8321039236,-16.8284852269,-16.8248659964,-16.8212461638,-16.8176257066,-16.814004631,-16.8103828813,-16.8067604736,-16.8031373934,-16.7995136478,-16.7958892205,-16.7922641773,-16.7886385195,-16.7850123018,-16.7813855885,-16.7777584574,-16.7741309721,-16.7705032443,-16.7668753932
-16.9442113453,-16.9405931393,-16.9369749891,-16.933356976,-16.9297391258,-16.9261214835,-16.92250411,-16.9188869652,-16.9152700976,-16.911653502,-16.9080371423,-16.9044210272,-16.9008051246,-16.8971893854,-16.8935738249,-16.8899583698,-16.8863429923,-16.8827276355,-16.8791123001,-16.8754969125,-16.8718814233,-16.8682658233,-16.8646500653,-16.8610340807,-16.8574178507,-16.8538013065,-16.8501844585,-16.846567226,-16.8429495713,-16.8393314617,-16.8357128666,-16.8320937416,-16.8284740536,-16.8248537293,-16.8212327867,-16.8176111741,-16.813988864,-16.8103658268,-16.8067420591,-16.8031175485,-16.7994922662,-16.795866258,-16.7922395177,-16.7886120945,-16.7849840192,-16.7813553735,-16.7777262206,-16.7740966824,-16.7704668637,-16.766836868
-16.9442368895,-16.9406168918,-16.9369969892,-16.933377261,-16.9297577458,-16.9261385223,-16.9225195629,-16.9189009573,-16.9152826772,-16.911664727,-16.9080470873,-16.9044297522,-16.9008126871,-16.8971958691,-16.8935792224,-16.8899627523,-16.8863463877,-16.8827301172,-16.8791138526,-16.875497568,-16.8718812304,-16.8682647779,-16.8646481558,-16.8610313361,-16.8574142736,-16.8537969232,-16.850179216,-16.8465611093,-16.8429425989,-16.8393236038,-16.8357040863,-16.832083987,-16.828463297,-16.8248419569,-16.8212199293,-16.8175971646,-16.8139736495,-16.8103493514,-16.8067242191,-16.8030982544,-16.7994714687,-16.7958438264,-16.7922153928,-16.7885861404,-16.7849561671,-16.7813255263,-16.7776943055,-16.7740626173,-16.7704305985,-16.7667983607
-16.9442623876,-16.9406405694,-16.9370188738,-16.933397376,-16.9297761775,-16.9261552781,-16.9225347971,-16.9189146873,-16.9152950042,-16.9116757095,-16.9080568239,-16.9044382818,-16.9008200721,-16.8972021645,-16.8935845069,-16.8899670448,-16.8863497497,-16.8827325597,-16.8791154176,-16.8754982805,-16.8718811175,-16.8682638308,-16.8646464228,-16.8610288007,-16.8574109311,-16.8537927711,-16.8501742636,-16.8465553464,-16.8429359889,-16.8393161218,-16.8356957071,-16.8320747142,-16.828453052,-16.8248307069,-16.8212076027,-16.8175837396,-16.813959042,-16.8103334673,-16.8067069925,-16.8030796265,-16.7994512871,-16.795822046,-16.792191839,-16.7885607679,-16.784928825,-16.7812961192,-16.7776627359,-16.7740288096,-16.7703944738,-16.766759898
-16.9442878752,-16.9406641641,-16.9370405913,-16.9334172977,-16.9297943133,-16.9261717943,-16.9225497045,-16.9189281214,-16.9153070142,-16.9116864065,-16.9080662568,-16.9044465613,-16.9008272441,-16.8972082891,-16.8935896294,-16.8899712319,-16.8863530222,-16.8827349526,-16.8791169871,-16.875499035,-16.8718810604,-16.8682630154,-16.8646448208,-16.8610264457,-16.8574078257,-16.853788884,-16.850169604,-16.846549921,-16.8429297443,-16.8393090643,-16.8356877997,-16.8320659121,-16.8284433345,-16.8248200074,-16.8211958973,-16.8175709301,-16.813945075,-16.8103182678,-16.8066904947,-16.8030616728,-16.7994318397,-16.7958009444,-16.7921689966,-16.7885360187,-16.7849020825,-16.781267227,-16.7776315861,-16.7739953023,-16.7703585289,-16.7667214873
-16.9443133399,-16.9406876196,-16.937062116,-16.9334369232,-16.9298121821,-16.9261879318,-16.9225642491,-16.9189411589,-16.9153186612,-16.9116967461,-16.908075386,-16.9044545192,-16.9008341583,-16.8972141645,-16.8935945715,-16.8899752593,-16.8863561943,-16.8827372972,-16.8791185151,-16.8754998,-16.8718810754,-16.8682623025,-16.8646433708,-16.8610242662,-16.8574049382,-16.8537852836,-16.850165264,-16.8465448315,-16.8429239044,-16.8393024443,-16.8356803793,-16.8320576276,-16.8284341675,-16.8248099104,-16.8211848249,-16.8175588102,-16.8139318134,-16.8103038204,-16.8066747356,-16.8030445379,-16.7994131852,-16.7957806403,-16.7921469316,-16.7885120242,-16.7848759987,-16.7812389399,-16.7776009435,-16.7739621529,-16.7703228136,-16.7666831148
-16.944338743,-16.9407109418,-16.9370834002,-16.9334562353,-16.9298296392,-16.9262036489,-16.9225783436,-16.9189537534,-16.9153298683,-16.9117066656,-16.9080841034,-16.9044621508,-16.9008407312,-16.8972198011,-16.8935992765,-16.8899791018,-16.8863592193,-16.8827395397,-16.8791200171,-16.8755005675,-16.871881145,-16.8682616533,-16.8646420729,-16.8610222933,-16.8574022712,-16.8537819486,-16.8501612561,-16.8465401094,-16.8429184794,-16.8392962748,-16.8356734448,-16.8320499147,-16.8284256005,-16.82480048,-16.8211744258,-16.8175474132,-16.8139193485,-16.8102901859,-16.8066598386,-16.8030282709,-16.7993954232,-16.7957612433,-16.792125728,-16.7884888871,-16.7848507316,-16.7812113627,-16.7775708671,-16.7739294748,-16.7702873416,-16.7666448289
-16.9443641198,-16.940734069,-16.9371043336,-16.9334751566,-16.9298466042,-16.9262188434,-16.9225919102,-16.9189658105,-16.9153405649,-16.9117160881,-16.9080923804,-16.9044693533,-16.9008469582,-16.8972251036,-16.8936037189,-16.8899827439,-16.8863620843,-16.8827416817,-16.8791214496,-16.875501325,-16.871881245,-16.8682611204,-16.8646408908,-16.8610205054,-16.8573998462,-16.8537788962,-16.850157552,-16.8465357865,-16.8429134819,-16.8392905994,-16.8356670377,-16.8320427652,-16.8284176755,-16.8247917105,-16.8211647783,-16.8175368037,-16.8139077236,-16.8102774293,-16.8066458837,-16.8030129765,-16.7993786541,-16.7957428639,-16.7921055514,-16.7884667331,-16.7848263996,-16.7811845994,-16.7775415295,-16.7738972958,-16.7702522233,-16.7666066018
-16.9443893905,-16.9407569367,-16.9371249246,-16.9334935366,-16.9298630079,-16.926233403,-16.9226048223,-16.918977242,-16.9153506227,-16.9117249597,-16.908100135,-16.9044760953,-16.9008527607,-16.8972300531,-16.893607866,-16.8899861289,-16.8863647688,-16.8827436842,-16.8791227975,-16.8755020696,-16.871881375,-16.8682606579,-16.8646398579,-16.8610188687,-16.8573976658,-16.8537761216,-16.8501542212,-16.8465318224,-16.842908927,-16.8392854049,-16.8356612048,-16.8320362231,-16.8284104252,-16.8247836564,-16.8211559159,-16.8175270417,-16.8138970037,-16.8102656519,-16.8066329297,-16.8029987449,-16.7993630001,-16.7957256319,-16.792086547,-16.7884457194,-16.7848031509,-16.7811588869,-16.7775130185,-16.7738657984,-16.7702174887,-16.7665685161
-16.9444145708,-16.9407795132,-16.9371449697,-16.9335112908,-16.9298786649,-16.9262472166,-16.9226169643,-16.918987919,-16.9153600164,-16.9117331596,-16.9081072874,-16.9044823169,-16.9008581052,-16.897234581,-16.893611673,-16.8899892434,-16.8863672167,-16.8827455292,-16.8791240742,-16.8755027621,-16.8718815104,-16.86826028,-16.8646389358,-16.8610174433,-16.8573957037,-16.8537736587,-16.8501511995,-16.8465282991,-16.842904832,-16.8392807303,-16.8356559328,-16.8320303403,-16.8284038486,-16.824776401,-16.8211478693,-16.8175182013,-16.8138872275,-16.810254917,-16.8066210977,-16.8029857005,-16.7993486053,-16.7957096758,-16.792068858,-16.7884260429,-16.7847812023,-16.7811343511,-16.7774855939,-16.7738350973,-16.770183281,-16.7665305828
-16.944439638,-16.9408016335,-16.9371643835,-16.9335282395,-16.9298934436,-16.9262600982,-16.9226282083,-16.9189977406,-16.9153685738,-16.9117406387,-16.9081137915,-16.9044879148,-16.9008629177,-16.8972386876,-16.893615093,-16.8899920338,-16.8863694534,-16.8827471942,-16.8791252046,-16.8755033996,-16.8718816725,-16.8682599479,-16.8646381529,-16.8610161908,-16.8573939912,-16.8537714812,-16.8501485641,-16.846525167,-16.8429012049,-16.8392766099,-16.8356512607,-16.8320251153,-16.8283980261,-16.8247699315,-16.8211407315,-16.8175102897,-16.8138785176,-16.8102452854,-16.8066104733,-16.802973946,-16.7993355638,-16.7956951769,-16.792052667,-16.7884079115,-16.7847608034,-16.7811112854,-16.7774594364,-16.7738054678,-16.7701497266,-16.7664928325
-16.944464484,-16.9408232096,-16.9371829274,-16.9335441578,-16.9299071097,-16.9262718647,-16.9226383824,-16.9190065501,-16.9153762279,-16.9117472636,-16.908119541,-16.9044928768,-16.9008671697,-16.8972422947,-16.893618103,-16.8899945084,-16.8863713938,-16.8827486713,-16.8791262267,-16.875503965,-16.8718818321,-16.8682596829,-16.8646374733,-16.8610151304,-16.8573925187,-16.8537695966,-16.8501462841,-16.8465224695,-16.8428980775,-16.8392730349,-16.8356472304,-16.8320205662,-16.8283929712,-16.8247643166,-16.8211344924,-16.8175034073,-16.8138709173,-16.810236861,-16.8066011463,-16.8029635941,-16.7993240202,-16.7956822975,-16.792038193,-16.7883915485,-16.7847421983,-16.7810900124,-16.7774349581,-16.7737771701,-16.7701170579,-16.7664553911
-16.9444890886,-16.9408439612,-16.9372003274,-16.933558731,-16.9299193933,-16.9262823128,-16.9226473134,-16.919014212,-16.9153828494,-16.9117529852,-16.9081244539,-16.9044971238,-16.9008708042,-16.8972453576,-16.8936206705,-16.8899966275,-16.8863730588,-16.8827499167,-16.8791270942,-16.8755044696,-16.8718819575,-16.8682594825,-16.8646369329,-16.8610142212,-16.8573912983,-16.8537680292,-16.8501443716,-16.8465202021,-16.84289545,-16.8392700204,-16.8356438208,-16.8320167608,-16.8283887016,-16.8247595791,-16.821129247,-16.8174975753,-16.8138644507,-16.8102297065,-16.8065932139,-16.8029547451,-16.7993141529,-16.7956711865,-16.7920256371,-16.7883772501,-16.7847257604,-16.7810709178,-16.7774125614,-16.773750683,-16.770085632,-16.7664183379
-16.9445132636,-16.9408635657,-16.9372161193,-16.9335715732,-16.9299299954,-16.9262911493,-16.9226547899,-16.9190206006,-16.9153883043,-16.9117576776,-16.9081285201,-16.9045005913,-16.9008737642,-16.8972478721,-16.89362277,-16.8899983183,-16.8863744258,-16.8827509513,-16.8791278042,-16.8755048771,-16.871882075,-16.8682593079,-16.8646364904,-16.8610135158,-16.8573903037,-16.8537667787,-16.8501428221,-16.8465183796,-16.842893335,-16.8392676004,-16.8356410904,-16.8320136712,-16.8283852712,-16.8247557421,-16.821124985,-16.8174928604,-16.8138592137,-16.8102239016,-16.8065867349,-16.8029475232,-16.7993060439,-16.7956620496,-16.7920152407,-16.7883653017,-16.7847118554,-16.7810545159,-16.7773928587,-16.7737266433,-16.7700559833,-16.7663818949
-16.9445367694,-16.94088136,-16.9372296637,-16.9335821422,-16.9299384738,-16.9262981399,-16.9226606239,-16.9190255326,-16.9153925138,-16.9117612992,-16.9081316029,-16.9045032483,-16.9008760313,-16.8972497796,-16.89362436,-16.8899996279,-16.8863754558,-16.8827517312,-16.8791283371,-16.8755052017,-16.87188217,-16.8682591975,-16.8646361604,-16.8610129783,-16.8573895542,-16.8537658313,-16.8501416717,-16.8465169975,-16.84289174,-16.8392657754,-16.8356390133,-16.8320113463,-16.8283826642,-16.8247528567,-16.8211217675,-16.8174892808,-16.8138552487,-16.8102194916,-16.8065818104,-16.8029420233,-16.799299847,-16.7956550207,-16.7920072068,-16.7883559888,-16.7847009056,-16.7810413625,-16.777376674,-16.7737060665,-16.7700290647,-16.7663464848
-16.9445590128,-16.9408961393,-16.9372399369,-16.9335898008,-16.929944481,-16.9263029742,-16.9226646404,-16.9190289046,-16.9153953808,-16.9117637417,-16.9081337025,-16.9045050429,-16.9008775442,-16.8972510671,-16.8936254325,-16.8900005029,-16.8863761508,-16.8827522562,-16.8791287187,-16.8755054021,-16.871882235,-16.8682591225,-16.8646359358,-16.8610126233,-16.8573890808,-16.8537651821,-16.8501408992,-16.8465160896,-16.842890675,-16.8392645554,-16.8356376284,-16.8320097888,-16.8283809242,-16.8247509071,-16.8211196004,-16.8174868929,-16.8138525742,-16.8102165171,-16.80657851,-16.8029382917,-16.7992956525,-16.7956502537,-16.7920017229,-16.7883496074,-16.7846933273,-16.7810321134,-16.7773649578,-16.7736904434,-16.7700067346,-16.76631292
-16.944579594,-16.9409053339,-16.9372456478,-16.9335938703,-16.9299475753,-16.9263054778,-16.9226666804,-16.9190306241,-16.9153968379,-16.9117649741,-16.908134755,-16.9045059333,-16.9008783187,-16.8972517216,-16.8936259725,-16.8900009454,-16.8863765008,-16.8827525212,-16.8791288942,-16.8755055096,-16.8718822796,-16.8682590754,-16.8646358379,-16.8610124483,-16.8573888238,-16.8537648838,-16.8501405046,-16.8465156321,-16.8428901425,-16.8392639429,-16.8356369334,-16.8320090088,-16.8283800492,-16.8247499225,-16.8211185275,-16.8174856784,-16.8138512438,-16.8102150271,-16.8065768234,-16.8029364288,-16.7992935401,-16.7956478367,-16.7919989409,-16.7883463555,-16.7846894264,-16.781027313,-16.7773587522,-16.7736817838,-16.7699928326,-16.7662818029
