"site_id","habitat","area","rubble","k","Reef","reef_siteid","long","lat","sitedepth","recom_connectivity","Acropora2026","Goniastrea2026","Acropora2034","Goniastrea2034","Total2026","Total2034"
"MR_BR_1","Back Reef",3750.298812,FALSE,33.29268293,"Moore","Moore_MR_BR_1",146.22554,-16.8459664,-15.87245163,183,21.9475244083092,10.228918683207,11.0800517072536,10.0522586323145,32.1764430915161,21.1323103395681
"MR_BR_10","Back Reef",15322.30831,FALSE,18.02547771,"Moore","Moore_MR_BR_10",146.2533233,-16.86917034,-10.64124225,93,12.3318676396418,5.04818637691711,8.21620335130515,5.06537969549751,17.3800540165589,13.2815830468027
"MR_BR_11","Back Reef",24071.7889,FALSE,21.90196078,"Moore","Moore_MR_BR_11",146.2123393,-16.86877807,-9.256153178,226,13.7185655473461,7.03217834230792,2.05748328718338,5.82901758959076,20.750743889654,7.88650087677414
"MR_BR_12","Back Reef",42204.8358,FALSE,29.94369369,"Moore","Moore_MR_BR_12",146.206856,-16.87221294,-11.50859414,234,16.4802602204837,10.1286668542968,2.7860263259558,8.60656653403531,26.6089270747805,11.3925928599911
"MR_BR_13","Back Reef",14068.43192,FALSE,28.5472973,"Moore","Moore_MR_BR_13",146.201838,-16.87465749,-13.40426712,248,18.7509753063024,8.81729520851467,8.69397344186005,8.76136608142418,27.568270514817,17.4553395232842
"MR_BR_14","Back Reef",5315.505419,FALSE,25.45454545,"Moore","Moore_MR_BR_14",146.228872,-16.87347633,-2.991803927,173,15.8295222510095,8.41137184915782,5.16395476561158,8.82339612110011,24.2408941001673,13.9873508867117
"MR_BR_15","Back Reef",16885.47789,FALSE,17.14285714,"Moore","Moore_MR_BR_15",146.2183034,-16.88052111,-5.554542859,203,10.7956136795549,5.47838122414039,2.54944907797656,5.03637775023786,16.2739949036953,7.58582682821442
"MR_BR_16","Back Reef",28138.77003,FALSE,29.60750853,"Moore","Moore_MR_BR_16",146.2005822,-16.87911346,-11.47119048,253,17.3956421617794,9.74912870855316,3.61189523498644,8.48006631864641,27.1447708703326,12.0919615536329
"MR_BR_17","Back Reef",17826.89108,FALSE,35,"Moore","Moore_MR_BR_17",146.2502644,-16.88015053,-17.4868074,95,23.6998399609485,10.1476683510835,21.091553566111,10.1827097121922,33.8475083120319,31.2742632783031
"MR_BR_18","Back Reef",44088.58466,FALSE,12.13186813,"Moore","Moore_MR_BR_18",146.2050557,-16.88356052,-6.84321621,241,7.41596732798701,3.44431414017656,1.22011394387715,3.09377057577515,10.8602814681636,4.3138845196523
"MR_BR_19","Back Reef",13761.83284,FALSE,34.4137931,"Moore","Moore_MR_BR_19",146.2459658,-16.88479623,-15.57653334,112,23.6670611597474,9.75243293924929,19.0801484186171,9.71353725096755,33.4194940989967,28.7936856695847
"MR_BR_2","Back Reef",43445.3954,FALSE,32.12765957,"Moore","Moore_MR_BR_2",146.2298773,-16.85044269,-12.52336259,167,16.4495001493172,11.0591955577989,8.30250215207322,10.8749222726733,27.5086957071161,19.1774244247465
"MR_BR_20","Back Reef",34082.59287,FALSE,29.43089431,"Moore","Moore_MR_BR_20",146.1991457,-16.8855565,-9.593226201,252,15.2361805136978,10.0499723234684,3.17845349155343,8.72855879334143,25.2861528371662,11.9070122848949
"MR_BR_21","Back Reef",36587.42184,FALSE,27.15736041,"Moore","Moore_MR_BR_21",146.2132443,-16.88592328,-4.328980862,217,12.8206227093916,9.3434016576221,2.23085350728609,8.20355587778875,22.1640243670137,10.4344093850748
"MR_BR_22","Back Reef",11255.5813,FALSE,33.47826087,"Moore","Moore_MR_BR_22",146.1828645,-16.8858653,-16.21997962,293,20.0988192625936,11.1233412000195,5.65975774740318,10.1544944360442,31.2221604626131,15.8142521834473
"MR_BR_23","Back Reef",8131.859251,FALSE,34.82758621,"Moore","Moore_MR_BR_23",146.2396744,-16.88607595,-13.41344578,136,24.1636049321874,9.78289265791964,19.5188076971009,9.8818985128181,33.946497590107,29.400706209919
"MR_BR_24","Back Reef",25014.75405,FALSE,30.50909091,"Moore","Moore_MR_BR_24",146.194001,-16.88742144,-14.67980082,274,17.2466160186327,10.0254235863835,4.17732283270608,8.95230122810334,27.2720396050162,13.1296240608094
"MR_BR_25","Back Reef",19702.70671,FALSE,28.12807882,"Moore","Moore_MR_BR_25",146.2184796,-16.8894145,-8.597859294,202,18.2775352507904,8.6586090510671,6.15548163143864,8.10459049071189,26.9361443018575,14.2600721221505
"MR_BR_26","Back Reef",17202.40639,FALSE,34.21787709,"Moore","Moore_MR_BR_26",146.2343606,-16.88933915,-15.10987576,151,23.4055531469513,9.75955941191445,19.7448793747637,9.7532186481713,33.1651125588658,29.498098022935
"MR_BR_27","Back Reef",22202.24619,FALSE,29.11016949,"Moore","Moore_MR_BR_27",146.2041823,-16.88816865,-11.68105404,240,16.888357736893,9.5649906699532,3.40084883290101,8.27467594897983,26.4533484068462,11.6755247818808
"MR_BR_28","Back Reef",14073.79374,FALSE,22.56666667,"Moore","Moore_MR_BR_28",146.2272906,-16.88807501,-6.930654424,171,15.0833555701527,6.65954593570095,5.30367748243039,6.38206002657228,21.7429015058536,11.6857375090027
"MR_BR_29","Back Reef",26581.86413,TRUE,27.3951049,"Moore","Moore_MR_BR_29",146.2106021,-16.8896718,-10.89238256,225,17.1764313616037,8.83363361306522,4.27329214268243,7.93748606088056,26.0100649746689,12.210778203563
"MR_BR_3","Back Reef",1562.979148,FALSE,35,"Moore","Moore_MR_BR_3",146.2437854,-16.85285457,-15.85040003,126,24.4962508110634,10.0398174360763,22.4194976409358,10.4706645707086,34.5360682471397,32.8901622116444
"MR_BR_30","Back Reef",43776.06883,FALSE,33.83870968,"Moore","Moore_MR_BR_30",146.1888663,-16.889604,-10.16399288,282,14.0959297751012,10.9165303307632,0.517082811086887,7.01474889885231,25.0124601058644,7.5318317099392
"MR_BR_31","Back Reef",34394.76355,FALSE,32.22379603,"Moore","Moore_MR_BR_31",146.1846668,-16.88987735,-15.19163726,288,16.2844378038896,11.1398336350817,1.46603847987237,8.71200850188275,27.4242714389713,10.1780469817551
"MR_BR_32","Back Reef",21267.6258,TRUE,33.58447489,"Moore","Moore_MR_BR_32",146.2242232,-16.89073025,-13.1487097,186,22.3467324427864,9.93641597234213,11.4541099938846,9.53745779369471,32.2831484151285,20.9915677875793
"MR_BR_33","Back Reef",10319.70851,FALSE,33.72727273,"Moore","Moore_MR_BR_33",146.1981375,-16.89237181,-14.16985849,259,21.7722911989191,10.7103603149904,2.80845066108838,8.57757101527098,32.4826515139095,11.3860216763594
"MR_BR_34","Back Reef",18450.54302,TRUE,28.10880829,"Moore","Moore_MR_BR_34",146.1930907,-16.89468367,-13.73919993,272,18.2551852855187,8.80266791522162,3.28790735676931,7.68374704674839,27.0578532007403,10.9716544035177
"MR_BR_35","Back Reef",6880.984633,FALSE,35,"Moore","Moore_MR_BR_35",146.2130317,-16.89716786,-14.39929855,215,25.2756284263961,10.1439714998769,14.4093882451296,10.3954228315526,35.419599926273,24.8048110766822
"MR_BR_4","Back Reef",15942.24879,FALSE,38.91566265,"Moore","Moore_MR_BR_4",146.2355136,-16.85529046,-6.352375778,153,24.694799197416,12.2669563033992,10.2241800905882,12.105991038817,36.9617555008152,22.3301711294051
"MR_BR_5","Back Reef",26882.12641,FALSE,33.41726619,"Moore","Moore_MR_BR_5",146.2241524,-16.85741216,-16.54293504,188,21.0096280222488,10.3944308796469,12.5629125111147,10.1348268352129,31.4040589018957,22.6977393463276
"MR_BR_6","Back Reef",9066.156189,FALSE,35,"Moore","Moore_MR_BR_6",146.2475837,-16.85721025,-15.94294441,110,23.27977339682,10.3180612636213,15.6105050623871,10.0904264208751,33.5978346604413,25.7009314832622
"MR_BR_7","Back Reef",14692.20149,TRUE,34.77707006,"Moore","Moore_MR_BR_7",146.2266452,-16.85976539,-15.35808105,174,20.6271192586907,11.2378180365121,7.96775302467198,10.5386539391307,31.8649372952027,18.5064069638027
"MR_BR_8","Back Reef",24069.36209,FALSE,32.93307087,"Moore","Moore_MR_BR_8",146.2171691,-16.86109128,-16.36568711,210,19.28971601596,10.7578459419516,5.39913150282048,9.72287455300774,30.0475619579116,15.1220060558282
"MR_BR_9","Back Reef",18756.29161,FALSE,34.06735751,"Moore","Moore_MR_BR_9",146.2158534,-16.86453748,-15.54820947,209,21.614266474456,10.518593901733,8.94574679471725,9.92282283409444,32.1328603761889,18.8685696288117
"MR_C_1","Crest",129437.4809,FALSE,40.89574156,"Moore","Moore_MR_C_1",146.2484994,-16.8615807,-1.286151538,109,12.6086321756608,14.6448439671586,2.27903397188401,12.725627742129,27.2534761428194,15.0046617140131
"MR_C_2","Crest",76901.33963,FALSE,26.33540373,"Moore","Moore_MR_C_2",146.2426521,-16.85538011,-1.34201823,125,10.9416953247709,8.91492027632725,2.64427696116238,8.1271448962331,19.8566156010982,10.7714218573955
"MR_C_3","Crest",111941.7871,FALSE,40.10195412,"Moore","Moore_MR_C_3",146.2514768,-16.86725463,-1.347429341,97,11.8560327298108,14.1188982290321,2.77729536552919,12.6790514876276,25.9749309588429,15.4563468531568
"MR_C_4","Crest",78184.30865,FALSE,15.4601227,"Moore","Moore_MR_C_4",146.2475158,-16.87824915,-1.307801536,106,8.23450011072149,4.95777727412665,4.0097113801691,5.09445284831537,13.1922773848481,9.10416422848447
"MR_C_5","Crest",98454.09478,FALSE,17.82945736,"Moore","Moore_MR_C_5",146.234004,-16.84819079,-1.593583592,155,4.748637322515,4.82464847769333,0.356590860701485,3.94291986507745,9.57328580020833,4.29951072577894
"MR_C_6","Crest",52201.22612,FALSE,32.78388278,"Moore","Moore_MR_C_6",146.2396488,-16.85175096,-1.369979008,140,9.3281017018217,10.5851868808472,0.658553183533993,7.7963752084794,19.9132885826689,8.45492839201339
"MR_C_7","Crest",62855.21238,FALSE,24.65960666,"Moore","Moore_MR_C_7",146.2502269,-16.87260461,-1.216610758,96,12.0734839636199,8.24358251984572,3.85976173248442,7.80428656482707,20.3170664834656,11.6640482973115
"MR_IF_1","Inner Flat",256443.5871,FALSE,50.4095309,"Moore","Moore_MR_IF_1",146.2403208,-16.88059952,-1.949642524,137,15.6011426008979,18.0097393182807,5.36789555949074,17.4542439570301,33.6108819191787,22.8221395165208
"MR_IF_10","Inner Flat",150688.4982,FALSE,29.13782253,"Moore","Moore_MR_IF_10",146.2417605,-16.86035901,-2.326403855,131,8.51880402470697,9.08537804076087,2.50907901269484,8.88225809124959,17.6041820654678,11.3913371039444
"MR_IF_11","Inner Flat",262698.211,FALSE,20.86956522,"Moore","Moore_MR_IF_11",146.2362896,-16.88201782,-2.252634082,145,7.85341982781859,6.83384021144001,1.88076438997049,6.32267405796907,14.6872600392586,8.20343844793956
"MR_IF_12","Inner Flat",241421.7637,FALSE,58.63153755,"Moore","Moore_MR_IF_12",146.2437142,-16.87681773,-1.791187994,121,13.9972359478818,21.2145737631291,4.81205286006794,20.1956996973508,35.2118097110109,25.0077525574188
"MR_IF_13","Inner Flat",138216.3145,FALSE,3.630136986,"Moore","Moore_MR_IF_13",146.2392793,-16.8753947,-2.643233281,138,2.74959044155153,0.57436659949576,1.07291247761514,0.861603459091836,3.32395704104729,1.93451593670698
"MR_IF_14","Inner Flat",220135.9424,FALSE,76.93304536,"Moore","Moore_MR_IF_14",146.2485441,-16.86953719,-1.266834855,108,14.4524998445441,28.1368711061231,4.64469495364193,26.5574406363655,42.5893709506671,31.2021355900074
"MR_IF_15","Inner Flat",159430.2008,FALSE,70.66586683,"Moore","Moore_MR_IF_15",146.2395789,-16.85669645,-2.034231594,139,15.0929832435216,25.4069762857614,1.88638614931063,21.127928357933,40.499959529283,23.0143145072436
"MR_IF_16","Inner Flat",72548.33457,FALSE,33.33333333,"Moore","Moore_MR_IF_16",146.2155954,-16.88419693,-2.792825788,207,9.6377897554958,11.2070048025987,0.659567674571187,8.14819246694034,20.8447945580945,8.80776014151152
"MR_IF_17","Inner Flat",198555.6225,FALSE,36.43744031,"Moore","Moore_MR_IF_17",146.2438957,-16.86985701,-2.226645452,123,12.4476940826868,12.7053614169711,3.73145552488812,12.1213813289628,25.1530554996578,15.852836853851
"MR_IF_18","Inner Flat",59389.59367,FALSE,82.53205128,"Moore","Moore_MR_IF_18",146.2349922,-16.85239543,-1.919359532,154,17.595115305691,29.6764721148176,2.59019950251924,25.1903565167542,47.2715874205086,27.7805560192734
"MR_IF_2","Inner Flat",41589.20285,FALSE,33.40909091,"Moore","Moore_MR_IF_2",146.2189795,-16.88155388,-2.955901448,203,14.3521425709469,11.4588036920201,1.45529225109983,9.20464847394745,25.810946262967,10.6599407250473
"MR_IF_3","Inner Flat",330242.7586,FALSE,21.59976899,"Moore","Moore_MR_IF_3",146.2239428,-16.88528374,-2.441996673,187,4.86013746813666,6.52857118696827,0.860462520451114,5.55731249786533,11.3887086551049,6.41777501831645
"MR_IF_4","Inner Flat",268927.5518,FALSE,41.95381883,"Moore","Moore_MR_IF_4",146.2441804,-16.8736191,-1.885407724,122,13.5718091962449,15.0456865648122,4.46040883218883,14.4594449843302,28.6174957610571,18.9198538165191
"MR_IF_5","Inner Flat",136973.5461,FALSE,9.116022099,"Moore","Moore_MR_IF_5",146.2275818,-16.8830555,-2.593947755,172,4.40324084224726,1.97430194835432,1.22440683061257,2.3271657264892,6.37754279060158,3.55157255710177
"MR_IF_6","Inner Flat",403026.1306,FALSE,39.50850662,"Moore","Moore_MR_IF_6",146.2457089,-16.86537545,-2.015585686,113,13.5551793263012,14.1814577108557,4.237041818822,13.5516134084486,27.7366370371569,17.7886552272706
"MR_IF_7","Inner Flat",48152.53215,FALSE,19.92110454,"Moore","Moore_MR_IF_7",146.2281848,-16.87410016,-2.955536227,173,10.1733889481762,6.63648291666027,1.72095016779087,5.96202551406063,16.8098718648364,7.6829756818515
"MR_IF_8","Inner Flat",231741.1655,FALSE,30.21730217,"Moore","Moore_MR_IF_8",146.2313888,-16.88474366,-2.326338215,159,8.82168081748287,10.2691060399952,2.68877169322607,9.66322034376588,19.090786857478,12.3519920369919
"MR_IF_9","Inner Flat",136313.5944,FALSE,70.62107467,"Moore","Moore_MR_IF_9",146.2453687,-16.86174037,-1.702034603,114,15.8084904037784,26.0634582261591,5.51396426404958,24.934058284287,41.8719486299375,30.4480225483366
"MR_OF_1","Outer Flat",124458.6697,FALSE,56.81470138,"Moore","Moore_MR_OF_1",146.1949797,-16.89195171,-1.998726981,266,11.4694464196877,13.8593237459206,0.812951508388876,8.77655519495999,25.3287701656082,9.58950670334886
"MR_OF_10","Outer Flat",111959.4877,FALSE,63.79018613,"Moore","Moore_MR_OF_10",146.2180876,-16.88853736,-2.334789804,202,18.4227465247102,22.0924988260044,1.78999798662253,16.8410141111023,40.5152453507146,18.6310120977248
"MR_OF_11","Outer Flat",22512.65186,FALSE,38.8185654,"Moore","Moore_MR_OF_11",146.250144,-16.86568145,-0.933401746,98,20.2873624527832,12.8003306374127,9.2669499933937,12.7129685427297,33.0876930901959,21.9799185361234
"MR_OF_12","Outer Flat",24079.84155,FALSE,73.41269841,"Moore","Moore_MR_OF_12",146.2124566,-16.8885149,-2.092859505,225,35.0030095276168,25.4102341115566,2.91241813441544,17.2179978788169,60.4132436391735,20.1304160132324
"MR_OF_2","Outer Flat",167229.8513,FALSE,61.76136364,"Moore","Moore_MR_OF_2",146.2371938,-16.85205431,-1.591397849,146,7.14526521242643,21.093815482805,1.4927271686105,18.3746296537567,28.2390806952315,19.8673568223672
"MR_OF_3","Outer Flat",124114.0332,FALSE,59.32721713,"Moore","Moore_MR_OF_3",146.2445151,-16.85901131,-1.228145985,124,15.8533608193641,21.127031695373,1.85984466924161,17.1501098557881,36.9803925147371,19.0099545250297
"MR_OF_4","Outer Flat",74701.63198,FALSE,55.65438374,"Moore","Moore_MR_OF_4",146.2334724,-16.84959832,-1.670757737,155,7.79328017782113,16.8263344246092,0.740539866266169,12.5901996551015,24.6196146024303,13.3307395213677
"MR_OF_5","Outer Flat",80338.79891,FALSE,60.68476978,"Moore","Moore_MR_OF_5",146.2407931,-16.85514723,-1.099037268,132,15.0064876499645,21.4024452822787,1.46981656044199,17.2401444648749,36.4089329322431,18.7099610253169
"MR_OF_6","Outer Flat",41584.86462,FALSE,80.86560364,"Moore","Moore_MR_OF_6",146.1989976,-16.88254849,-2.392093745,260,24.538948225535,24.477004693142,1.58246950415328,12.5532429928805,49.015952918677,14.1357124970338
"MR_OF_7","Outer Flat",38441.34677,FALSE,29.38271605,"Moore","Moore_MR_OF_7",146.228136,-16.84624249,-2.318244789,175,9.14301707703168,8.85420331994417,0.470305672076409,6.37587452896319,17.9972203969759,6.84618020103959
"MR_OF_8","Outer Flat",136971.8953,FALSE,48.92136395,"Moore","Moore_MR_OF_8",146.2483515,-16.87492296,-0.872552958,107,16.8062204985982,17.3887025930664,5.78212207098632,16.8388461407025,34.1949230916646,22.6209682116889
"MR_OF_9","Outer Flat",140734.5459,FALSE,51.68918919,"Moore","Moore_MR_OF_9",146.243478,-16.88086303,-1.409356634,120,17.0547298227963,17.9656602866804,1.01168548382304,12.7648437727704,35.0203901094767,13.7765292565935
"MR_P_1","Patch",8442.519871,FALSE,37.77777778,"Moore","Moore_MR_P_1",146.1937393,-16.8877978,-2.427252878,274,21.5115929270087,12.8023569272012,3.21958737112788,6.54076215253057,34.3139498542098,9.76034952365845
"MR_SS_1","Sheltered Slope",84730.00465,FALSE,30.51801802,"Moore","Moore_MR_SS_1",146.1993157,-16.88029454,-9.59519053,253,13.2897365639636,10.0164402531203,0.563467012380989,6.47481436837373,23.3061768170839,7.03828138075471
"MR_SS_10","Sheltered Slope",129136.2025,FALSE,12.02064897,"Moore","Moore_MR_SS_10",146.2053915,-16.88220274,-8.139518116,241,5.85463050160859,3.03162778455377,0.427882853996975,2.46763704579125,8.88625828616236,2.89551989978823
"MR_SS_11","Sheltered Slope",66291.90312,FALSE,28.09352518,"Moore","Moore_MR_SS_11",146.1964441,-16.88904714,-11.63559099,267,12.3291963825225,9.61363782729728,0.82757762901656,7.0048060366055,21.9428342098198,7.83238366562206
"MR_SS_12","Sheltered Slope",118510.1966,FALSE,17.42629482,"Moore","Moore_MR_SS_12",146.2022847,-16.88584406,-4.592759287,246,7.25057493390625,4.58275891495752,0.397216960463048,3.44154566427777,11.8333338488638,3.83876262474082
"MR_SS_13","Sheltered Slope",71294.1185,FALSE,5.570291777,"Moore","Moore_MR_SS_13",146.2173496,-16.88076203,-6.093052113,208,4.11485763869482,1.16197502102691,0.934543256844935,1.27898290302953,5.27683265972173,2.21352615987447
"MR_SS_14","Sheltered Slope",89434.7274,FALSE,11.70770878,"Moore","Moore_MR_SS_14",146.2094391,-16.88649825,-5.776530723,231,6.88354241507954,3.16834097718977,0.611001831748707,2.58549291352726,10.0518833922693,3.19649474527596
"MR_SS_15","Sheltered Slope",1563.346587,FALSE,0,"Moore","Moore_MR_SS_15",146.2203864,-16.87510119,-5.052933311,195,NA,NA,NA,NA,NA,NA
"MR_SS_16","Sheltered Slope",1250.994313,FALSE,0,"Moore","Moore_MR_SS_16",146.2290889,-16.88697837,-5.528000037,166,NA,NA,NA,NA,NA,NA
"MR_SS_2","Sheltered Slope",138779.0851,FALSE,36.85082873,"Moore","Moore_MR_SS_2",146.2315512,-16.85148886,-10.82455765,160,12.588192449043,13.2699950495014,3.43498932445803,12.1024648489648,25.8581874985444,15.5374541734228
"MR_SS_3","Sheltered Slope",169155.7007,FALSE,31.88801351,"Moore","Moore_MR_SS_3",146.1968038,-16.88411579,-9.377827971,260,9.07192774979927,10.8556112347122,1.01886075541939,8.49559073962297,19.9275389845115,9.51445149504236
"MR_SS_4","Sheltered Slope",207000.5305,FALSE,26.10254083,"Moore","Moore_MR_SS_4",146.1925031,-16.8889433,-10.51272056,273,5.81031778102234,7.98373102379926,0.244659729858901,4.84231262965938,13.7940488048216,5.08697235951828
"MR_SS_5","Sheltered Slope",17826.20736,FALSE,19.47368421,"Moore","Moore_MR_SS_5",146.2218592,-16.88803392,-4.837857137,194,11.1258314848256,6.69275599083212,2.92460006901385,6.40379985268913,17.8185874756577,9.32839992170298
"MR_SS_6","Sheltered Slope",99760.31087,FALSE,20.43396226,"Moore","Moore_MR_SS_6",146.21445,-16.88837404,-6.61261407,216,10.6225280822027,6.79602625118796,1.5412534058346,5.64794687539522,17.4185543333907,7.18920028122982
"MR_SS_7","Sheltered Slope",118473.3607,TRUE,29.39888535,"Moore","Moore_MR_SS_7",146.2259838,-16.85897815,-13.97404325,182,11.5086773572976,10.4485417442061,4.88728972064308,10.1353645225028,21.9572191015037,15.0226542431458
"MR_SS_8","Sheltered Slope",67208.72848,FALSE,28.83571429,"Moore","Moore_MR_SS_8",146.2349082,-16.85656845,-10.13279704,153,17.0669693788761,9.1265581260253,7.40478582213305,8.83929974660034,26.1935275049014,16.2440855687334
"MR_SS_9","Sheltered Slope",72858.52482,FALSE,25.81913499,"Moore","Moore_MR_SS_9",146.2132218,-16.88300335,-5.00794854,218,11.1829903765954,8.72037582789608,1.20033153003291,6.91296865711135,19.9033662044915,8.11330018714426
"MR_S_1","Slope",294929.0076,FALSE,30.4151915,"Moore","Moore_MR_S_1",146.2494489,-16.88112834,-13.54771411,105,13.4631441369688,10.7663522962955,7.48756047715009,10.7843578650145,24.2294964332643,18.2719183421646
"MR_S_10","Slope",177618.6489,FALSE,31.98927614,"Moore","Moore_MR_S_10",146.1913613,-16.89299962,-10.77124676,277,8.26997107019062,10.1386102234668,0.496804813181975,7.08490026486267,18.4085812936574,7.58170507804464
"MR_S_11","Slope",200807.7374,FALSE,35,"Moore","Moore_MR_S_11",146.2419786,-16.8891928,-17.10934968,130,16.8224762206212,12.103721722305,12.0845307622051,12.5114726055458,28.9261979429262,24.5960033677509
"MR_S_12","Slope",149383.8984,FALSE,24.59502551,"Moore","Moore_MR_S_12",146.220413,-16.84661068,-9.564554024,196,6.40209629445894,8.34043318636641,2.09895910303859,7.83987506744762,14.7425294808253,9.93883417048621
"MR_S_13","Slope",377210.6097,FALSE,35,"Moore","Moore_MR_S_13",146.2245985,-16.89420671,-16.18117337,181,14.7486785822895,12.5263001701884,8.21639135018944,12.4320617695659,27.274978752478,20.6484531197554
"MR_S_14","Slope",113449.3534,FALSE,28.26781327,"Moore","Moore_MR_S_14",146.2290243,-16.8461855,-8.100813208,168,6.90629044862938,9.73045254976111,2.17968354693733,9.06565982079401,16.6367429983905,11.2453433677313
"MR_S_15","Slope",251972.1521,TRUE,19.68939394,"Moore","Moore_MR_S_15",146.2127246,-16.86862098,-9.98068329,226,6.78462319078954,6.34418677503199,1.63102306408584,5.71349154004662,13.1288099658215,7.34451460413246
"MR_S_16","Slope",107863.5588,TRUE,24.85436893,"Moore","Moore_MR_S_16",146.1843711,-16.88399125,-13.88289885,289,9.79135651231598,7.8711652829917,0.455549454632026,5.60547098742872,17.6625217953077,6.06102044206075
"MR_S_17","Slope",76292.46321,FALSE,31.11662531,"Moore","Moore_MR_S_17",146.1888957,-16.88728961,-10.30916527,283,9.5730788666722,10.715347564308,0.367586460501332,5.20092691288204,20.2884264309802,5.56851337338337
"MR_S_18","Slope",197686.771,FALSE,35,"Moore","Moore_MR_S_18",146.2356317,-16.89352107,-17.76331675,150,17.2842770649836,12.0990137405449,11.7040457600083,12.3242392797996,29.3832908055285,24.0282850398079
"MR_S_19","Slope",86911.49757,FALSE,24.80306346,"Moore","Moore_MR_S_19",146.2475943,-16.85819306,-11.93954548,110,10.4644896684366,8.73039747531135,5.41039329676628,8.61090896702279,19.194887143748,14.0213022637891
"MR_S_2","Slope",126667.2345,FALSE,24.77050414,"Moore","Moore_MR_S_2",146.2390917,-16.88529861,-8.737983349,136,13.043737524466,8.27983302647215,7.42230310336804,8.15303621284026,21.3235705509381,15.5753393162083
"MR_S_20","Slope",169475.8539,FALSE,28.38736724,"Moore","Moore_MR_S_20",146.1858099,-16.890679,-10.64458749,284,6.76695146175265,9.6173007586528,0.254709001304507,2.35441263902415,16.3842522204055,2.60912164032866
"MR_S_21","Slope",78185.52213,FALSE,35.48170732,"Moore","Moore_MR_S_21",146.2156933,-16.89054735,-10.66047654,206,17.7384334258963,12.1786378502243,4.71678381519732,10.9566597379186,29.9170712761206,15.6734435531159
"MR_S_22","Slope",260229.2244,FALSE,35,"Moore","Moore_MR_S_22",146.2191171,-16.89564533,-15.76153461,201,16.6306442015122,12.2096542756409,8.0987599393513,11.8038652175134,28.8402984771532,19.9026251568647
"MR_S_23","Slope",106927.8691,FALSE,15.3113879,"Moore","Moore_MR_S_23",146.2013882,-16.87912445,-8.452129816,247,7.82133305704856,4.36307506897789,0.362277444504293,2.73108915412565,12.1844081260264,3.09336659862994
"MR_S_24","Slope",112890.4843,FALSE,30.7257384,"Moore","Moore_MR_S_24",146.1973956,-16.89218092,-10.15583748,259,10.6963378348721,10.3956297325554,0.444149380588891,5.65643244663827,21.0919675674275,6.10058182722717
"MR_S_25","Slope",233320.8887,FALSE,31.74698795,"Moore","Moore_MR_S_25",146.2292641,-16.88956601,-12.38753252,165,13.2425957234927,11.291998953788,7.82673649549646,11.3387383591574,24.5345946772806,19.1654748546538
"MR_S_26","Slope",147905.0527,FALSE,23.0941704,"Moore","Moore_MR_S_26",146.2536629,-16.86819857,-10.07877892,93,9.46535448755555,8.05292342357959,7.38646282246672,8.40745530036352,17.5182779111351,15.7939181228302
"MR_S_27","Slope",58788.91377,FALSE,23.48039216,"Moore","Moore_MR_S_27",146.2039274,-16.88812596,-11.28899327,240,11.3744966032972,7.9327510824516,3.46447627894286,7.2872970302845,19.3072476857488,10.7517733092274
"MR_S_28","Slope",149181.3514,FALSE,31.2188896,"Moore","Moore_MR_S_28",146.2227508,-16.88935798,-10.89897727,186,14.7277131012923,10.8075735942518,5.60522529248369,10.1415818101338,25.5352866955442,15.7468071026175
"MR_S_29","Slope",120039.9253,FALSE,21.49606299,"Moore","Moore_MR_S_29",146.2436449,-16.8544404,-11.42452762,125,10.4603375540308,7.25350386444786,5.82922113541849,7.23627247438714,17.7138414184787,13.0654936098056
"MR_S_3","Slope",282427.3982,FALSE,30.20868394,"Moore","Moore_MR_S_3",146.235801,-16.88781142,-12.50195414,152,11.8090007170142,10.7937514102297,7.37943782342429,11.025114186991,22.6027521272439,18.4045520104153
"MR_S_30","Slope",47540.95888,TRUE,33.71428571,"Moore","Moore_MR_S_30",146.2122097,-16.89697791,-15.32214371,224,21.4661346769827,10.4692484430498,9.9273094595394,9.89014531208581,31.9353831200325,19.8174547716252
"MR_S_31","Slope",358457.5876,FALSE,35,"Moore","Moore_MR_S_31",146.2314721,-16.89400466,-16.39577161,158,14.1700820442911,12.5244404632701,9.31584792372096,12.9109396987949,26.6945225075612,22.2267876225159
"MR_S_32","Slope",54074.51778,FALSE,14.1943958,"Moore","Moore_MR_S_32",146.1790075,-16.87106756,-10.0673968,297,9.79549360422876,2.08156812620674,1.37792418062798,2.4872369778882,11.8770617304355,3.86516115851618
"MR_S_33","Slope",104429.1099,FALSE,24.93618961,"Moore","Moore_MR_S_33",146.2511397,-16.86273472,-11.98879789,99,11.8147858689594,8.4391750691797,8.54211597276998,8.73479238008205,20.2539609381391,17.276908352852
"MR_S_34","Slope",99761.2234,FALSE,30.71085495,"Moore","Moore_MR_S_34",146.2107694,-16.8902351,-11.98782063,225,15.1606105237251,10.5701833706882,4.37788634081615,9.61682403833697,25.7307938944132,13.9947103791531
"MR_S_35","Slope",41569.63902,FALSE,17.73348519,"Moore","Moore_MR_S_35",146.2354222,-16.84787229,-6.15389809,155,7.17927112422054,6.16005571333322,0.802426679005021,5.15911963333123,13.3393268375538,5.96154631233625
"MR_S_36","Slope",43760.81061,FALSE,18.91447368,"Moore","Moore_MR_S_36",146.2400006,-16.85068587,-8.412495464,141,9.1687645737597,6.294350200734,2.45654278130806,5.76620803779845,15.4631147744937,8.22275081910651
"MR_S_37","Slope",119424.8584,FALSE,31.86900958,"Moore","Moore_MR_S_37",146.2036289,-16.87376851,-11.35263797,242,13.4134843744477,11.1192033484293,0.866574767572361,8.01803477456739,24.5326877228771,8.88460954213975
"MR_S_38","Slope",27190.38223,TRUE,34.63793103,"Moore","Moore_MR_S_38",146.2148327,-16.85134809,-16.59299117,219,18.6320885632719,11.9334233371456,6.16719956663938,10.9968064045602,30.5655119004175,17.1640059711996
"MR_S_39","Slope",625.2096517,FALSE,35,"Moore","Moore_MR_S_39",146.1673885,-16.8819395,-19.29833349,305,29.5200042350392,12.9482727937886,19.3600356551018,15.4773022568501,42.4682770288278,34.8373379119519
"MR_S_4","Slope",130362.7518,TRUE,27.54392387,"Moore","Moore_MR_S_4",146.2075251,-16.87047863,-11.27859625,234,11.5209861084664,9.17595212711715,1.06011376846276,7.23034572038192,20.6969382355836,8.29045948884468
"MR_S_5","Slope",79127.37978,FALSE,24.12154031,"Moore","Moore_MR_S_5",146.2434115,-16.88334675,-6.694912985,119,13.7557622888469,7.72384953374771,2.83406760779661,6.66116022394368,21.4796118225946,9.49522783174029
"MR_S_6","Slope",130026.6982,FALSE,30.8008817,"Moore","Moore_MR_S_6",146.2241561,-16.85387976,-14.39418115,189,12.2473182648418,11.0170280561164,4.80991297435467,10.5524617981864,23.2643463209582,15.362374772541
"MR_S_7","Slope",232981.6339,FALSE,19.88182559,"Moore","Moore_MR_S_7",146.2519936,-16.8747214,-10.49225118,92,9.35340322708944,6.73159585281714,4.44020230391948,6.60057695446321,16.0849990799066,11.0407792583827
"MR_S_8","Slope",122921.5272,FALSE,35,"Moore","Moore_MR_S_8",146.2484507,-16.88551663,-18.27993309,104,17.6379426098477,12.0618717577215,14.8394893188141,12.6241211310066,29.6998143675692,27.4636104498207
"MR_S_9","Slope",137544.4402,FALSE,28.73527374,"Moore","Moore_MR_S_9",146.2160457,-16.86373892,-12.24283613,209,10.3448875504825,10.1657183939408,4.21847365808605,9.73023005298192,20.5106059444233,13.948703711068
"MR_BR_1","Back Reef",8743.674497,FALSE,37.5,"Milln","Milln_MR_BR_1",146.2745572,-16.78123329,-6.915755788,54,12.0564046864404,13.4535676663638,1.16528520940167,10.5046477223172,25.5099723528042,11.6699329317189
"MR_BR_2","Back Reef",7807.61937,FALSE,33.88235294,"Milln","Milln_MR_BR_2",146.2837791,-16.78374893,-10.573961,36,17.8217235690926,11.3515816335687,4.13715935777789,10.3087407860686,29.1733052026612,14.4459001438465
"MR_BR_3","Back Reef",10930.32928,FALSE,63.79310345,"Milln","Milln_MR_BR_3",146.2707105,-16.78655588,-2.014225223,64,6.60870564773285,22.3159178491644,0.410642371766011,15.1838350604409,28.9246234968972,15.5944774322069
"MR_BR_4","Back Reef",12492.82563,FALSE,27.13178295,"Milln","Milln_MR_BR_4",146.2645246,-16.79355669,-5.295842539,76,11.3706048695653,9.42181595277281,0.705512085843855,7.54249713583852,20.7924208223381,8.24800922168238
"MR_BR_5","Back Reef",29047.3361,FALSE,49.23701299,"Milln","Milln_MR_BR_5",146.2738787,-16.7933144,-9.214506894,56,28.3385340121254,15.9550612638775,6.43045032446237,15.0616182704024,44.2935952760029,21.4920685948648
"MR_C_1","Crest",134911.2921,FALSE,21.8220339,"Milln","Milln_MR_C_1",146.2793316,-16.78341766,-1.316991785,43,2.54057543521812,7.22061454389395,0.058481419333734,5.18500528962558,9.76118997911206,5.24348670895931
"MR_C_2","Crest",90572.83055,FALSE,33.61256545,"Milln","Milln_MR_C_2",146.2757498,-16.78947863,-1.175351648,53,8.38793679330242,11.9909663237941,0.387069629633079,9.48836889653612,20.3789031170965,9.87543852616919
"MR_C_3","Crest",48411.07757,FALSE,39.92172211,"Milln","Milln_MR_C_3",146.2704982,-16.79311504,-1.329648646,62,14.9370847252991,14.6679893710131,0.546215268875047,12.2032903584449,29.6050740963122,12.74950562732
"MR_C_4","Crest",87456.35003,FALSE,33.40587595,"Milln","Milln_MR_C_4",146.2667083,-16.79720475,-1.410452979,71,7.52210790588969,11.8539687936356,0.273794429626002,8.77212462941062,19.3760766995253,9.04591905903663
"MR_IF_1","Inner Flat",83696.03227,FALSE,90.93997735,"Milln","Milln_MR_IF_1",146.2741135,-16.78601187,-1.554888222,57,3.54513496311715,32.1760827106582,0.0820396373749598,21.9026331036843,35.7212176737754,21.9846727410593
"MR_IF_2","Inner Flat",158342.4912,FALSE,74.14311485,"Milln","Milln_MR_IF_2",146.2679168,-16.79084037,-1.456270546,68,2.22652091908267,25.5449234421799,0.0330458856320288,16.0911985187807,27.7714443612626,16.1242444044127
"MR_OF_1","Outer Flat",428778.7175,FALSE,38.77777778,"Milln","Milln_MR_OF_1",146.2769076,-16.7840217,-1.281010235,48,0.639857614001381,13.1945060213464,0.0126663840906023,8.84974880052856,13.8343636353478,8.86241518461916
"MR_OF_2","Outer Flat",301067.7944,FALSE,50.36357888,"Milln","Milln_MR_OF_2",146.2719391,-16.78911086,-1.299095317,63,1.72570884093764,17.4152880728497,0.0328435439371773,11.6391256514149,19.1409969137874,11.6719691953521
"MR_OF_3","Outer Flat",237371.8431,FALSE,43.90048154,"Milln","Milln_MR_OF_3",146.2664599,-16.79489303,-1.432577167,71,3.82825325608341,14.9155225212731,0.099506941547877,9.15590664611165,18.7437757773565,9.25541358765952
"MR_SS_1","Sheltered Slope",1561.360537,FALSE,32.5,"Milln","Milln_MR_SS_1",146.2745958,-16.780845,-11.96668744,54,20.1994516930518,10.1129556420288,6.16656512455121,9.41727704596846,30.3124073350805,15.5838421705197
"MR_S_1","Slope",133976.4387,FALSE,20.33428165,"Milln","Milln_MR_S_1",146.2825387,-16.78317436,-7.984497005,39,4.13085714264123,7.0937302864661,0.544385463762014,6.15008823712103,11.2245874291073,6.69447370088304
"MR_S_2","Slope",177710.9156,FALSE,33.5166309,"Milln","Milln_MR_S_2",146.2805834,-16.78802464,-10.81357194,42,13.8832998572049,12.0303892126344,3.35194974648592,11.3456643554737,25.9136890698393,14.6976141019597
"MR_S_3","Slope",261426.5131,FALSE,32.9250457,"Milln","Milln_MR_S_3",146.2767627,-16.79240313,-10.68826577,52,13.127782555772,11.8474043755083,4.57855860786006,11.3625963961853,24.9751869312803,15.9411550040454
"MR_S_4","Slope",233946.985,FALSE,33.01909793,"Milln","Milln_MR_S_4",146.2712445,-16.79591114,-9.996754322,61,15.4834611852905,11.4676611183525,3.3218412656324,10.3573307476943,26.951122303643,13.6791720133267
"MR_S_5","Slope",14987.14826,FALSE,35,"Milln","Milln_MR_S_5",146.2734545,-16.77374572,-17.33467425,58,16.5004007954688,12.1879616844495,3.05561528772323,10.6425087173805,28.6883624799182,13.6981240051037
"MR_S_6","Slope",68075.72698,FALSE,19.54735376,"Milln","Milln_MR_S_6",146.2782665,-16.77989911,-6.976189601,49,2.46153179129103,6.47050354900368,0.384860602760894,5.26188317857594,8.93203534029471,5.64674378133683
"MR_S_7","Slope",69341.32428,FALSE,16.97931034,"Milln","Milln_MR_S_7",146.2653212,-16.79848826,-8.317646624,75,5.53910440080938,5.55752565051734,0.665848165107993,4.76167894437252,11.0966300513267,5.42752710948051
"TR_BR_1","Back Reef",3121.455576,FALSE,35.9375,"Thetford","Thetford_TR_BR_1",146.1825825,-16.78976929,-13.90503573,292,22.9407147989384,11.2959491824875,6.79018735973935,10.3014292425112,34.2366639814259,17.0916166022505
"TR_BR_2","Back Reef",13423.70448,FALSE,25.78014184,"Thetford","Thetford_TR_BR_2",146.1849744,-16.79524636,-12.0515194,287,15.6720652471401,8.2764093344805,4.29237604813555,7.4815777448875,23.9484745816206,11.773953793023
"TR_BR_3","Back Reef",15297.34009,FALSE,24.55128205,"Thetford","Thetford_TR_BR_3",146.189686,-16.79571532,-10.45671892,281,14.5458773563547,8.02284075092947,3.78220338572079,7.17173117636664,22.5687181072841,10.9539345620874
"TR_BR_4","Back Reef",20294.21659,FALSE,58.18604651,"Thetford","Thetford_TR_BR_4",146.1845942,-16.80283611,-3.614425747,291,24.5040523542386,20.1515689371065,1.96090800057997,15.4421502489995,44.6556212913451,17.4030582495795
"TR_BR_5","Back Reef",18109.42522,FALSE,27.39010989,"Thetford","Thetford_TR_BR_5",146.1783097,-16.80749415,-11.33759655,300,13.7847012971788,9.48771178919156,3.08287835684454,8.39663762696779,23.2724130863704,11.4795159838123
"TR_BR_6","Back Reef",29039.10975,FALSE,32.41721854,"Thetford","Thetford_TR_BR_6",146.1764348,-16.81137558,-12.318539,302,17.8915976560203,10.9860440369256,5.67587024077922,10.1417246727546,28.8776416929459,15.8175949135338
"TR_C_1","Crest",85240.40941,FALSE,9.698996656,"Thetford","Thetford_TR_C_1",146.1981048,-16.80124558,-1.404920185,263,5.11443089789349,3.28002026323341,0.528271775414937,2.78692785690594,8.3944511611269,3.31519963232088
"TR_C_2","Crest",142395.8197,FALSE,18.81648936,"Thetford","Thetford_TR_C_2",146.1997148,-16.80738252,-1.381368679,255,7.52637971608587,6.52787112990413,0.640870564937208,5.14716288505884,14.05425084599,5.78803344999605
"TR_C_3","Crest",60271.87517,FALSE,35.33123028,"Thetford","Thetford_TR_C_3",146.1958118,-16.81216872,-1.355389166,268,17.9238968690449,12.0825498421787,3.06727645573834,10.7066338372391,30.0064467112236,13.7739102929775
"TR_C_4","Crest",26857.03432,FALSE,22.5,"Thetford","Thetford_TR_C_4",146.1896314,-16.81468166,-2.121824629,278,13.784896581115,7.43989101357707,2.98391271949035,7.26890515351168,21.2247875946921,10.252817873002
"TR_C_5","Crest",20922.45744,FALSE,21.2962963,"Thetford","Thetford_TR_C_5",146.1802507,-16.81509942,-2.273521537,294,12.3022356995796,7.41528762589843,1.78478536952832,6.6719887185227,19.7175233254781,8.45677408805102
"TR_IF_1","Inner Flat",286662.1451,FALSE,48.90365449,"Thetford","Thetford_TR_IF_1",146.1860252,-16.81164202,-2.145092685,285,6.60397694258889,17.4960103192882,0.60142223975581,13.6722516360982,24.0999872618771,14.2736738758541
"TR_IF_2","Inner Flat",207341.3815,FALSE,72.6146789,"Thetford","Thetford_TR_IF_2",146.1971534,-16.80633432,-1.430588207,262,13.1216829319622,26.3938984955114,1.08631910701219,20.5211481700988,39.5155814274735,21.607467277111
"TR_IF_3","Inner Flat",133003.9476,FALSE,29.81455064,"Thetford","Thetford_TR_IF_3",146.1894145,-16.80056746,-2.277173061,280,8.04093906553796,10.2792841548011,0.791658649764906,8.07287724754868,18.320223220339,8.86453589731358
"TR_IF_4","Inner Flat",222951.8202,FALSE,32.37932507,"Thetford","Thetford_TR_IF_4",146.1922182,-16.80740942,-2.361604215,275,8.51634422893556,11.6310869573943,0.793029046111064,9.60425956448432,20.1474311863299,10.3972886105954
"TR_IF_5","Inner Flat",130527.0957,FALSE,37.19912473,"Thetford","Thetford_TR_IF_5",146.1818333,-16.81270089,-2.095977014,295,6.95407106079235,13.0403617934969,0.441443558593515,9.47001212075247,19.9944328542892,9.91145567934599
"TR_IF_6","Inner Flat",256689.6753,FALSE,59.91107818,"Thetford","Thetford_TR_IF_6",146.1914258,-16.81091672,-1.836499219,279,13.3235605844428,21.4265126863675,1.44509629054471,17.2491901731058,34.7500732708103,18.6942864636505
"TR_IF_7","Inner Flat",253227.1055,FALSE,41.18311982,"Thetford","Thetford_TR_IF_7",146.1925625,-16.80410379,-2.382494859,276,6.89655249887965,14.8951969734778,0.478968215533886,11.3750997008092,21.7917494723575,11.8540679163431
"TR_OF_1","Outer Flat",54014.20653,FALSE,60.70175439,"Thetford","Thetford_TR_OF_1",146.1906072,-16.80108447,-2.619066419,280,18.3812042627001,21.6202523502313,2.04363156621398,17.4364623971627,40.0014566129314,19.4800939633767
"TR_OF_2","Outer Flat",142089.569,FALSE,43.37592468,"Thetford","Thetford_TR_OF_2",146.1901617,-16.81329751,-1.415978061,279,15.5526382547213,15.4759267095427,1.68585292035965,12.8355465597529,31.0285649642639,14.5213994801126
"TR_OF_3","Outer Flat",226991.3332,FALSE,44.49579832,"Thetford","Thetford_TR_OF_3",146.1950683,-16.80124547,-1.534381769,269,6.64660001138111,15.6508708601328,0.603564708439547,12.1488245324659,22.2974708715139,12.7523892409054
"TR_OF_4","Outer Flat",144895.9873,FALSE,61.07470511,"Thetford","Thetford_TR_OF_4",146.1965802,-16.80931485,-1.47360692,261,21.8944234906895,21.812877387104,3.25364082339921,19.1012449413136,43.7073008777935,22.3548857647128
"TR_OF_5","Outer Flat",27475.35958,FALSE,52.96167247,"Thetford","Thetford_TR_OF_5",146.1824081,-16.80386057,-2.838602886,296,14.0728549034819,18.3335340520499,0.945047256345535,13.2612907186002,32.4063889555318,14.2063379749458
"TR_OF_6","Outer Flat",108356.8193,FALSE,65.32751092,"Thetford","Thetford_TR_OF_6",146.1792673,-16.81394402,-1.807110702,298,15.4507539623076,22.9393916144135,1.58385860488993,18.0863590355738,38.3901455767211,19.6702176404638
"TR_OF_7","Outer Flat",29666.78815,FALSE,11.97411003,"Thetford","Thetford_TR_OF_7",146.1844675,-16.81481214,-1.407585034,290,7.16867727193935,4.09716427249239,1.07464501424955,3.82130519933422,11.2658415444317,4.89595021358377
"TR_SS_1","Sheltered Slope",936.6064326,TRUE,37,"Thetford","Thetford_TR_SS_1",146.1869369,-16.79887679,-8.640400028,286,27.024371099784,11.9646677629334,10.3093715510465,13.3839411363528,38.9890388627173,23.6933126873993
"TR_SS_2","Sheltered Slope",20608.68716,FALSE,25.82568807,"Thetford","Thetford_TR_SS_2",146.1789848,-16.8112817,-9.414579204,299,14.7055184227517,8.63370318065325,2.70698320667841,7.54346634859032,23.3392216034049,10.2504495552687
"TR_S_1","Slope",189847.8462,FALSE,31.28564282,"Thetford","Thetford_TR_S_1",146.1746782,-16.81224379,-13.65108166,304,9.63082365075167,11.6554774933603,3.93752215341197,11.390906420997,21.286301144112,15.3284285744089
"TR_S_10","Slope",67441.36834,FALSE,20.84269663,"Thetford","Thetford_TR_S_10",146.1985247,-16.7997051,-9.368437977,263,11.3614137849822,6.97776310008743,3.86218182367004,6.68022556430482,18.3391768850697,10.5424073879749
"TR_S_11","Slope",57146.65093,FALSE,30,"Thetford","Thetford_TR_S_11",146.1793987,-16.81564925,-12.52251986,298,16.9474284324493,9.93970213013871,5.67692538813575,9.35418528229764,26.887130562588,15.0311106704334
"TR_S_12","Slope",59648.3802,FALSE,33.31469649,"Thetford","Thetford_TR_S_12",146.1960149,-16.81316667,-11.28070119,268,20.6417342047262,10.423586557493,9.61266736126439,10.0347293304074,31.0653207622192,19.6473966916718
"TR_S_13","Slope",140815.2352,FALSE,30.22957461,"Thetford","Thetford_TR_S_13",146.1766916,-16.80759007,-12.42311788,303,6.76292213525234,11.3858138294702,2.33709703958629,10.81612020455,18.1487359647225,13.1532172441363
"TR_S_14","Slope",48092.11915,FALSE,33.79960317,"Thetford","Thetford_TR_S_14",146.1842628,-16.81573606,-13.31809918,290,20.8328766513854,10.691845069567,7.8175890170409,10.0961391789307,31.5247217209524,17.9137281959716
"TR_S_2","Slope",61209.73701,FALSE,37.10403727,"Thetford","Thetford_TR_S_2",146.1901429,-16.81515463,-12.33921355,278,23.4701567851732,11.5317777857145,11.0198394235153,11.0935104535663,35.0019345708876,22.1133498770816
"TR_S_3","Slope",189495.9894,FALSE,31.97388247,"Thetford","Thetford_TR_S_3",146.1868372,-16.79558205,-13.385037,287,7.00723443028046,12.1198827134786,2.27050338994028,11.5809039517448,19.1271171437591,13.851407341685
"TR_S_4","Slope",185140.2007,FALSE,24.89722508,"Thetford","Thetford_TR_S_4",146.1945226,-16.79753379,-9.858476463,270,5.73532248176094,9.30923386888209,1.38913008009131,8.44061569257001,15.044556350643,9.82974577266132
"TR_S_5","Slope",51815.93369,FALSE,24.27777778,"Thetford","Thetford_TR_S_5",146.184154,-16.7889446,-12.65107095,292,7.79801965458804,8.88711495326654,2.07094821873297,8.07732501289985,16.6851346078546,10.1482732316328
"TR_S_6","Slope",40905.62359,FALSE,19.75247525,"Thetford","Thetford_TR_S_6",146.2008431,-16.80417573,-6.912650004,256,11.2105057319509,6.54259274047151,2.6176559834905,5.90473395449168,17.7530984724224,8.52238993798217
"TR_S_7","Slope",46842.66898,FALSE,27.09574468,"Thetford","Thetford_TR_S_7",146.2003432,-16.80959513,-7.453293885,254,15.5796585865215,8.89923647738207,4.83265786206184,8.20893850586731,24.4788950639036,13.0415963679292
"TR_S_8","Slope",122069.6558,FALSE,24.15752351,"Thetford","Thetford_TR_S_8",146.1899951,-16.79711145,-9.960445371,281,7.08970871854984,8.85754098618808,1.71513503576589,7.89116686873299,15.9472497047379,9.60630190449888
"TR_S_9","Slope",9989.258783,FALSE,34.75961538,"Thetford","Thetford_TR_S_9",146.1790779,-16.79456205,-14.20916274,301,16.7989364234953,12.2540079234857,5.21477626152009,11.3040597486434,29.052944346981,16.5188360101635
"ER_BR_1","Back Reef",18452.53209,FALSE,32.40740741,"Elford","Elford_ER_BR_1",146.1955084,-16.90019482,-14.59818239,265,22.3200158060608,8.36366126706733,1.70188235347704,3.43174084796745,30.6836770731281,5.13362320144449
"ER_BR_10","Back Reef",31297.97185,TRUE,30.13719512,"Elford","Elford_ER_BR_10",146.2895175,-16.90917556,-11.4480032,26,13.4066436483625,9.87771951199232,5.0932372350063,9.42805758196574,23.2843631603548,14.521294816972
"ER_BR_11","Back Reef",25657.95309,FALSE,35.86466165,"Elford","Elford_ER_BR_11",146.2433115,-16.91090687,-13.78430045,118,21.6697454547667,11.12280369351,14.4335881660967,11.1823842487648,32.7925491482767,25.6159724148615
"ER_BR_12","Back Reef",22537.76336,FALSE,35,"Elford","Elford_ER_BR_12",146.3070829,-16.91141542,-16.45790397,3,19.2503957983979,11.3849059134963,8.01852978127915,10.8454135421106,30.6353017118943,18.8639433233898
"ER_BR_13","Back Reef",12201.24935,FALSE,32.61538462,"Elford","Elford_ER_BR_13",146.2235761,-16.90863212,-9.424900865,185,19.3519958467311,10.4942085014901,3.04395079634874,8.83747202758846,29.8462043482213,11.8814228239372
"ER_BR_14","Back Reef",18143.75725,FALSE,42.34972678,"Elford","Elford_ER_BR_14",146.2057555,-16.90950595,-7.319243271,239,25.3499936662085,13.0937190195676,3.03461551688426,1.15194538434645,38.4437126857762,4.18656090123071
"ER_BR_15","Back Reef",30984.94117,FALSE,28.53658537,"Elford","Elford_ER_BR_15",146.2849255,-16.91071059,-11.74314099,34,14.6017363681704,9.52196260193505,7.02983588889095,9.48457038700315,24.1236989701055,16.5144062758941
"ER_BR_16","Back Reef",17204.85949,FALSE,32.44505495,"Elford","Elford_ER_BR_16",146.1970159,-16.91117476,-14.38201157,257,19.5377488304347,10.9229907662403,2.91287084335714,3.58602874922424,30.460739596675,6.49889959258138
"ER_BR_17","Back Reef",4692.559847,FALSE,46,"Elford","Elford_ER_BR_17",146.2130419,-16.90952729,-3.587551,214,30.2870554234718,13.3479511537188,4.81563402693594,3.70795664409647,43.6350065771906,8.52359067103241
"ER_BR_18","Back Reef",23790.8543,FALSE,35.52845528,"Elford","Elford_ER_BR_18",146.3034437,-16.91518145,-15.66318359,5,18.0725400500985,11.9094531713401,9.72929614392237,11.8087548810515,29.9819932214386,21.5380510249739
"ER_BR_19","Back Reef",50069.69823,FALSE,25.90654206,"Elford","Elford_ER_BR_19",146.2504488,-16.91474734,-12.47467423,94,14.3162844459423,8.1018377394443,11.1971855307721,8.40920058508362,22.4181221853866,19.6063861158558
"ER_BR_2","Back Reef",21269.01886,TRUE,34.18981481,"Elford","Elford_ER_BR_2",146.212566,-16.89878481,-14.70309613,223,23.0941975991938,10.1057326277163,3.3266903240529,8.11917156638378,33.1999302269101,11.4458618904367
"ER_BR_20","Back Reef",15954.79079,FALSE,28.88554217,"Elford","Elford_ER_BR_20",146.202314,-16.91370369,-12.05889569,243,23.0352364287231,4.70532134211237,13.1322959968032,6.38103173261604,27.7405577708355,19.5133277294193
"ER_BR_21","Back Reef",20970.06156,FALSE,31.25570776,"Elford","Elford_ER_BR_21",146.2785606,-16.91426176,-14.08298991,47,18.8224710405486,9.76807608085732,10.9024547156958,9.6487013419411,28.590547121406,20.5511560576369
"ER_BR_22","Back Reef",6259.099448,FALSE,30.22727273,"Elford","Elford_ER_BR_22",146.265421,-16.91306946,-14.07791667,74,21.1550587188737,8.1288966667038,18.357054013267,8.28726210672558,29.2839553855775,26.6443161199926
"ER_BR_23","Back Reef",50072.71913,FALSE,29.2630597,"Elford","Elford_ER_BR_23",146.2557574,-16.91642744,-12.84875613,89,15.9394672406954,9.3063376066304,11.7019173784639,9.49291440127073,25.2458048473258,21.1948317797346
"ER_BR_24","Back Reef",45065.90242,FALSE,31.70235546,"Elford","Elford_ER_BR_24",146.2599958,-16.91551244,-14.23271661,84,17.7604082401535,10.1779384745365,15.2173192562907,10.543290391676,27.93834671469,25.7606096479667
"ER_BR_25","Back Reef",43174.56294,FALSE,20.835141,"Elford","Elford_ER_BR_25",146.2085192,-16.91528508,-9.189951955,229,10.1034288739622,5.71689712396364,0.887212692609743,3.28887887397301,15.8203259979258,4.17609156658275
"ER_BR_26","Back Reef",27537.02472,FALSE,38.33892617,"Elford","Elford_ER_BR_26",146.2383492,-16.91625574,-9.198933335,134,19.7544559290637,12.8769527143929,9.58510856117271,12.6493753668922,32.6314086434566,22.2344839280649
"ER_BR_27","Back Reef",6886.046695,FALSE,41.42857143,"Elford","Elford_ER_BR_27",146.2844211,-16.91523146,-3.767630771,33,20.412076521349,14.4586361867682,7.65252984737907,14.2169941397761,34.8707127081172,21.8695239871552
"ER_BR_28","Back Reef",44125.21731,TRUE,22.95851528,"Elford","Elford_ER_BR_28",146.2469225,-16.91774792,-11.35929257,111,13.3704927436663,7.03450463167891,11.9183244209543,7.39677906653435,20.4049973753452,19.3151034874887
"ER_BR_29","Back Reef",4693.506258,FALSE,48.93617021,"Elford","Elford_ER_BR_29",146.22489,-16.91722667,-3.217531919,177,22.9597885972105,21.1877688691434,2.91769672005291,17.486417000907,44.1475574663538,20.4041137209599
"ER_BR_3","Back Reef",9071.906462,FALSE,35,"Elford","Elford_ER_BR_3",146.2290545,-16.90133181,-16.52055822,163,23.4052079387384,10.269982309187,6.85642578389211,9.45382605768497,33.6751902479254,16.3102518415771
"ER_BR_30","Back Reef",13145.8731,FALSE,33.43065693,"Elford","Elford_ER_BR_30",146.2698858,-16.91943316,-13.498916,67,21.0215491507496,10.0318622456392,14.8407063860135,10.0372124405966,31.0534113963887,24.8779188266101
"ER_BR_31","Back Reef",30042.78226,FALSE,23.93987342,"Elford","Elford_ER_BR_31",146.2403387,-16.9202633,-9.506601378,133,14.4344567064849,7.33668855623529,8.43438424402749,7.40028974081324,21.7711452627202,15.8346739848407
"ER_BR_32","Back Reef",6260.24684,FALSE,5.970149254,"Elford","Elford_ER_BR_32",146.2795123,-16.91891302,-5.023783358,46,5.12007297782234,0.94837251381361,4.93839583571141,1.34260593163829,6.06844549163595,6.28100176734969
"ER_BR_33","Back Reef",28472.72963,FALSE,31.76369863,"Elford","Elford_ER_BR_33",146.2116963,-16.91944581,-8.481659714,221,21.3578807712933,8.2140599774711,2.38175668462818,4.03148544309708,29.5719407487644,6.41324212772527
"ER_BR_34","Back Reef",24105.82237,FALSE,35,"Elford","Elford_ER_BR_34",146.3022876,-16.92034019,-16.89450925,6,21.904878255734,10.8473038208255,11.6927310652608,10.9003193441438,32.7521820765595,22.5930504094046
"ER_BR_35","Back Reef",12832.69009,FALSE,29.61538462,"Elford","Elford_ER_BR_35",146.2649385,-16.92033784,-12.85504837,73,19.2937321197084,8.63297965585744,16.982762228357,8.85223885018098,27.9267117755658,25.835001078538
"ER_BR_36","Back Reef",27849.03376,FALSE,28.46020761,"Elford","Elford_ER_BR_36",146.219308,-16.92113773,-5.902968089,198,17.3741550459689,9.0973832780311,3.36498370346547,7.85080613150198,26.471538324,11.2157898349674
"ER_BR_37","Back Reef",15649.39344,FALSE,36.02484472,"Elford","Elford_ER_BR_37",146.2602629,-16.92114062,-10.97018589,83,23.013608017607,10.7820853933283,18.6129993176005,10.9795529663326,33.7956934109353,29.592552283933
"ER_BR_38","Back Reef",13143.52322,FALSE,50.41353383,"Elford","Elford_ER_BR_38",146.2364272,-16.92078831,-4.905183845,142,27.6163516269627,16.9983010965754,10.103518321096,16.6420057107515,44.6146527235381,26.7455240318475
"ER_BR_39","Back Reef",30047.38197,FALSE,31.66666667,"Elford","Elford_ER_BR_39",146.2549658,-16.92411091,-7.178937916,87,18.8338427727758,9.83749600722461,6.46792365164767,9.16065099206209,28.6713387800004,15.6285746437098
"ER_BR_4","Back Reef",27211.71401,FALSE,25.73883162,"Elford","Elford_ER_BR_4",146.1976608,-16.90387766,-12.95776205,258,18.7482822846771,4.9546408918027,1.60897969564125,1.22232332790355,23.7029231764798,2.8313030235448
"ER_BR_40","Back Reef",15335.64895,FALSE,33.57575758,"Elford","Elford_ER_BR_40",146.248075,-16.92257008,-5.429374136,101,21.749251901553,10.0053315744736,15.268558875341,10.3809377201713,31.7545834760266,25.6494965955122
"ER_BR_41","Back Reef",16593.11884,FALSE,35,"Elford","Elford_ER_BR_41",146.2993736,-16.92423312,-15.40050646,9,23.2397264990966,10.7552014731358,11.5959143161174,11.2273708766077,33.9949279722324,22.823285192725
"ER_BR_42","Back Reef",24107.70372,FALSE,34.42,"Elford","Elford_ER_BR_42",146.2947626,-16.92764287,-15.18700004,16,22.9566782873279,10.3926950090106,8.46560508459811,10.4231796121586,33.3493732963386,18.8887846967567
"ER_BR_43","Back Reef",3130.295775,FALSE,45.16129032,"Elford","Elford_ER_BR_43",146.2625483,-16.92822813,-4.682965509,78,29.0491813978262,13.7130937947534,22.202401423747,15.2866144137634,42.7622751925796,37.4890158375105
"ER_BR_44","Back Reef",18158.863,FALSE,34.81865285,"Elford","Elford_ER_BR_44",146.2850846,-16.93047717,-17.55982877,30,23.8105542888569,10.0463535558348,12.0253389183762,10.0765499120521,33.8569078446916,22.1018888304283
"ER_BR_5","Back Reef",7511.704863,FALSE,35,"Elford","Elford_ER_BR_5",146.3063102,-16.90472392,-15.74397177,4,23.1947511791585,10.2529050551249,10.6593303558725,9.90484671823646,33.4476562342834,20.5641770741089
"ER_BR_6","Back Reef",15330.07562,TRUE,32.56329114,"Elford","Elford_ER_BR_6",146.2368239,-16.90505084,-15.29056666,144,21.0407288375504,9.83101089466383,9.85425397452597,9.6105715027379,30.8717397322143,19.4648254772639
"ER_BR_7","Back Reef",32237.47596,FALSE,35,"Elford","Elford_ER_BR_7",146.2985799,-16.9069933,-14.43585891,12,14.9413355841651,12.0055486350358,6.48244209706096,11.7679120499907,26.9468842192009,18.2503541470517
"ER_BR_8","Back Reef",26593.78264,FALSE,27.15328467,"Elford","Elford_ER_BR_8",146.2331065,-16.90815103,-8.721807263,157,14.9671154585712,9.02693993921449,4.85039835124812,8.48631870193002,23.9940553977857,13.3367170531781
"ER_BR_9","Back Reef",20334.31449,FALSE,21.11904762,"Elford","Elford_ER_BR_9",146.2181238,-16.90737885,-8.046009141,199,13.1240678948706,6.45986581417203,1.27632219524242,4.12119928282589,19.5839337090427,5.39752147806832
"ER_C_1","Crest",131481.4036,FALSE,36.96750903,"Elford","Elford_ER_C_1",146.2978562,-16.91970403,-1.046912746,13,12.3544492198059,14.0415761336927,0.739506132892193,11.6691455478375,26.3960253534986,12.4086516807297
"ER_C_10","Crest",90463.15114,FALSE,31.96202532,"Elford","Elford_ER_C_10",146.2984282,-16.91387958,-1.108489433,10,4.60675182037587,8.77173890286464,1.39283301235541,8.46393382303175,13.3784907232405,9.85676683538716
"ER_C_11","Crest",54785.65417,FALSE,41.85248714,"Elford","Elford_ER_C_11",146.2729302,-16.93045567,-1.693335778,55,22.8604538331183,13.7024294599783,9.29019361921469,13.7282851008862,36.5628832930966,23.0184787201009
"ER_C_12","Crest",312.9893114,FALSE,25,"Elford","Elford_ER_C_12",146.2493013,-16.92532595,-1.515333335,101,14.7066123000013,12.2323743708507,29.8413756522056,15.8184509455552,26.938986670852,45.6598265977608
"ER_C_2","Crest",100181.2991,FALSE,11.17424242,"Elford","Elford_ER_C_2",146.2849309,-16.92725615,-1.248184262,31,6.83152618069073,2.72131408437182,1.35428461777983,3.45335701710681,9.55284026506255,4.80764163488664
"ER_C_3","Crest",76044.65694,FALSE,40.72229141,"Elford","Elford_ER_C_3",146.2303722,-16.92294658,-1.246804972,161,16.9523216442476,14.6174763701031,2.19738310849757,12.3432599784,31.5697980143508,14.5406430868976
"ER_C_4","Crest",60109.49597,FALSE,51.81674566,"Elford","Elford_ER_C_4",146.2943572,-16.92460958,-1.283197349,17,16.9724779334299,20.8802545952108,1.71802198776946,18.862680637921,37.8527325286407,20.5807026256905
"ER_C_5","Crest",42261.42923,FALSE,26.35135135,"Elford","Elford_ER_C_5",146.2665649,-16.93021413,-1.497098364,69,14.9132795095941,8.62599691632395,4.29463361427218,8.26317629576556,23.5392764259181,12.5578099100377
"ER_C_6","Crest",12832.63163,FALSE,83.82352941,"Elford","Elford_ER_C_6",146.2937454,-16.90981146,-1.464837207,20,16.417479768741,30.4699496839088,3.80971083018867,27.1763741747589,46.8874294526498,30.9860850049475
"ER_C_7","Crest",57605.03185,FALSE,31.23966942,"Elford","Elford_ER_C_7",146.2894685,-16.92644931,-1.25616926,24,13.4761746382156,12.4163094609306,1.01957414778178,9.6956773614797,25.8924840991462,10.7152515092615
"ER_C_8","Crest",118024.5029,FALSE,29.04263878,"Elford","Elford_ER_C_8",146.2799359,-16.92823573,-1.222390346,40,11.4016654353676,9.18534831330267,1.47570678355137,8.62031518813946,20.5870137486703,10.0960219716908
"ER_C_9","Crest",60083.839,FALSE,47.03821656,"Elford","Elford_ER_C_9",146.2259379,-16.92371844,-1.281652173,176,19.4587632280528,16.4937479180236,1.45910293708969,10.4162538977981,35.9525111460764,11.8753568348878
"ER_IF_1","Inner Flat",188134.0809,FALSE,84.21052632,"Elford","Elford_ER_IF_1",146.2945581,-16.91786701,-1.198580424,19,3.97683195088298,29.4514806607417,0.108870741490282,16.9485619551709,33.4283126116247,17.0574326966611
"ER_IF_10","Inner Flat",142971.6745,FALSE,51.6644474,"Elford","Elford_ER_IF_10",146.2187947,-16.90954219,-2.141646271,199,8.21997718538055,11.8737433977612,0.491702510757405,7.27553474134534,20.0937205831417,7.76723725210275
"ER_IF_11","Inner Flat",298165.1646,FALSE,47.93995529,"Elford","Elford_ER_IF_11",146.224689,-16.91154899,-2.494762891,178,2.39661189371757,12.9867916181596,0.191847087771145,8.57449554903998,15.3834035118772,8.76634263681112
"ER_IF_12","Inner Flat",260328.1465,FALSE,19.89051095,"Elford","Elford_ER_IF_12",146.2214086,-16.91733719,-2.712083109,191,2.27501602552913,1.29066354766656,0.767986961988282,2.17135377280667,3.56567957319568,2.93934073479495
"ER_IF_13","Inner Flat",275169.691,FALSE,67.70724939,"Elford","Elford_ER_IF_13",146.2768348,-16.92673056,-1.390816654,50,6.93039237488407,24.9938245679652,1.0754728998558,21.2879405437423,31.9242169428492,22.3634134435981
"ER_IF_14","Inner Flat",243769.6497,FALSE,41.12840467,"Elford","Elford_ER_IF_14",146.2330644,-16.91921677,-2.067237665,156,8.08136670926732,14.2950674365545,2.77470262763453,13.7856093648751,22.3764341458218,16.5603119925097
"ER_IF_15","Inner Flat",351824.4403,FALSE,52.86641428,"Elford","Elford_ER_IF_15",146.2603787,-16.92549478,-2.14806371,82,6.99952225286536,18.7666785459324,3.13105167838952,17.9162719682978,25.7662007987978,21.0473236466873
"ER_IF_16","Inner Flat",305541.2297,FALSE,70.18362901,"Elford","Elford_ER_IF_16",146.2879227,-16.92391365,-1.249865034,27,2.62608004487292,23.5603559177463,0.962564213031104,21.30027846215,26.1864359626193,22.2628426751811
"ER_IF_17","Inner Flat",295795.606,FALSE,39.21885087,"Elford","Elford_ER_IF_17",146.2916827,-16.91437137,-1.7781652,21,0.707090856440559,10.1742597047629,0.275784832943703,8.7294657762943,10.8813505612034,9.005250609238
"ER_IF_18","Inner Flat",146098.2807,FALSE,41.19558155,"Elford","Elford_ER_IF_18",146.2140279,-16.91049088,-2.376063052,213,4.74636907990558,10.0941820026236,0.467478290654069,4.51401572863506,14.8405510825291,4.98149401928913
"ER_IF_19","Inner Flat",255034.2244,FALSE,51.04477612,"Elford","Elford_ER_IF_19",146.2281983,-16.92078007,-2.022907626,170,5.45985041542602,16.7443345749522,0.791353225437537,13.3102708265228,22.2041849903782,14.1016240519604
"ER_IF_2","Inner Flat",222235.9238,FALSE,21.5661104,"Elford","Elford_ER_IF_2",146.286937,-16.91551355,-1.985554956,28,1.62500829834967,2.11018582110671,1.27076482270863,2.66896446338829,3.73519411945638,3.93972928609692
"ER_IF_20","Inner Flat",141128.5386,FALSE,62.08754209,"Elford","Elford_ER_IF_20",146.2240435,-16.92192096,-2.147364675,184,7.61740648295079,17.8733105046624,0.54164036462215,10.7219274652983,25.4907169876132,11.2635678299204
"ER_IF_21","Inner Flat",59746.65476,FALSE,43.45047923,"Elford","Elford_ER_IF_21",146.2003907,-16.90884092,-2.159475712,251,17.2579823687236,7.76032542662293,1.34989548455917,4.43337193731525,25.0183077953465,5.78326742187442
"ER_IF_22","Inner Flat",222246.6696,FALSE,15.62099872,"Elford","Elford_ER_IF_22",146.2852908,-16.91896599,-2.183982041,32,1.48563695926167,0.173695292359053,0.75112876285977,0.641310805049317,1.65933225162072,1.39243956790909
"ER_IF_23","Inner Flat",47565.26206,FALSE,20.91633466,"Elford","Elford_ER_IF_23",146.2396865,-16.91740999,-2.547182393,134,9.52234988002055,5.88080162265264,3.85011181697593,6.26448187012017,15.4031515026732,10.1145936870961
"ER_IF_24","Inner Flat",193672.614,FALSE,49.39113492,"Elford","Elford_ER_IF_24",146.2300663,-16.911473,-2.413317223,162,4.55821010591049,15.7348369017016,1.07325482718109,13.1359557991526,20.2930470076121,14.2092106263337
"ER_IF_25","Inner Flat",214742.7484,FALSE,46.21178556,"Elford","Elford_ER_IF_25",146.270541,-16.92660719,-1.743524208,66,9.66650039216676,16.1875305296628,6.76295762097865,17.1509691286489,25.8540309218295,23.9139267496275
"ER_IF_26","Inner Flat",30984.74566,FALSE,51.06382979,"Elford","Elford_ER_IF_26",146.2552184,-16.92092573,-2.391786409,88,21.4028802575381,17.7524625259693,12.4937959234421,18.0037703606035,39.1553427835074,30.4975662840457
"ER_IF_3","Inner Flat",93863.38866,FALSE,13.6958711,"Elford","Elford_ER_IF_3",146.2143535,-16.91675313,-2.70184836,212,7.25610529847167,2.0005077306754,0.474273571579643,1.56263796783871,9.25661302914707,2.03691153941835
"ER_IF_4","Inner Flat",335743.0998,FALSE,36.7271696,"Elford","Elford_ER_IF_4",146.234638,-16.91390342,-2.283556221,148,1.75461127854878,10.1683636630577,0.743279715406365,8.9661908459747,11.9229749416065,9.70947056138107
"ER_IF_5","Inner Flat",151100.4432,FALSE,37.81407035,"Elford","Elford_ER_IF_5",146.2082849,-16.91124067,-2.2725166,233,6.72378613952326,0.817476968815834,0.441521331743581,0.0487185121909851,7.54126310833909,0.490239843934566
"ER_IF_6","Inner Flat",351542.2993,FALSE,56.52409312,"Elford","Elford_ER_IF_6",146.2906926,-16.91990063,-1.64196775,25,1.5073876489279,17.9533947106647,0.245623838612776,14.2917786393617,19.4607823595926,14.5374024779745
"ER_IF_7","Inner Flat",313649.0535,FALSE,32.49393204,"Elford","Elford_ER_IF_7",146.2658981,-16.9257871,-2.051477635,72,4.65655300191156,9.07358107926865,1.27204171296107,8.17079416548783,13.7301340811802,9.4428358784489
"ER_IF_8","Inner Flat",292370.9568,FALSE,27.32293697,"Elford","Elford_ER_IF_8",146.276713,-16.92344585,-2.024515048,51,1.13309280193952,4.81403173950275,0.970513870335692,4.94393419696661,5.94712454144226,5.9144480673023
"ER_IF_9","Inner Flat",437310.6825,FALSE,40.34858388,"Elford","Elford_ER_IF_9",146.2823623,-16.92229787,-1.862049646,38,1.1187285229803,12.129077822481,0.718453763840327,12.1395731971011,13.2478063454613,12.8580269609415
"ER_OF_1","Outer Flat",210638.3461,FALSE,77.3465704,"Elford","Elford_ER_OF_1",146.2493132,-16.92435159,-2.007982389,101,11.8183081960967,27.2779608518461,5.29873886643228,25.4316945974625,39.0962690479427,30.7304334638948
"ER_OF_10","Outer Flat",116768.7539,FALSE,69.66475879,"Elford","Elford_ER_OF_10",146.2739491,-16.9285914,-1.243744207,55,26.300293668485,24.631824867525,9.4409059570741,23.4901971094606,50.93211853601,32.9311030665347
"ER_OF_11","Outer Flat",103618.2824,FALSE,67.79505947,"Elford","Elford_ER_OF_11",146.268963,-16.92908291,-1.280545545,65,24.0926355393008,23.7873951036144,7.77191732623346,22.5566149736828,47.8800306429152,30.3285322999163
"ER_OF_12","Outer Flat",156185.6163,FALSE,67.64616322,"Elford","Elford_ER_OF_12",146.2553541,-16.92466696,-2.455417414,87,11.4496715078521,24.4998618792465,7.91753786741663,24.8540778748499,35.9495333870986,32.7716157422665
"ER_OF_13","Outer Flat",130499.9403,FALSE,66.66666667,"Elford","Elford_ER_OF_13",146.2370108,-16.92218338,-2.00399158,142,11.7757501469079,23.8138432231759,2.98770890458067,20.6151766675893,35.5895933700839,23.6028855721699
"ER_OF_14","Outer Flat",86652.49363,FALSE,68.6123348,"Elford","Elford_ER_OF_14",146.2035728,-16.9105716,-2.629778292,244,16.9338338439672,4.91803666859074,1.20712056641471,0.0885293348279192,21.851870512558,1.29564990124263
"ER_OF_15","Outer Flat",119578.385,FALSE,61.83689628,"Elford","Elford_ER_OF_15",146.2624659,-16.92879587,-2.129214229,77,18.7603506485435,22.1993182130264,11.109122826004,22.9609051432058,40.9596688615698,34.0700279692099
"ER_OF_16","Outer Flat",85447.31543,FALSE,78.9293722,"Elford","Elford_ER_OF_16",146.2603498,-16.92223884,-2.526621657,83,18.4927356257541,29.6830796001903,9.98097752121775,29.6571672324967,48.1758152259444,39.6381447537145
"ER_OF_17","Outer Flat",28781.72885,FALSE,10.85526316,"Elford","Elford_ER_OF_17",146.219195,-16.90875009,-1.690429067,199,7.54074081370023,2.29581269952361,1.22070295818999,1.95465491490845,9.83655351322384,3.17535787309844
"ER_OF_18","Outer Flat",23778.65245,FALSE,75.69721116,"Elford","Elford_ER_OF_18",146.2303996,-16.9108189,-1.723179915,162,21.9344322492827,27.6508068318285,3.4410975240018,23.7502007449613,49.5852390811112,27.1912982689631
"ER_OF_19","Outer Flat",25347.34938,FALSE,77.6119403,"Elford","Elford_ER_OF_19",146.2416868,-16.91686174,-2.37209486,128,25.4643749187874,27.9685495384692,12.1679636869375,27.6612281567945,53.4329244572565,39.829191843732
"ER_OF_2","Outer Flat",168720.223,FALSE,37.19752392,"Elford","Elford_ER_OF_2",146.2968061,-16.91507134,-0.929917652,14,1.3809769008403,9.1923725241789,0.17459578389614,6.55340147146722,10.5733494250192,6.72799725536336
"ER_OF_20","Outer Flat",28482.44509,FALSE,77.1043771,"Elford","Elford_ER_OF_20",146.288866,-16.91209205,-2.028437279,29,13.056985173855,26.5345864216899,1.166895290269,19.9535675451524,39.5915715955449,21.1204628354214
"ER_OF_3","Outer Flat",46647.1764,FALSE,31.21149897,"Elford","Elford_ER_OF_3",146.2907532,-16.92551368,-1.023274511,24,14.5743032770527,12.1423613831593,2.32580506007381,11.6411321422866,26.716664660212,13.9669372023604
"ER_OF_4","Outer Flat",111741.5498,FALSE,48.47715736,"Elford","Elford_ER_OF_4",146.2938919,-16.91175247,-1.644408397,20,2.95652052664715,15.0262135626474,0.776781859089295,12.2358682273817,17.9827340892945,13.012650086471
"ER_OF_5","Outer Flat",16592.14595,FALSE,8.620689655,"Elford","Elford_ER_OF_5",146.2817536,-16.92702317,-0.701814372,40,6.05302981331109,2.28057580730433,2.14517111750469,3.26107656188146,8.33360562061541,5.40624767938616
"ER_OF_6","Outer Flat",68525.34329,FALSE,65.32638889,"Elford","Elford_ER_OF_6",146.2163411,-16.92042532,-3.443770349,204,25.6911387190825,16.8391903469973,1.87140749595224,3.43485536100435,42.5303290660797,5.30626285695659
"ER_OF_7","Outer Flat",144319.2528,FALSE,45.45454545,"Elford","Elford_ER_OF_7",146.2948569,-16.92190387,-0.726118503,18,6.25882021700866,15.4334239599031,0.332308105625183,12.2538692835952,21.6922441769117,12.5861773892204
"ER_OF_8","Outer Flat",129568.4054,FALSE,54.90483163,"Elford","Elford_ER_OF_8",146.2433717,-16.92325398,-1.934915122,115,13.3343835191178,19.3526341537481,4.3713916123069,17.6822223876236,32.687017672866,22.0536139999305
"ER_OF_9","Outer Flat",158322.3725,FALSE,39.48472139,"Elford","Elford_ER_OF_9",146.2372048,-16.91085595,-1.681969659,143,3.65840506366929,11.8589797925077,1.58448139452666,10.8405898327356,15.5173848561769,12.4250712272622
"ER_P_1","Patch",313.0111387,FALSE,0,"Elford","Elford_ER_P_1",146.2801856,-16.9184448,-4.937333266,41,NA,NA,NA,NA,NA,NA
"ER_P_2","Patch",1564.607057,FALSE,23.52941176,"Elford","Elford_ER_P_2",146.2194944,-16.92314067,-2.316764698,197,19.0394624175368,10.9974001978601,9.67399125694755,6.83983451321071,30.0368626153969,16.5138257701583
"ER_SS_1","Sheltered Slope",35981.50365,FALSE,37.67904509,"Elford","Elford_ER_SS_1",146.2120116,-16.91848016,-8.568808886,222,21.0586339297886,11.6014975831661,3.0277463765009,9.93629700103098,32.6601315129547,12.9640433775319
"ER_SS_10","Sheltered Slope",9389.681316,FALSE,35,"Elford","Elford_ER_SS_10",146.2706936,-16.91770553,-17.98029346,60,23.0605323324628,10.1634385604677,20.3883817588879,10.3211822434578,33.2239708929305,30.7095640023458
"ER_SS_11","Sheltered Slope",3129.261984,FALSE,30.46875,"Elford","Elford_ER_SS_11",146.2214862,-16.92333229,-10.95668751,190,21.341401787732,11.2731044943302,6.77772451176248,11.5804793758293,32.6145062820622,18.3582038875917
"ER_SS_12","Sheltered Slope",5318.305293,FALSE,13.18181818,"Elford","Elford_ER_SS_12",146.2198435,-16.90787373,-6.216169794,199,9.09479918592675,3.97026262378902,2.17903255356457,3.12352354671006,13.0650618097158,5.30255610027463
"ER_SS_2","Sheltered Slope",135152.9604,FALSE,18.48484848,"Elford","Elford_ER_SS_2",146.2095254,-16.9139619,-8.190630024,229,7.00500707833506,1.23805971165312,2.05816936384106,2.64772745152116,8.24306678998818,4.70589681536222
"ER_SS_3","Sheltered Slope",28797.39342,FALSE,19.8019802,"Elford","Elford_ER_SS_3",146.2789762,-16.91963552,-4.267216796,45,9.08483336246674,4.6711863288675,6.32538949519174,5.5077939787875,13.7560196913342,11.8331834739792
"ER_SS_4","Sheltered Slope",23472.24737,FALSE,22.00404858,"Elford","Elford_ER_SS_4",146.244336,-16.9221768,-7.597575749,116,13.8834304430182,6.47188204848888,7.06324460701726,6.42280290999828,20.355312491507,13.4860475170155
"ER_SS_5","Sheltered Slope",158343.6428,FALSE,28.47983143,"Elford","Elford_ER_SS_5",146.2384554,-16.91837026,-11.08139836,134,7.84272178896471,8.64284924126869,6.77373627841161,9.30433718951072,16.4855710302334,16.0780734679223
"ER_SS_6","Sheltered Slope",71946.88308,FALSE,41.24342105,"Elford","Elford_ER_SS_6",146.2016454,-16.90892499,-8.698386962,245,16.0971033212525,9.27485472561722,1.14621371433213,4.61286550853893,25.3719580468697,5.75907922287106
"ER_SS_7","Sheltered Slope",97606.50614,FALSE,39.04368932,"Elford","Elford_ER_SS_7",146.2043318,-16.91341995,-6.567748204,238,16.2172629709421,7.81656744878445,1.07378308833712,0.0968917534534821,24.0338304197265,1.1706748417906
"ER_SS_8","Sheltered Slope",53826.99442,FALSE,34.63414634,"Elford","Elford_ER_SS_8",146.239259,-16.92102711,-14.57077594,133,18.3901713431513,11.327129030467,11.1969078823669,11.3862117117533,29.7173003736183,22.5831195941202
"ER_SS_9","Sheltered Slope",29107.7174,TRUE,31.04234528,"Elford","Elford_ER_SS_9",146.2571948,-16.92192136,-13.10364602,85,19.310548834195,9.4014283662662,15.2648644712204,9.52376430173404,28.7119772004612,24.7886287729545
"ER_S_1","Slope",386122.0815,FALSE,28.71139115,"Elford","Elford_ER_S_1",146.241338,-16.91179332,-12.65024197,129,3.98764674290252,7.95358929775849,3.89885791625163,8.55566543732899,11.941236040661,12.4545233535806
"ER_S_10","Slope",233662.2501,FALSE,34.85778139,"Elford","Elford_ER_S_10",146.2215824,-16.89956224,-15.80804624,193,15.4675205307561,11.3465183585692,0.414765982708278,7.02238841580774,26.8140388893253,7.43715439851601
"ER_S_11","Slope",112047.7408,FALSE,32.28473998,"Elford","Elford_ER_S_11",146.2787479,-16.91353647,-15.06766053,47,10.3239673416473,10.8311147176354,7.30121827638843,11.2119441495168,21.1550820592827,18.5131624259053
"ER_S_12","Slope",96075.87135,TRUE,25.37055336,"Elford","Elford_ER_S_12",146.2490737,-16.91810011,-12.3543539,102,11.9903460778558,7.80402068798029,9.77046841517805,8.25983158608839,19.7943667658361,18.0303000012664
"ER_S_13","Slope",180331.8782,FALSE,26.79304897,"Elford","Elford_ER_S_13",146.2835394,-16.92957416,-11.86651579,37,14.0408496085466,8.77320601436883,7.43223414584104,8.78499374154379,22.8140556229154,16.2172278873848
"ER_S_14","Slope",106743.8999,FALSE,33.24239714,"Elford","Elford_ER_S_14",146.2600031,-16.92958886,-13.3905,81,19.6960290824137,10.2930518973373,11.4776364990665,10.2755678262693,29.989080979751,21.7532043253358
"ER_S_15","Slope",178928.4517,TRUE,27.21569674,"Elford","Elford_ER_S_15",146.1977267,-16.91022828,-12.13293201,257,10.4241652903944,2.72915676709286,0.494000894585069,0.475846928202186,13.1533220574872,0.969847822787255
"ER_S_16","Slope",198087.9992,FALSE,27.27424749,"Elford","Elford_ER_S_16",146.244958,-16.91663653,-10.89014533,117,7.7016125875715,7.85660448839603,8.07697667362424,8.7044601957213,15.5582170759675,16.7814368693455
"ER_S_17","Slope",291900.4097,FALSE,34.09536251,"Elford","Elford_ER_S_17",146.2389098,-16.90496515,-16.0593692,135,6.8350204476201,11.4581909846943,4.45816727700297,11.7222584196404,18.2932114323144,16.1804256966434
"ER_S_18","Slope",118012.5875,FALSE,35,"Elford","Elford_ER_S_18",146.3065363,-16.91279129,-17.2328226,2,9.3738963557837,11.9807290853827,5.893995673131,12.1948372120861,21.3546254411664,18.0888328852171
"ER_S_19","Slope",51633.13365,FALSE,32.67723881,"Elford","Elford_ER_S_19",146.2211506,-16.92380993,-10.0922105,190,17.5452878776298,11.1809627459075,1.52504564438508,8.30200895542985,28.7262506235374,9.82705459981493
"ER_S_2","Slope",190608.547,FALSE,28.75,"Elford","Elford_ER_S_2",146.2922474,-16.90941682,-9.666564831,22,4.11140797958047,7.73696689151816,2.3522044030402,7.73586384374908,11.8483748710986,10.0880682467893
"ER_S_20","Slope",148385.8546,FALSE,30.1887396,"Elford","Elford_ER_S_20",146.3011241,-16.91842274,-11.31237737,7,7.25887958385715,9.74905787378714,3.33732733039449,9.67335294466959,17.0079374576443,13.0106802750641
"ER_S_21","Slope",148898.011,FALSE,35,"Elford","Elford_ER_S_21",146.2255889,-16.9000344,-16.30885878,180,17.2528395621986,11.5807988151548,2.79954697503314,9.67461469174928,28.8336383773534,12.4741616667824
"ER_S_22","Slope",140754.4731,FALSE,35,"Elford","Elford_ER_S_22",146.2166652,-16.89883485,-15.52368467,205,19.1286016416346,8.9881535922166,4.22395328553225,8.2553650651907,28.1167552338512,12.479318350723
"ER_S_23","Slope",68829.1595,FALSE,28.34710744,"Elford","Elford_ER_S_23",146.233988,-16.90627884,-12.98135484,149,13.3913553313438,9.33410578707392,5.5119442359706,9.08308213258706,22.7254611184177,14.5950263685577
"ER_S_24","Slope",69184.67193,FALSE,36.03566529,"Elford","Elford_ER_S_24",146.2665188,-16.93121422,-12.72528781,69,21.2305275722026,11.3417171856953,15.3298403362204,11.5486128414512,32.5722447578979,26.8784531776716
"ER_S_25","Slope",184641.2668,FALSE,29.67716942,"Elford","Elford_ER_S_25",146.2559489,-16.91575348,-14.18542974,90,9.27837199641496,9.49817978714305,9.42804790077893,10.4106709355586,18.776551783558,19.8387188363375
"ER_S_26","Slope",112358.7273,FALSE,32.80694327,"Elford","Elford_ER_S_26",146.2624881,-16.91827894,-16.132388,79,14.0592182466596,11.142220637974,8.1459918248371,11.1860425379586,25.2014388846335,19.3320343627957
"ER_S_27","Slope",22536.3201,FALSE,35,"Elford","Elford_ER_S_27",146.3076439,-16.90742085,-18.0025446,1,20.2090451164294,11.1840811991476,10.042059255048,10.8472957523691,31.393126315577,20.8893550074171
"ER_S_28","Slope",46006.71859,FALSE,36.07802875,"Elford","Elford_ER_S_28",146.2420057,-16.92444621,-12.10829697,127,20.6029560408697,11.5626859806964,12.8207643123001,11.5822016387858,32.1656420215661,24.4029659510859
"ER_S_29","Slope",64491.12296,FALSE,28.38757396,"Elford","Elford_ER_S_29",146.2717795,-16.93140116,-11.79430334,59,18.2361546177546,8.37426676199503,11.9288842165133,8.46461055395828,26.6104213797497,20.3934947704716
"ER_S_3","Slope",175891.6143,FALSE,29.95410367,"Elford","Elford_ER_S_3",146.285473,-16.90960676,-14.27615266,35,6.4464236073934,9.26262852400792,3.63173960339392,9.31606452858021,15.7090521314013,12.9478041319741
"ER_S_30","Slope",142385.4188,FALSE,33.28982597,"Elford","Elford_ER_S_30",146.2522742,-16.91397586,-14.94055015,91,11.6321899012644,11.4009817352695,11.130939308598,12.3695848162978,23.0331716365339,23.5005241248958
"ER_S_31","Slope",150484.3248,TRUE,26.04702194,"Elford","Elford_ER_S_31",146.2048307,-16.91624467,-9.441745353,237,9.95576680053718,7.18795016696794,0.680389627647412,2.92924209401166,17.1437169675051,3.60963172165907
"ER_S_32","Slope",46612.03379,FALSE,34.78615071,"Elford","Elford_ER_S_32",146.2182257,-16.90674242,-13.23435215,200,19.7661251740808,11.4112408270206,5.67993269453857,10.3263853311592,31.1773660011015,16.0063180256978
"ER_S_33","Slope",187216.8031,FALSE,28.00101729,"Elford","Elford_ER_S_33",146.2987445,-16.92329379,-13.54397247,9,13.3949234585178,9.61165724314603,6.36277716508858,9.75250118244839,23.0065807016639,16.115278347537
"ER_S_34","Slope",195807.5527,FALSE,32.22006786,"Elford","Elford_ER_S_34",146.1979969,-16.90627528,-12.37932145,258,7.15533339645778,6.7265385934448,0.444458891068019,0.779559076332803,13.8818719899026,1.22401796740082
"ER_S_35","Slope",107594.0001,TRUE,30.07042254,"Elford","Elford_ER_S_35",146.2103833,-16.89835047,-14.02499536,230,17.8438418822841,9.02669072475253,0.966574199901334,4.34805345764699,26.8705326070366,5.31462765754832
"ER_S_36","Slope",35675.79886,FALSE,33.02666667,"Elford","Elford_ER_S_36",146.2288328,-16.92437551,-9.880845918,169,20.4147894741357,10.5691813913205,8.65685545570989,10.5707176873777,30.9839708654562,19.2275731430876
"ER_S_37","Slope",70732.68424,TRUE,18.06970509,"Elford","Elford_ER_S_37",146.2581505,-16.91973684,-9.177536942,85,11.3080908298775,4.32749709138246,7.84293221846954,4.65382153795241,15.63558792126,12.4967537564219
"ER_S_38","Slope",106091.2499,FALSE,34.62666667,"Elford","Elford_ER_S_38",146.2615407,-16.9141817,-15.85042605,80,13.4495875458854,11.942934119268,5.61228128507675,11.4802645940718,25.3925216651534,17.0925458791485
"ER_S_39","Slope",8133.17225,FALSE,32.08333333,"Elford","Elford_ER_S_39",146.204325,-16.90829968,-13.35675903,239,21.6623113236115,9.62428018739114,8.40207589410067,9.45430198714792,31.2865915110027,17.8563778812486
"ER_S_4","Slope",126361.945,FALSE,26.63173653,"Elford","Elford_ER_S_4",146.1944119,-16.90481359,-13.13564688,271,13.3429929678161,3.98655925008909,0.673501033744636,3.20262718228465,17.3295522179052,3.87612821602929
"ER_S_40","Slope",150588.0978,FALSE,27.12428662,"Elford","Elford_ER_S_40",146.2777683,-16.93102204,-12.97525222,44,15.7234420504323,8.52923774767526,8.97265776334156,8.50961711595578,24.2526797981076,17.4822748792973
"ER_S_41","Slope",77299.31364,FALSE,34.84548826,"Elford","Elford_ER_S_41",146.2351817,-16.92344269,-10.10376956,147,19.2728240760403,11.4928790052893,8.0428661193059,11.1194094341399,30.7657030813296,19.1622755534458
"ER_S_42","Slope",70731.21925,FALSE,33.86178862,"Elford","Elford_ER_S_42",146.2666741,-16.91546775,-15.63946917,70,15.4247629727621,11.4411047057472,12.7345858890192,12.0806096661072,26.8658676785093,24.8151955551264
"ER_S_43","Slope",51000.48132,FALSE,33.18011257,"Elford","Elford_ER_S_43",146.2105309,-16.91972189,-7.19242545,228,18.7307624368861,8.75689469608272,1.72023805456786,1.84621247928047,27.4876571329688,3.56645053384833
"ER_S_44","Slope",82629.49639,FALSE,27.9350348,"Elford","Elford_ER_S_44",146.2484389,-16.92586688,-10.46196323,100,17.05831726082,8.45334578675551,11.274530030838,8.58847086427344,25.5116630475756,19.8630008951114
"ER_S_45","Slope",50707.60954,FALSE,29.7731569,"Elford","Elford_ER_S_45",146.2544634,-16.92739293,-10.20914168,86,18.6187946386949,8.87758553238399,12.0898882934335,8.99339810528122,27.4963801710789,21.0832863987147
"ER_S_46","Slope",37548.73066,FALSE,34.08977556,"Elford","Elford_ER_S_46",146.2156929,-16.92160126,-7.813267414,204,20.5574128942171,10.445086392898,2.00456212522847,1.54591784607751,31.002499287115,3.55047997130598
"ER_S_47","Slope",22524.10686,FALSE,33.36170213,"Elford","Elford_ER_S_47",146.2248549,-16.90481641,-13.51604407,179,19.7352816158573,10.6403529666716,2.56731130739304,8.71356793547598,30.3756345825289,11.280879242869
"ER_S_48","Slope",93298.57219,FALSE,28.69609856,"Elford","Elford_ER_S_48",146.2944544,-16.9268801,-12.73154406,16,16.7733428466501,9.39199653587611,6.51270664574928,9.24744756886244,26.1653393825262,15.7601542146117
"ER_S_49","Slope",64115.71151,FALSE,24.0461997,"Elford","Elford_ER_S_49",146.1956473,-16.90105149,-12.39380733,264,15.7565143835977,3.33534263071296,1.98739657488193,2.59559632744927,19.0918570143107,4.5829929023312
"ER_S_5","Slope",223489.7603,FALSE,22.77044293,"Elford","Elford_ER_S_5",146.2989672,-16.91171619,-9.088334077,11,3.3622262906053,3.58735499573391,1.472025209357,4.13411551246715,6.94958128633921,5.60614072182415
"ER_S_50","Slope",43187.80883,FALSE,35,"Elford","Elford_ER_S_50",146.3023314,-16.89997131,-15.36320632,8,16.6203967954559,11.7346891218558,6.76851675402861,11.2697139581515,28.3550859173116,18.0382307121801
"ER_S_6","Slope",335968.1465,FALSE,34.8611898,"Elford","Elford_ER_S_6",146.2309362,-16.89973951,-17.31523842,164,8.60907780439374,11.559782083712,3.13767746830804,10.8255083616403,20.1688598881057,13.9631858299483
"ER_S_7","Slope",133017.6563,FALSE,34.113879,"Elford","Elford_ER_S_7",146.2977048,-16.9068349,-13.9608625,15,4.7397877037178,11.1017975794129,2.46444896333697,10.7885259626276,15.8415852831307,13.2529749259646
"ER_S_8","Slope",227492.9451,FALSE,28.71923237,"Elford","Elford_ER_S_8",146.2475848,-16.9128406,-13.54212338,103,7.41705389805894,8.78464265922118,6.97810040579369,9.61982738577542,16.2016965572801,16.5979277915691
"ER_S_9","Slope",214774.9256,FALSE,30.3187251,"Elford","Elford_ER_S_9",146.2904511,-16.92840352,-12.24795167,23,13.9137319944113,10.3061026105048,5.13316474549525,9.92157736579437,24.2198346049161,15.0547421112896
"BR_BR_1","Back Reef",19403.57704,FALSE,32.33830846,"Briggs","Briggs_BR_BR_1",146.2046824,-16.93595105,-6.141994792,236,18.672804125912,10.6495438910849,3.65897008663114,9.29018302450765,29.3223480169969,12.9491531111388
"BR_C_1","Crest",76997.82018,FALSE,27.08333333,"Briggs","Briggs_BR_C_1",146.2133601,-16.94010146,-1.404937985,211,12.113046152523,9.33908053271654,1.80267589094897,8.03661496196542,21.4521266852396,9.8392908529144
"BR_IF_1","Inner Flat",251632.2698,FALSE,49.86807388,"Briggs","Briggs_BR_IF_1",146.205718,-16.93833438,-2.03157519,235,7.55723440203286,16.4727913480342,0.75790889313048,12.1508009112738,24.0300257500671,12.9087098044043
"BR_OF_1","Outer Flat",38180.99751,FALSE,75.18796992,"Briggs","Briggs_BR_OF_1",146.2039728,-16.93584034,-2.577155444,236,23.8577723171484,26.5214493299201,2.30251401581722,20.3997886033717,50.3792216470685,22.7023026191889
"BR_OF_2","Outer Flat",334269.6229,FALSE,47.77856939,"Briggs","Briggs_BR_OF_2",146.2105007,-16.93871522,-1.535025387,227,6.7784859726898,15.8552656880597,0.856319744074383,12.1290176375446,22.6337516607495,12.9853373816189
"BR_SS_1","Sheltered Slope",70728.59382,FALSE,28.67208672,"Briggs","Briggs_BR_SS_1",146.2010892,-16.93676103,-6.740519424,250,13.0864609199825,9.62231920724776,2.01909700295196,8.12944510284625,22.7087801272302,10.1485421057982
"BR_S_1","Slope",48824.96308,FALSE,33.99029126,"Briggs","Briggs_BR_S_1",146.2071904,-16.93876701,-11.65978793,232,19.4280622220548,10.9087687567721,7.08955130053708,10.3334023378938,30.3368309788268,17.4229536384308
"BR_S_2","Slope",87942.62073,FALSE,33.49893162,"Briggs","Briggs_BR_S_2",146.2004686,-16.93787265,-11.72764294,249,15.5265111897693,11.3988736973776,4.77945292639744,10.5528570806528,26.9253848871468,15.3323100070503
"BR_S_3","Slope",57278.82205,FALSE,25.11054422,"Briggs","Briggs_BR_S_3",146.2128012,-16.94025681,-8.872376814,220,14.3822719714354,7.9532486813022,5.02625019732664,7.64650931993638,22.3355206527376,12.672759517263
