site_id,habitat,area,rubble,k,Reef,reef_siteid,long,lat,sitedepth,recom_connectivity
MR_BR_1,Back Reef,3750.298812,FALSE,33.29268293,Moore,Moore_MR_BR_1,146.22554,-16.8459664,-15.87245163,183
MR_BR_10,Back Reef,15322.30831,FALSE,18.02547771,Moore,Moore_MR_BR_10,146.2533233,-16.86917034,-10.64124225,93
MR_BR_11,Back Reef,24071.7889,FALSE,21.90196078,Moore,Moore_MR_BR_11,146.2123393,-16.86877807,-9.256153178,226
MR_BR_12,Back Reef,42204.8358,FALSE,29.94369369,Moore,Moore_MR_BR_12,146.206856,-16.87221294,-11.50859414,234
MR_BR_13,Back Reef,14068.43192,FALSE,28.5472973,Moore,Moore_MR_BR_13,146.201838,-16.87465749,-13.40426712,248
MR_BR_14,Back Reef,5315.505419,FALSE,25.45454545,Moore,Moore_MR_BR_14,146.228872,-16.87347633,-2.991803927,173
MR_BR_15,Back Reef,16885.47789,FALSE,17.14285714,Moore,Moore_MR_BR_15,146.2183034,-16.88052111,-5.554542859,203
MR_BR_16,Back Reef,28138.77003,FALSE,29.60750853,Moore,Moore_MR_BR_16,146.2005822,-16.87911346,-11.47119048,253
MR_BR_17,Back Reef,17826.89108,FALSE,35,Moore,Moore_MR_BR_17,146.2502644,-16.88015053,-17.4868074,95
MR_BR_18,Back Reef,44088.58466,FALSE,12.13186813,Moore,Moore_MR_BR_18,146.2050557,-16.88356052,-6.84321621,241
MR_BR_19,Back Reef,13761.83284,FALSE,34.4137931,Moore,Moore_MR_BR_19,146.2459658,-16.88479623,-15.57653334,112
MR_BR_2,Back Reef,43445.3954,FALSE,32.12765957,Moore,Moore_MR_BR_2,146.2298773,-16.85044269,-12.52336259,167
MR_BR_20,Back Reef,34082.59287,FALSE,29.43089431,Moore,Moore_MR_BR_20,146.1991457,-16.8855565,-9.593226201,252
MR_BR_21,Back Reef,36587.42184,FALSE,27.15736041,Moore,Moore_MR_BR_21,146.2132443,-16.88592328,-4.328980862,217
MR_BR_22,Back Reef,11255.5813,FALSE,33.47826087,Moore,Moore_MR_BR_22,146.1828645,-16.8858653,-16.21997962,293
MR_BR_23,Back Reef,8131.859251,FALSE,34.82758621,Moore,Moore_MR_BR_23,146.2396744,-16.88607595,-13.41344578,136
MR_BR_24,Back Reef,25014.75405,FALSE,30.50909091,Moore,Moore_MR_BR_24,146.194001,-16.88742144,-14.67980082,274
MR_BR_25,Back Reef,19702.70671,FALSE,28.12807882,Moore,Moore_MR_BR_25,146.2184796,-16.8894145,-8.597859294,202
MR_BR_26,Back Reef,17202.40639,FALSE,34.21787709,Moore,Moore_MR_BR_26,146.2343606,-16.88933915,-15.10987576,151
MR_BR_27,Back Reef,22202.24619,FALSE,29.11016949,Moore,Moore_MR_BR_27,146.2041823,-16.88816865,-11.68105404,240
MR_BR_28,Back Reef,14073.79374,FALSE,22.56666667,Moore,Moore_MR_BR_28,146.2272906,-16.88807501,-6.930654424,171
MR_BR_29,Back Reef,26581.86413,TRUE,27.3951049,Moore,Moore_MR_BR_29,146.2106021,-16.8896718,-10.89238256,225
MR_BR_3,Back Reef,1562.979148,FALSE,35,Moore,Moore_MR_BR_3,146.2437854,-16.85285457,-15.85040003,126
MR_BR_30,Back Reef,43776.06883,FALSE,33.83870968,Moore,Moore_MR_BR_30,146.1888663,-16.889604,-10.16399288,282
MR_BR_31,Back Reef,34394.76355,FALSE,32.22379603,Moore,Moore_MR_BR_31,146.1846668,-16.88987735,-15.19163726,288
MR_BR_32,Back Reef,21267.6258,TRUE,33.58447489,Moore,Moore_MR_BR_32,146.2242232,-16.89073025,-13.1487097,186
MR_BR_33,Back Reef,10319.70851,FALSE,33.72727273,Moore,Moore_MR_BR_33,146.1981375,-16.89237181,-14.16985849,259
MR_BR_34,Back Reef,18450.54302,TRUE,28.10880829,Moore,Moore_MR_BR_34,146.1930907,-16.89468367,-13.73919993,272
MR_BR_35,Back Reef,6880.984633,FALSE,35,Moore,Moore_MR_BR_35,146.2130317,-16.89716786,-14.39929855,215
MR_BR_4,Back Reef,15942.24879,FALSE,38.91566265,Moore,Moore_MR_BR_4,146.2355136,-16.85529046,-6.352375778,153
MR_BR_5,Back Reef,26882.12641,FALSE,33.41726619,Moore,Moore_MR_BR_5,146.2241524,-16.85741216,-16.54293504,188
MR_BR_6,Back Reef,9066.156189,FALSE,35,Moore,Moore_MR_BR_6,146.2475837,-16.85721025,-15.94294441,110
MR_BR_7,Back Reef,14692.20149,TRUE,34.77707006,Moore,Moore_MR_BR_7,146.2266452,-16.85976539,-15.35808105,174
MR_BR_8,Back Reef,24069.36209,FALSE,32.93307087,Moore,Moore_MR_BR_8,146.2171691,-16.86109128,-16.36568711,210
MR_BR_9,Back Reef,18756.29161,FALSE,34.06735751,Moore,Moore_MR_BR_9,146.2158534,-16.86453748,-15.54820947,209
MR_C_1,Crest,129437.4809,FALSE,40.89574156,Moore,Moore_MR_C_1,146.2484994,-16.8615807,-1.286151538,109
MR_C_2,Crest,76901.33963,FALSE,26.33540373,Moore,Moore_MR_C_2,146.2426521,-16.85538011,-1.34201823,125
MR_C_3,Crest,111941.7871,FALSE,40.10195412,Moore,Moore_MR_C_3,146.2514768,-16.86725463,-1.347429341,97
MR_C_4,Crest,78184.30865,FALSE,15.4601227,Moore,Moore_MR_C_4,146.2475158,-16.87824915,-1.307801536,106
MR_C_5,Crest,98454.09478,FALSE,17.82945736,Moore,Moore_MR_C_5,146.234004,-16.84819079,-1.593583592,155
MR_C_6,Crest,52201.22612,FALSE,32.78388278,Moore,Moore_MR_C_6,146.2396488,-16.85175096,-1.369979008,140
MR_C_7,Crest,62855.21238,FALSE,24.65960666,Moore,Moore_MR_C_7,146.2502269,-16.87260461,-1.216610758,96
MR_IF_1,Inner Flat,256443.5871,FALSE,50.4095309,Moore,Moore_MR_IF_1,146.2403208,-16.88059952,-1.949642524,137
MR_IF_10,Inner Flat,150688.4982,FALSE,29.13782253,Moore,Moore_MR_IF_10,146.2417605,-16.86035901,-2.326403855,131
MR_IF_11,Inner Flat,262698.211,FALSE,20.86956522,Moore,Moore_MR_IF_11,146.2362896,-16.88201782,-2.252634082,145
MR_IF_12,Inner Flat,241421.7637,FALSE,58.63153755,Moore,Moore_MR_IF_12,146.2437142,-16.87681773,-1.791187994,121
MR_IF_13,Inner Flat,138216.3145,FALSE,3.630136986,Moore,Moore_MR_IF_13,146.2392793,-16.8753947,-2.643233281,138
MR_IF_14,Inner Flat,220135.9424,FALSE,76.93304536,Moore,Moore_MR_IF_14,146.2485441,-16.86953719,-1.266834855,108
MR_IF_15,Inner Flat,159430.2008,FALSE,70.66586683,Moore,Moore_MR_IF_15,146.2395789,-16.85669645,-2.034231594,139
MR_IF_16,Inner Flat,72548.33457,FALSE,33.33333333,Moore,Moore_MR_IF_16,146.2155954,-16.88419693,-2.792825788,207
MR_IF_17,Inner Flat,198555.6225,FALSE,36.43744031,Moore,Moore_MR_IF_17,146.2438957,-16.86985701,-2.226645452,123
MR_IF_18,Inner Flat,59389.59367,FALSE,82.53205128,Moore,Moore_MR_IF_18,146.2349922,-16.85239543,-1.919359532,154
MR_IF_2,Inner Flat,41589.20285,FALSE,33.40909091,Moore,Moore_MR_IF_2,146.2189795,-16.88155388,-2.955901448,203
MR_IF_3,Inner Flat,330242.7586,FALSE,21.59976899,Moore,Moore_MR_IF_3,146.2239428,-16.88528374,-2.441996673,187
MR_IF_4,Inner Flat,268927.5518,FALSE,41.95381883,Moore,Moore_MR_IF_4,146.2441804,-16.8736191,-1.885407724,122
MR_IF_5,Inner Flat,136973.5461,FALSE,9.116022099,Moore,Moore_MR_IF_5,146.2275818,-16.8830555,-2.593947755,172
MR_IF_6,Inner Flat,403026.1306,FALSE,39.50850662,Moore,Moore_MR_IF_6,146.2457089,-16.86537545,-2.015585686,113
MR_IF_7,Inner Flat,48152.53215,FALSE,19.92110454,Moore,Moore_MR_IF_7,146.2281848,-16.87410016,-2.955536227,173
MR_IF_8,Inner Flat,231741.1655,FALSE,30.21730217,Moore,Moore_MR_IF_8,146.2313888,-16.88474366,-2.326338215,159
MR_IF_9,Inner Flat,136313.5944,FALSE,70.62107467,Moore,Moore_MR_IF_9,146.2453687,-16.86174037,-1.702034603,114
MR_OF_1,Outer Flat,124458.6697,FALSE,56.81470138,Moore,Moore_MR_OF_1,146.1949797,-16.89195171,-1.998726981,266
MR_OF_10,Outer Flat,111959.4877,FALSE,63.79018613,Moore,Moore_MR_OF_10,146.2180876,-16.88853736,-2.334789804,202
MR_OF_11,Outer Flat,22512.65186,FALSE,38.8185654,Moore,Moore_MR_OF_11,146.250144,-16.86568145,-0.933401746,98
MR_OF_12,Outer Flat,24079.84155,FALSE,73.41269841,Moore,Moore_MR_OF_12,146.2124566,-16.8885149,-2.092859505,225
MR_OF_2,Outer Flat,167229.8513,FALSE,61.76136364,Moore,Moore_MR_OF_2,146.2371938,-16.85205431,-1.591397849,146
MR_OF_3,Outer Flat,124114.0332,FALSE,59.32721713,Moore,Moore_MR_OF_3,146.2445151,-16.85901131,-1.228145985,124
MR_OF_4,Outer Flat,74701.63198,FALSE,55.65438374,Moore,Moore_MR_OF_4,146.2334724,-16.84959832,-1.670757737,155
MR_OF_5,Outer Flat,80338.79891,FALSE,60.68476978,Moore,Moore_MR_OF_5,146.2407931,-16.85514723,-1.099037268,132
MR_OF_6,Outer Flat,41584.86462,FALSE,80.86560364,Moore,Moore_MR_OF_6,146.1989976,-16.88254849,-2.392093745,260
MR_OF_7,Outer Flat,38441.34677,FALSE,29.38271605,Moore,Moore_MR_OF_7,146.228136,-16.84624249,-2.318244789,175
MR_OF_8,Outer Flat,136971.8953,FALSE,48.92136395,Moore,Moore_MR_OF_8,146.2483515,-16.87492296,-0.872552958,107
MR_OF_9,Outer Flat,140734.5459,FALSE,51.68918919,Moore,Moore_MR_OF_9,146.243478,-16.88086303,-1.409356634,120
MR_P_1,Patch,8442.519871,FALSE,37.77777778,Moore,Moore_MR_P_1,146.1937393,-16.8877978,-2.427252878,274
MR_SS_1,Sheltered Slope,84730.00465,FALSE,30.51801802,Moore,Moore_MR_SS_1,146.1993157,-16.88029454,-9.59519053,253
MR_SS_10,Sheltered Slope,129136.2025,FALSE,12.02064897,Moore,Moore_MR_SS_10,146.2053915,-16.88220274,-8.139518116,241
MR_SS_11,Sheltered Slope,66291.90312,FALSE,28.09352518,Moore,Moore_MR_SS_11,146.1964441,-16.88904714,-11.63559099,267
MR_SS_12,Sheltered Slope,118510.1966,FALSE,17.42629482,Moore,Moore_MR_SS_12,146.2022847,-16.88584406,-4.592759287,246
MR_SS_13,Sheltered Slope,71294.1185,FALSE,5.570291777,Moore,Moore_MR_SS_13,146.2173496,-16.88076203,-6.093052113,208
MR_SS_14,Sheltered Slope,89434.7274,FALSE,11.70770878,Moore,Moore_MR_SS_14,146.2094391,-16.88649825,-5.776530723,231
MR_SS_15,Sheltered Slope,1563.346587,FALSE,0,Moore,Moore_MR_SS_15,146.2203864,-16.87510119,-5.052933311,195
MR_SS_16,Sheltered Slope,1250.994313,FALSE,0,Moore,Moore_MR_SS_16,146.2290889,-16.88697837,-5.528000037,166
MR_SS_2,Sheltered Slope,138779.0851,FALSE,36.85082873,Moore,Moore_MR_SS_2,146.2315512,-16.85148886,-10.82455765,160
MR_SS_3,Sheltered Slope,169155.7007,FALSE,31.88801351,Moore,Moore_MR_SS_3,146.1968038,-16.88411579,-9.377827971,260
MR_SS_4,Sheltered Slope,207000.5305,FALSE,26.10254083,Moore,Moore_MR_SS_4,146.1925031,-16.8889433,-10.51272056,273
MR_SS_5,Sheltered Slope,17826.20736,FALSE,19.47368421,Moore,Moore_MR_SS_5,146.2218592,-16.88803392,-4.837857137,194
MR_SS_6,Sheltered Slope,99760.31087,FALSE,20.43396226,Moore,Moore_MR_SS_6,146.21445,-16.88837404,-6.61261407,216
MR_SS_7,Sheltered Slope,118473.3607,TRUE,29.39888535,Moore,Moore_MR_SS_7,146.2259838,-16.85897815,-13.97404325,182
MR_SS_8,Sheltered Slope,67208.72848,FALSE,28.83571429,Moore,Moore_MR_SS_8,146.2349082,-16.85656845,-10.13279704,153
MR_SS_9,Sheltered Slope,72858.52482,FALSE,25.81913499,Moore,Moore_MR_SS_9,146.2132218,-16.88300335,-5.00794854,218
MR_S_1,Slope,294929.0076,FALSE,30.4151915,Moore,Moore_MR_S_1,146.2494489,-16.88112834,-13.54771411,105
MR_S_10,Slope,177618.6489,FALSE,31.98927614,Moore,Moore_MR_S_10,146.1913613,-16.89299962,-10.77124676,277
MR_S_11,Slope,200807.7374,FALSE,35,Moore,Moore_MR_S_11,146.2419786,-16.8891928,-17.10934968,130
MR_S_12,Slope,149383.8984,FALSE,24.59502551,Moore,Moore_MR_S_12,146.220413,-16.84661068,-9.564554024,196
MR_S_13,Slope,377210.6097,FALSE,35,Moore,Moore_MR_S_13,146.2245985,-16.89420671,-16.18117337,181
MR_S_14,Slope,113449.3534,FALSE,28.26781327,Moore,Moore_MR_S_14,146.2290243,-16.8461855,-8.100813208,168
MR_S_15,Slope,251972.1521,TRUE,19.68939394,Moore,Moore_MR_S_15,146.2127246,-16.86862098,-9.98068329,226
MR_S_16,Slope,107863.5588,TRUE,24.85436893,Moore,Moore_MR_S_16,146.1843711,-16.88399125,-13.88289885,289
MR_S_17,Slope,76292.46321,FALSE,31.11662531,Moore,Moore_MR_S_17,146.1888957,-16.88728961,-10.30916527,283
MR_S_18,Slope,197686.771,FALSE,35,Moore,Moore_MR_S_18,146.2356317,-16.89352107,-17.76331675,150
MR_S_19,Slope,86911.49757,FALSE,24.80306346,Moore,Moore_MR_S_19,146.2475943,-16.85819306,-11.93954548,110
MR_S_2,Slope,126667.2345,FALSE,24.77050414,Moore,Moore_MR_S_2,146.2390917,-16.88529861,-8.737983349,136
MR_S_20,Slope,169475.8539,FALSE,28.38736724,Moore,Moore_MR_S_20,146.1858099,-16.890679,-10.64458749,284
MR_S_21,Slope,78185.52213,FALSE,35.48170732,Moore,Moore_MR_S_21,146.2156933,-16.89054735,-10.66047654,206
MR_S_22,Slope,260229.2244,FALSE,35,Moore,Moore_MR_S_22,146.2191171,-16.89564533,-15.76153461,201
MR_S_23,Slope,106927.8691,FALSE,15.3113879,Moore,Moore_MR_S_23,146.2013882,-16.87912445,-8.452129816,247
MR_S_24,Slope,112890.4843,FALSE,30.7257384,Moore,Moore_MR_S_24,146.1973956,-16.89218092,-10.15583748,259
MR_S_25,Slope,233320.8887,FALSE,31.74698795,Moore,Moore_MR_S_25,146.2292641,-16.88956601,-12.38753252,165
MR_S_26,Slope,147905.0527,FALSE,23.0941704,Moore,Moore_MR_S_26,146.2536629,-16.86819857,-10.07877892,93
MR_S_27,Slope,58788.91377,FALSE,23.48039216,Moore,Moore_MR_S_27,146.2039274,-16.88812596,-11.28899327,240
MR_S_28,Slope,149181.3514,FALSE,31.2188896,Moore,Moore_MR_S_28,146.2227508,-16.88935798,-10.89897727,186
MR_S_29,Slope,120039.9253,FALSE,21.49606299,Moore,Moore_MR_S_29,146.2436449,-16.8544404,-11.42452762,125
MR_S_3,Slope,282427.3982,FALSE,30.20868394,Moore,Moore_MR_S_3,146.235801,-16.88781142,-12.50195414,152
MR_S_30,Slope,47540.95888,TRUE,33.71428571,Moore,Moore_MR_S_30,146.2122097,-16.89697791,-15.32214371,224
MR_S_31,Slope,358457.5876,FALSE,35,Moore,Moore_MR_S_31,146.2314721,-16.89400466,-16.39577161,158
MR_S_32,Slope,54074.51778,FALSE,14.1943958,Moore,Moore_MR_S_32,146.1790075,-16.87106756,-10.0673968,297
MR_S_33,Slope,104429.1099,FALSE,24.93618961,Moore,Moore_MR_S_33,146.2511397,-16.86273472,-11.98879789,99
MR_S_34,Slope,99761.2234,FALSE,30.71085495,Moore,Moore_MR_S_34,146.2107694,-16.8902351,-11.98782063,225
MR_S_35,Slope,41569.63902,FALSE,17.73348519,Moore,Moore_MR_S_35,146.2354222,-16.84787229,-6.15389809,155
MR_S_36,Slope,43760.81061,FALSE,18.91447368,Moore,Moore_MR_S_36,146.2400006,-16.85068587,-8.412495464,141
MR_S_37,Slope,119424.8584,FALSE,31.86900958,Moore,Moore_MR_S_37,146.2036289,-16.87376851,-11.35263797,242
MR_S_38,Slope,27190.38223,TRUE,34.63793103,Moore,Moore_MR_S_38,146.2148327,-16.85134809,-16.59299117,219
MR_S_39,Slope,625.2096517,FALSE,35,Moore,Moore_MR_S_39,146.1673885,-16.8819395,-19.29833349,305
MR_S_4,Slope,130362.7518,TRUE,27.54392387,Moore,Moore_MR_S_4,146.2075251,-16.87047863,-11.27859625,234
MR_S_5,Slope,79127.37978,FALSE,24.12154031,Moore,Moore_MR_S_5,146.2434115,-16.88334675,-6.694912985,119
MR_S_6,Slope,130026.6982,FALSE,30.8008817,Moore,Moore_MR_S_6,146.2241561,-16.85387976,-14.39418115,189
MR_S_7,Slope,232981.6339,FALSE,19.88182559,Moore,Moore_MR_S_7,146.2519936,-16.8747214,-10.49225118,92
MR_S_8,Slope,122921.5272,FALSE,35,Moore,Moore_MR_S_8,146.2484507,-16.88551663,-18.27993309,104
MR_S_9,Slope,137544.4402,FALSE,28.73527374,Moore,Moore_MR_S_9,146.2160457,-16.86373892,-12.24283613,209
MR_BR_1,Back Reef,8743.674497,FALSE,37.5,Milln,Milln_MR_BR_1,146.2745572,-16.78123329,-6.915755788,54
MR_BR_2,Back Reef,7807.61937,FALSE,33.88235294,Milln,Milln_MR_BR_2,146.2837791,-16.78374893,-10.573961,36
MR_BR_3,Back Reef,10930.32928,FALSE,63.79310345,Milln,Milln_MR_BR_3,146.2707105,-16.78655588,-2.014225223,64
MR_BR_4,Back Reef,12492.82563,FALSE,27.13178295,Milln,Milln_MR_BR_4,146.2645246,-16.79355669,-5.295842539,76
MR_BR_5,Back Reef,29047.3361,FALSE,49.23701299,Milln,Milln_MR_BR_5,146.2738787,-16.7933144,-9.214506894,56
MR_C_1,Crest,134911.2921,FALSE,21.8220339,Milln,Milln_MR_C_1,146.2793316,-16.78341766,-1.316991785,43
MR_C_2,Crest,90572.83055,FALSE,33.61256545,Milln,Milln_MR_C_2,146.2757498,-16.78947863,-1.175351648,53
MR_C_3,Crest,48411.07757,FALSE,39.92172211,Milln,Milln_MR_C_3,146.2704982,-16.79311504,-1.329648646,62
MR_C_4,Crest,87456.35003,FALSE,33.40587595,Milln,Milln_MR_C_4,146.2667083,-16.79720475,-1.410452979,71
MR_IF_1,Inner Flat,83696.03227,FALSE,90.93997735,Milln,Milln_MR_IF_1,146.2741135,-16.78601187,-1.554888222,57
MR_IF_2,Inner Flat,158342.4912,FALSE,74.14311485,Milln,Milln_MR_IF_2,146.2679168,-16.79084037,-1.456270546,68
MR_OF_1,Outer Flat,428778.7175,FALSE,38.77777778,Milln,Milln_MR_OF_1,146.2769076,-16.7840217,-1.281010235,48
MR_OF_2,Outer Flat,301067.7944,FALSE,50.36357888,Milln,Milln_MR_OF_2,146.2719391,-16.78911086,-1.299095317,63
MR_OF_3,Outer Flat,237371.8431,FALSE,43.90048154,Milln,Milln_MR_OF_3,146.2664599,-16.79489303,-1.432577167,71
MR_SS_1,Sheltered Slope,1561.360537,FALSE,32.5,Milln,Milln_MR_SS_1,146.2745958,-16.780845,-11.96668744,54
MR_S_1,Slope,133976.4387,FALSE,20.33428165,Milln,Milln_MR_S_1,146.2825387,-16.78317436,-7.984497005,39
MR_S_2,Slope,177710.9156,FALSE,33.5166309,Milln,Milln_MR_S_2,146.2805834,-16.78802464,-10.81357194,42
MR_S_3,Slope,261426.5131,FALSE,32.9250457,Milln,Milln_MR_S_3,146.2767627,-16.79240313,-10.68826577,52
MR_S_4,Slope,233946.985,FALSE,33.01909793,Milln,Milln_MR_S_4,146.2712445,-16.79591114,-9.996754322,61
MR_S_5,Slope,14987.14826,FALSE,35,Milln,Milln_MR_S_5,146.2734545,-16.77374572,-17.33467425,58
MR_S_6,Slope,68075.72698,FALSE,19.54735376,Milln,Milln_MR_S_6,146.2782665,-16.77989911,-6.976189601,49
MR_S_7,Slope,69341.32428,FALSE,16.97931034,Milln,Milln_MR_S_7,146.2653212,-16.79848826,-8.317646624,75
TR_BR_1,Back Reef,3121.455576,FALSE,35.9375,Thetford,Thetford_TR_BR_1,146.1825825,-16.78976929,-13.90503573,292
TR_BR_2,Back Reef,13423.70448,FALSE,25.78014184,Thetford,Thetford_TR_BR_2,146.1849744,-16.79524636,-12.0515194,287
TR_BR_3,Back Reef,15297.34009,FALSE,24.55128205,Thetford,Thetford_TR_BR_3,146.189686,-16.79571532,-10.45671892,281
TR_BR_4,Back Reef,20294.21659,FALSE,58.18604651,Thetford,Thetford_TR_BR_4,146.1845942,-16.80283611,-3.614425747,291
TR_BR_5,Back Reef,18109.42522,FALSE,27.39010989,Thetford,Thetford_TR_BR_5,146.1783097,-16.80749415,-11.33759655,300
TR_BR_6,Back Reef,29039.10975,FALSE,32.41721854,Thetford,Thetford_TR_BR_6,146.1764348,-16.81137558,-12.318539,302
TR_C_1,Crest,85240.40941,FALSE,9.698996656,Thetford,Thetford_TR_C_1,146.1981048,-16.80124558,-1.404920185,263
TR_C_2,Crest,142395.8197,FALSE,18.81648936,Thetford,Thetford_TR_C_2,146.1997148,-16.80738252,-1.381368679,255
TR_C_3,Crest,60271.87517,FALSE,35.33123028,Thetford,Thetford_TR_C_3,146.1958118,-16.81216872,-1.355389166,268
TR_C_4,Crest,26857.03432,FALSE,22.5,Thetford,Thetford_TR_C_4,146.1896314,-16.81468166,-2.121824629,278
TR_C_5,Crest,20922.45744,FALSE,21.2962963,Thetford,Thetford_TR_C_5,146.1802507,-16.81509942,-2.273521537,294
TR_IF_1,Inner Flat,286662.1451,FALSE,48.90365449,Thetford,Thetford_TR_IF_1,146.1860252,-16.81164202,-2.145092685,285
TR_IF_2,Inner Flat,207341.3815,FALSE,72.6146789,Thetford,Thetford_TR_IF_2,146.1971534,-16.80633432,-1.430588207,262
TR_IF_3,Inner Flat,133003.9476,FALSE,29.81455064,Thetford,Thetford_TR_IF_3,146.1894145,-16.80056746,-2.277173061,280
TR_IF_4,Inner Flat,222951.8202,FALSE,32.37932507,Thetford,Thetford_TR_IF_4,146.1922182,-16.80740942,-2.361604215,275
TR_IF_5,Inner Flat,130527.0957,FALSE,37.19912473,Thetford,Thetford_TR_IF_5,146.1818333,-16.81270089,-2.095977014,295
TR_IF_6,Inner Flat,256689.6753,FALSE,59.91107818,Thetford,Thetford_TR_IF_6,146.1914258,-16.81091672,-1.836499219,279
TR_IF_7,Inner Flat,253227.1055,FALSE,41.18311982,Thetford,Thetford_TR_IF_7,146.1925625,-16.80410379,-2.382494859,276
TR_OF_1,Outer Flat,54014.20653,FALSE,60.70175439,Thetford,Thetford_TR_OF_1,146.1906072,-16.80108447,-2.619066419,280
TR_OF_2,Outer Flat,142089.569,FALSE,43.37592468,Thetford,Thetford_TR_OF_2,146.1901617,-16.81329751,-1.415978061,279
TR_OF_3,Outer Flat,226991.3332,FALSE,44.49579832,Thetford,Thetford_TR_OF_3,146.1950683,-16.80124547,-1.534381769,269
TR_OF_4,Outer Flat,144895.9873,FALSE,61.07470511,Thetford,Thetford_TR_OF_4,146.1965802,-16.80931485,-1.47360692,261
TR_OF_5,Outer Flat,27475.35958,FALSE,52.96167247,Thetford,Thetford_TR_OF_5,146.1824081,-16.80386057,-2.838602886,296
TR_OF_6,Outer Flat,108356.8193,FALSE,65.32751092,Thetford,Thetford_TR_OF_6,146.1792673,-16.81394402,-1.807110702,298
TR_OF_7,Outer Flat,29666.78815,FALSE,11.97411003,Thetford,Thetford_TR_OF_7,146.1844675,-16.81481214,-1.407585034,290
TR_SS_1,Sheltered Slope,936.6064326,TRUE,37,Thetford,Thetford_TR_SS_1,146.1869369,-16.79887679,-8.640400028,286
TR_SS_2,Sheltered Slope,20608.68716,FALSE,25.82568807,Thetford,Thetford_TR_SS_2,146.1789848,-16.8112817,-9.414579204,299
TR_S_1,Slope,189847.8462,FALSE,31.28564282,Thetford,Thetford_TR_S_1,146.1746782,-16.81224379,-13.65108166,304
TR_S_10,Slope,67441.36834,FALSE,20.84269663,Thetford,Thetford_TR_S_10,146.1985247,-16.7997051,-9.368437977,263
TR_S_11,Slope,57146.65093,FALSE,30,Thetford,Thetford_TR_S_11,146.1793987,-16.81564925,-12.52251986,298
TR_S_12,Slope,59648.3802,FALSE,33.31469649,Thetford,Thetford_TR_S_12,146.1960149,-16.81316667,-11.28070119,268
TR_S_13,Slope,140815.2352,FALSE,30.22957461,Thetford,Thetford_TR_S_13,146.1766916,-16.80759007,-12.42311788,303
TR_S_14,Slope,48092.11915,FALSE,33.79960317,Thetford,Thetford_TR_S_14,146.1842628,-16.81573606,-13.31809918,290
TR_S_2,Slope,61209.73701,FALSE,37.10403727,Thetford,Thetford_TR_S_2,146.1901429,-16.81515463,-12.33921355,278
TR_S_3,Slope,189495.9894,FALSE,31.97388247,Thetford,Thetford_TR_S_3,146.1868372,-16.79558205,-13.385037,287
TR_S_4,Slope,185140.2007,FALSE,24.89722508,Thetford,Thetford_TR_S_4,146.1945226,-16.79753379,-9.858476463,270
TR_S_5,Slope,51815.93369,FALSE,24.27777778,Thetford,Thetford_TR_S_5,146.184154,-16.7889446,-12.65107095,292
TR_S_6,Slope,40905.62359,FALSE,19.75247525,Thetford,Thetford_TR_S_6,146.2008431,-16.80417573,-6.912650004,256
TR_S_7,Slope,46842.66898,FALSE,27.09574468,Thetford,Thetford_TR_S_7,146.2003432,-16.80959513,-7.453293885,254
TR_S_8,Slope,122069.6558,FALSE,24.15752351,Thetford,Thetford_TR_S_8,146.1899951,-16.79711145,-9.960445371,281
TR_S_9,Slope,9989.258783,FALSE,34.75961538,Thetford,Thetford_TR_S_9,146.1790779,-16.79456205,-14.20916274,301
ER_BR_1,Back Reef,18452.53209,FALSE,32.40740741,Elford,Elford_ER_BR_1,146.1955084,-16.90019482,-14.59818239,265
ER_BR_10,Back Reef,31297.97185,TRUE,30.13719512,Elford,Elford_ER_BR_10,146.2895175,-16.90917556,-11.4480032,26
ER_BR_11,Back Reef,25657.95309,FALSE,35.86466165,Elford,Elford_ER_BR_11,146.2433115,-16.91090687,-13.78430045,118
ER_BR_12,Back Reef,22537.76336,FALSE,35,Elford,Elford_ER_BR_12,146.3070829,-16.91141542,-16.45790397,3
ER_BR_13,Back Reef,12201.24935,FALSE,32.61538462,Elford,Elford_ER_BR_13,146.2235761,-16.90863212,-9.424900865,185
ER_BR_14,Back Reef,18143.75725,FALSE,42.34972678,Elford,Elford_ER_BR_14,146.2057555,-16.90950595,-7.319243271,239
ER_BR_15,Back Reef,30984.94117,FALSE,28.53658537,Elford,Elford_ER_BR_15,146.2849255,-16.91071059,-11.74314099,34
ER_BR_16,Back Reef,17204.85949,FALSE,32.44505495,Elford,Elford_ER_BR_16,146.1970159,-16.91117476,-14.38201157,257
ER_BR_17,Back Reef,4692.559847,FALSE,46,Elford,Elford_ER_BR_17,146.2130419,-16.90952729,-3.587551,214
ER_BR_18,Back Reef,23790.8543,FALSE,35.52845528,Elford,Elford_ER_BR_18,146.3034437,-16.91518145,-15.66318359,5
ER_BR_19,Back Reef,50069.69823,FALSE,25.90654206,Elford,Elford_ER_BR_19,146.2504488,-16.91474734,-12.47467423,94
ER_BR_2,Back Reef,21269.01886,TRUE,34.18981481,Elford,Elford_ER_BR_2,146.212566,-16.89878481,-14.70309613,223
ER_BR_20,Back Reef,15954.79079,FALSE,28.88554217,Elford,Elford_ER_BR_20,146.202314,-16.91370369,-12.05889569,243
ER_BR_21,Back Reef,20970.06156,FALSE,31.25570776,Elford,Elford_ER_BR_21,146.2785606,-16.91426176,-14.08298991,47
ER_BR_22,Back Reef,6259.099448,FALSE,30.22727273,Elford,Elford_ER_BR_22,146.265421,-16.91306946,-14.07791667,74
ER_BR_23,Back Reef,50072.71913,FALSE,29.2630597,Elford,Elford_ER_BR_23,146.2557574,-16.91642744,-12.84875613,89
ER_BR_24,Back Reef,45065.90242,FALSE,31.70235546,Elford,Elford_ER_BR_24,146.2599958,-16.91551244,-14.23271661,84
ER_BR_25,Back Reef,43174.56294,FALSE,20.835141,Elford,Elford_ER_BR_25,146.2085192,-16.91528508,-9.189951955,229
ER_BR_26,Back Reef,27537.02472,FALSE,38.33892617,Elford,Elford_ER_BR_26,146.2383492,-16.91625574,-9.198933335,134
ER_BR_27,Back Reef,6886.046695,FALSE,41.42857143,Elford,Elford_ER_BR_27,146.2844211,-16.91523146,-3.767630771,33
ER_BR_28,Back Reef,44125.21731,TRUE,22.95851528,Elford,Elford_ER_BR_28,146.2469225,-16.91774792,-11.35929257,111
ER_BR_29,Back Reef,4693.506258,FALSE,48.93617021,Elford,Elford_ER_BR_29,146.22489,-16.91722667,-3.217531919,177
ER_BR_3,Back Reef,9071.906462,FALSE,35,Elford,Elford_ER_BR_3,146.2290545,-16.90133181,-16.52055822,163
ER_BR_30,Back Reef,13145.8731,FALSE,33.43065693,Elford,Elford_ER_BR_30,146.2698858,-16.91943316,-13.498916,67
ER_BR_31,Back Reef,30042.78226,FALSE,23.93987342,Elford,Elford_ER_BR_31,146.2403387,-16.9202633,-9.506601378,133
ER_BR_32,Back Reef,6260.24684,FALSE,5.970149254,Elford,Elford_ER_BR_32,146.2795123,-16.91891302,-5.023783358,46
ER_BR_33,Back Reef,28472.72963,FALSE,31.76369863,Elford,Elford_ER_BR_33,146.2116963,-16.91944581,-8.481659714,221
ER_BR_34,Back Reef,24105.82237,FALSE,35,Elford,Elford_ER_BR_34,146.3022876,-16.92034019,-16.89450925,6
ER_BR_35,Back Reef,12832.69009,FALSE,29.61538462,Elford,Elford_ER_BR_35,146.2649385,-16.92033784,-12.85504837,73
ER_BR_36,Back Reef,27849.03376,FALSE,28.46020761,Elford,Elford_ER_BR_36,146.219308,-16.92113773,-5.902968089,198
ER_BR_37,Back Reef,15649.39344,FALSE,36.02484472,Elford,Elford_ER_BR_37,146.2602629,-16.92114062,-10.97018589,83
ER_BR_38,Back Reef,13143.52322,FALSE,50.41353383,Elford,Elford_ER_BR_38,146.2364272,-16.92078831,-4.905183845,142
ER_BR_39,Back Reef,30047.38197,FALSE,31.66666667,Elford,Elford_ER_BR_39,146.2549658,-16.92411091,-7.178937916,87
ER_BR_4,Back Reef,27211.71401,FALSE,25.73883162,Elford,Elford_ER_BR_4,146.1976608,-16.90387766,-12.95776205,258
ER_BR_40,Back Reef,15335.64895,FALSE,33.57575758,Elford,Elford_ER_BR_40,146.248075,-16.92257008,-5.429374136,101
ER_BR_41,Back Reef,16593.11884,FALSE,35,Elford,Elford_ER_BR_41,146.2993736,-16.92423312,-15.40050646,9
ER_BR_42,Back Reef,24107.70372,FALSE,34.42,Elford,Elford_ER_BR_42,146.2947626,-16.92764287,-15.18700004,16
ER_BR_43,Back Reef,3130.295775,FALSE,45.16129032,Elford,Elford_ER_BR_43,146.2625483,-16.92822813,-4.682965509,78
ER_BR_44,Back Reef,18158.863,FALSE,34.81865285,Elford,Elford_ER_BR_44,146.2850846,-16.93047717,-17.55982877,30
ER_BR_5,Back Reef,7511.704863,FALSE,35,Elford,Elford_ER_BR_5,146.3063102,-16.90472392,-15.74397177,4
ER_BR_6,Back Reef,15330.07562,TRUE,32.56329114,Elford,Elford_ER_BR_6,146.2368239,-16.90505084,-15.29056666,144
ER_BR_7,Back Reef,32237.47596,FALSE,35,Elford,Elford_ER_BR_7,146.2985799,-16.9069933,-14.43585891,12
ER_BR_8,Back Reef,26593.78264,FALSE,27.15328467,Elford,Elford_ER_BR_8,146.2331065,-16.90815103,-8.721807263,157
ER_BR_9,Back Reef,20334.31449,FALSE,21.11904762,Elford,Elford_ER_BR_9,146.2181238,-16.90737885,-8.046009141,199
ER_C_1,Crest,131481.4036,FALSE,36.96750903,Elford,Elford_ER_C_1,146.2978562,-16.91970403,-1.046912746,13
ER_C_10,Crest,90463.15114,FALSE,31.96202532,Elford,Elford_ER_C_10,146.2984282,-16.91387958,-1.108489433,10
ER_C_11,Crest,54785.65417,FALSE,41.85248714,Elford,Elford_ER_C_11,146.2729302,-16.93045567,-1.693335778,55
ER_C_12,Crest,312.9893114,FALSE,25,Elford,Elford_ER_C_12,146.2493013,-16.92532595,-1.515333335,101
ER_C_2,Crest,100181.2991,FALSE,11.17424242,Elford,Elford_ER_C_2,146.2849309,-16.92725615,-1.248184262,31
ER_C_3,Crest,76044.65694,FALSE,40.72229141,Elford,Elford_ER_C_3,146.2303722,-16.92294658,-1.246804972,161
ER_C_4,Crest,60109.49597,FALSE,51.81674566,Elford,Elford_ER_C_4,146.2943572,-16.92460958,-1.283197349,17
ER_C_5,Crest,42261.42923,FALSE,26.35135135,Elford,Elford_ER_C_5,146.2665649,-16.93021413,-1.497098364,69
ER_C_6,Crest,12832.63163,FALSE,83.82352941,Elford,Elford_ER_C_6,146.2937454,-16.90981146,-1.464837207,20
ER_C_7,Crest,57605.03185,FALSE,31.23966942,Elford,Elford_ER_C_7,146.2894685,-16.92644931,-1.25616926,24
ER_C_8,Crest,118024.5029,FALSE,29.04263878,Elford,Elford_ER_C_8,146.2799359,-16.92823573,-1.222390346,40
ER_C_9,Crest,60083.839,FALSE,47.03821656,Elford,Elford_ER_C_9,146.2259379,-16.92371844,-1.281652173,176
ER_IF_1,Inner Flat,188134.0809,FALSE,84.21052632,Elford,Elford_ER_IF_1,146.2945581,-16.91786701,-1.198580424,19
ER_IF_10,Inner Flat,142971.6745,FALSE,51.6644474,Elford,Elford_ER_IF_10,146.2187947,-16.90954219,-2.141646271,199
ER_IF_11,Inner Flat,298165.1646,FALSE,47.93995529,Elford,Elford_ER_IF_11,146.224689,-16.91154899,-2.494762891,178
ER_IF_12,Inner Flat,260328.1465,FALSE,19.89051095,Elford,Elford_ER_IF_12,146.2214086,-16.91733719,-2.712083109,191
ER_IF_13,Inner Flat,275169.691,FALSE,67.70724939,Elford,Elford_ER_IF_13,146.2768348,-16.92673056,-1.390816654,50
ER_IF_14,Inner Flat,243769.6497,FALSE,41.12840467,Elford,Elford_ER_IF_14,146.2330644,-16.91921677,-2.067237665,156
ER_IF_15,Inner Flat,351824.4403,FALSE,52.86641428,Elford,Elford_ER_IF_15,146.2603787,-16.92549478,-2.14806371,82
ER_IF_16,Inner Flat,305541.2297,FALSE,70.18362901,Elford,Elford_ER_IF_16,146.2879227,-16.92391365,-1.249865034,27
ER_IF_17,Inner Flat,295795.606,FALSE,39.21885087,Elford,Elford_ER_IF_17,146.2916827,-16.91437137,-1.7781652,21
ER_IF_18,Inner Flat,146098.2807,FALSE,41.19558155,Elford,Elford_ER_IF_18,146.2140279,-16.91049088,-2.376063052,213
ER_IF_19,Inner Flat,255034.2244,FALSE,51.04477612,Elford,Elford_ER_IF_19,146.2281983,-16.92078007,-2.022907626,170
ER_IF_2,Inner Flat,222235.9238,FALSE,21.5661104,Elford,Elford_ER_IF_2,146.286937,-16.91551355,-1.985554956,28
ER_IF_20,Inner Flat,141128.5386,FALSE,62.08754209,Elford,Elford_ER_IF_20,146.2240435,-16.92192096,-2.147364675,184
ER_IF_21,Inner Flat,59746.65476,FALSE,43.45047923,Elford,Elford_ER_IF_21,146.2003907,-16.90884092,-2.159475712,251
ER_IF_22,Inner Flat,222246.6696,FALSE,15.62099872,Elford,Elford_ER_IF_22,146.2852908,-16.91896599,-2.183982041,32
ER_IF_23,Inner Flat,47565.26206,FALSE,20.91633466,Elford,Elford_ER_IF_23,146.2396865,-16.91740999,-2.547182393,134
ER_IF_24,Inner Flat,193672.614,FALSE,49.39113492,Elford,Elford_ER_IF_24,146.2300663,-16.911473,-2.413317223,162
ER_IF_25,Inner Flat,214742.7484,FALSE,46.21178556,Elford,Elford_ER_IF_25,146.270541,-16.92660719,-1.743524208,66
ER_IF_26,Inner Flat,30984.74566,FALSE,51.06382979,Elford,Elford_ER_IF_26,146.2552184,-16.92092573,-2.391786409,88
ER_IF_3,Inner Flat,93863.38866,FALSE,13.6958711,Elford,Elford_ER_IF_3,146.2143535,-16.91675313,-2.70184836,212
ER_IF_4,Inner Flat,335743.0998,FALSE,36.7271696,Elford,Elford_ER_IF_4,146.234638,-16.91390342,-2.283556221,148
ER_IF_5,Inner Flat,151100.4432,FALSE,37.81407035,Elford,Elford_ER_IF_5,146.2082849,-16.91124067,-2.2725166,233
ER_IF_6,Inner Flat,351542.2993,FALSE,56.52409312,Elford,Elford_ER_IF_6,146.2906926,-16.91990063,-1.64196775,25
ER_IF_7,Inner Flat,313649.0535,FALSE,32.49393204,Elford,Elford_ER_IF_7,146.2658981,-16.9257871,-2.051477635,72
ER_IF_8,Inner Flat,292370.9568,FALSE,27.32293697,Elford,Elford_ER_IF_8,146.276713,-16.92344585,-2.024515048,51
ER_IF_9,Inner Flat,437310.6825,FALSE,40.34858388,Elford,Elford_ER_IF_9,146.2823623,-16.92229787,-1.862049646,38
ER_OF_1,Outer Flat,210638.3461,FALSE,77.3465704,Elford,Elford_ER_OF_1,146.2493132,-16.92435159,-2.007982389,101
ER_OF_10,Outer Flat,116768.7539,FALSE,69.66475879,Elford,Elford_ER_OF_10,146.2739491,-16.9285914,-1.243744207,55
ER_OF_11,Outer Flat,103618.2824,FALSE,67.79505947,Elford,Elford_ER_OF_11,146.268963,-16.92908291,-1.280545545,65
ER_OF_12,Outer Flat,156185.6163,FALSE,67.64616322,Elford,Elford_ER_OF_12,146.2553541,-16.92466696,-2.455417414,87
ER_OF_13,Outer Flat,130499.9403,FALSE,66.66666667,Elford,Elford_ER_OF_13,146.2370108,-16.92218338,-2.00399158,142
ER_OF_14,Outer Flat,86652.49363,FALSE,68.6123348,Elford,Elford_ER_OF_14,146.2035728,-16.9105716,-2.629778292,244
ER_OF_15,Outer Flat,119578.385,FALSE,61.83689628,Elford,Elford_ER_OF_15,146.2624659,-16.92879587,-2.129214229,77
ER_OF_16,Outer Flat,85447.31543,FALSE,78.9293722,Elford,Elford_ER_OF_16,146.2603498,-16.92223884,-2.526621657,83
ER_OF_17,Outer Flat,28781.72885,FALSE,10.85526316,Elford,Elford_ER_OF_17,146.219195,-16.90875009,-1.690429067,199
ER_OF_18,Outer Flat,23778.65245,FALSE,75.69721116,Elford,Elford_ER_OF_18,146.2303996,-16.9108189,-1.723179915,162
ER_OF_19,Outer Flat,25347.34938,FALSE,77.6119403,Elford,Elford_ER_OF_19,146.2416868,-16.91686174,-2.37209486,128
ER_OF_2,Outer Flat,168720.223,FALSE,37.19752392,Elford,Elford_ER_OF_2,146.2968061,-16.91507134,-0.929917652,14
ER_OF_20,Outer Flat,28482.44509,FALSE,77.1043771,Elford,Elford_ER_OF_20,146.288866,-16.91209205,-2.028437279,29
ER_OF_3,Outer Flat,46647.1764,FALSE,31.21149897,Elford,Elford_ER_OF_3,146.2907532,-16.92551368,-1.023274511,24
ER_OF_4,Outer Flat,111741.5498,FALSE,48.47715736,Elford,Elford_ER_OF_4,146.2938919,-16.91175247,-1.644408397,20
ER_OF_5,Outer Flat,16592.14595,FALSE,8.620689655,Elford,Elford_ER_OF_5,146.2817536,-16.92702317,-0.701814372,40
ER_OF_6,Outer Flat,68525.34329,FALSE,65.32638889,Elford,Elford_ER_OF_6,146.2163411,-16.92042532,-3.443770349,204
ER_OF_7,Outer Flat,144319.2528,FALSE,45.45454545,Elford,Elford_ER_OF_7,146.2948569,-16.92190387,-0.726118503,18
ER_OF_8,Outer Flat,129568.4054,FALSE,54.90483163,Elford,Elford_ER_OF_8,146.2433717,-16.92325398,-1.934915122,115
ER_OF_9,Outer Flat,158322.3725,FALSE,39.48472139,Elford,Elford_ER_OF_9,146.2372048,-16.91085595,-1.681969659,143
ER_P_1,Patch,313.0111387,FALSE,0,Elford,Elford_ER_P_1,146.2801856,-16.9184448,-4.937333266,41
ER_P_2,Patch,1564.607057,FALSE,23.52941176,Elford,Elford_ER_P_2,146.2194944,-16.92314067,-2.316764698,197
ER_SS_1,Sheltered Slope,35981.50365,FALSE,37.67904509,Elford,Elford_ER_SS_1,146.2120116,-16.91848016,-8.568808886,222
ER_SS_10,Sheltered Slope,9389.681316,FALSE,35,Elford,Elford_ER_SS_10,146.2706936,-16.91770553,-17.98029346,60
ER_SS_11,Sheltered Slope,3129.261984,FALSE,30.46875,Elford,Elford_ER_SS_11,146.2214862,-16.92333229,-10.95668751,190
ER_SS_12,Sheltered Slope,5318.305293,FALSE,13.18181818,Elford,Elford_ER_SS_12,146.2198435,-16.90787373,-6.216169794,199
ER_SS_2,Sheltered Slope,135152.9604,FALSE,18.48484848,Elford,Elford_ER_SS_2,146.2095254,-16.9139619,-8.190630024,229
ER_SS_3,Sheltered Slope,28797.39342,FALSE,19.8019802,Elford,Elford_ER_SS_3,146.2789762,-16.91963552,-4.267216796,45
ER_SS_4,Sheltered Slope,23472.24737,FALSE,22.00404858,Elford,Elford_ER_SS_4,146.244336,-16.9221768,-7.597575749,116
ER_SS_5,Sheltered Slope,158343.6428,FALSE,28.47983143,Elford,Elford_ER_SS_5,146.2384554,-16.91837026,-11.08139836,134
ER_SS_6,Sheltered Slope,71946.88308,FALSE,41.24342105,Elford,Elford_ER_SS_6,146.2016454,-16.90892499,-8.698386962,245
ER_SS_7,Sheltered Slope,97606.50614,FALSE,39.04368932,Elford,Elford_ER_SS_7,146.2043318,-16.91341995,-6.567748204,238
ER_SS_8,Sheltered Slope,53826.99442,FALSE,34.63414634,Elford,Elford_ER_SS_8,146.239259,-16.92102711,-14.57077594,133
ER_SS_9,Sheltered Slope,29107.7174,TRUE,31.04234528,Elford,Elford_ER_SS_9,146.2571948,-16.92192136,-13.10364602,85
ER_S_1,Slope,386122.0815,FALSE,28.71139115,Elford,Elford_ER_S_1,146.241338,-16.91179332,-12.65024197,129
ER_S_10,Slope,233662.2501,FALSE,34.85778139,Elford,Elford_ER_S_10,146.2215824,-16.89956224,-15.80804624,193
ER_S_11,Slope,112047.7408,FALSE,32.28473998,Elford,Elford_ER_S_11,146.2787479,-16.91353647,-15.06766053,47
ER_S_12,Slope,96075.87135,TRUE,25.37055336,Elford,Elford_ER_S_12,146.2490737,-16.91810011,-12.3543539,102
ER_S_13,Slope,180331.8782,FALSE,26.79304897,Elford,Elford_ER_S_13,146.2835394,-16.92957416,-11.86651579,37
ER_S_14,Slope,106743.8999,FALSE,33.24239714,Elford,Elford_ER_S_14,146.2600031,-16.92958886,-13.3905,81
ER_S_15,Slope,178928.4517,TRUE,27.21569674,Elford,Elford_ER_S_15,146.1977267,-16.91022828,-12.13293201,257
ER_S_16,Slope,198087.9992,FALSE,27.27424749,Elford,Elford_ER_S_16,146.244958,-16.91663653,-10.89014533,117
ER_S_17,Slope,291900.4097,FALSE,34.09536251,Elford,Elford_ER_S_17,146.2389098,-16.90496515,-16.0593692,135
ER_S_18,Slope,118012.5875,FALSE,35,Elford,Elford_ER_S_18,146.3065363,-16.91279129,-17.2328226,2
ER_S_19,Slope,51633.13365,FALSE,32.67723881,Elford,Elford_ER_S_19,146.2211506,-16.92380993,-10.0922105,190
ER_S_2,Slope,190608.547,FALSE,28.75,Elford,Elford_ER_S_2,146.2922474,-16.90941682,-9.666564831,22
ER_S_20,Slope,148385.8546,FALSE,30.1887396,Elford,Elford_ER_S_20,146.3011241,-16.91842274,-11.31237737,7
ER_S_21,Slope,148898.011,FALSE,35,Elford,Elford_ER_S_21,146.2255889,-16.9000344,-16.30885878,180
ER_S_22,Slope,140754.4731,FALSE,35,Elford,Elford_ER_S_22,146.2166652,-16.89883485,-15.52368467,205
ER_S_23,Slope,68829.1595,FALSE,28.34710744,Elford,Elford_ER_S_23,146.233988,-16.90627884,-12.98135484,149
ER_S_24,Slope,69184.67193,FALSE,36.03566529,Elford,Elford_ER_S_24,146.2665188,-16.93121422,-12.72528781,69
ER_S_25,Slope,184641.2668,FALSE,29.67716942,Elford,Elford_ER_S_25,146.2559489,-16.91575348,-14.18542974,90
ER_S_26,Slope,112358.7273,FALSE,32.80694327,Elford,Elford_ER_S_26,146.2624881,-16.91827894,-16.132388,79
ER_S_27,Slope,22536.3201,FALSE,35,Elford,Elford_ER_S_27,146.3076439,-16.90742085,-18.0025446,1
ER_S_28,Slope,46006.71859,FALSE,36.07802875,Elford,Elford_ER_S_28,146.2420057,-16.92444621,-12.10829697,127
ER_S_29,Slope,64491.12296,FALSE,28.38757396,Elford,Elford_ER_S_29,146.2717795,-16.93140116,-11.79430334,59
ER_S_3,Slope,175891.6143,FALSE,29.95410367,Elford,Elford_ER_S_3,146.285473,-16.90960676,-14.27615266,35
ER_S_30,Slope,142385.4188,FALSE,33.28982597,Elford,Elford_ER_S_30,146.2522742,-16.91397586,-14.94055015,91
ER_S_31,Slope,150484.3248,TRUE,26.04702194,Elford,Elford_ER_S_31,146.2048307,-16.91624467,-9.441745353,237
ER_S_32,Slope,46612.03379,FALSE,34.78615071,Elford,Elford_ER_S_32,146.2182257,-16.90674242,-13.23435215,200
ER_S_33,Slope,187216.8031,FALSE,28.00101729,Elford,Elford_ER_S_33,146.2987445,-16.92329379,-13.54397247,9
ER_S_34,Slope,195807.5527,FALSE,32.22006786,Elford,Elford_ER_S_34,146.1979969,-16.90627528,-12.37932145,258
ER_S_35,Slope,107594.0001,TRUE,30.07042254,Elford,Elford_ER_S_35,146.2103833,-16.89835047,-14.02499536,230
ER_S_36,Slope,35675.79886,FALSE,33.02666667,Elford,Elford_ER_S_36,146.2288328,-16.92437551,-9.880845918,169
ER_S_37,Slope,70732.68424,TRUE,18.06970509,Elford,Elford_ER_S_37,146.2581505,-16.91973684,-9.177536942,85
ER_S_38,Slope,106091.2499,FALSE,34.62666667,Elford,Elford_ER_S_38,146.2615407,-16.9141817,-15.85042605,80
ER_S_39,Slope,8133.17225,FALSE,32.08333333,Elford,Elford_ER_S_39,146.204325,-16.90829968,-13.35675903,239
ER_S_4,Slope,126361.945,FALSE,26.63173653,Elford,Elford_ER_S_4,146.1944119,-16.90481359,-13.13564688,271
ER_S_40,Slope,150588.0978,FALSE,27.12428662,Elford,Elford_ER_S_40,146.2777683,-16.93102204,-12.97525222,44
ER_S_41,Slope,77299.31364,FALSE,34.84548826,Elford,Elford_ER_S_41,146.2351817,-16.92344269,-10.10376956,147
ER_S_42,Slope,70731.21925,FALSE,33.86178862,Elford,Elford_ER_S_42,146.2666741,-16.91546775,-15.63946917,70
ER_S_43,Slope,51000.48132,FALSE,33.18011257,Elford,Elford_ER_S_43,146.2105309,-16.91972189,-7.19242545,228
ER_S_44,Slope,82629.49639,FALSE,27.9350348,Elford,Elford_ER_S_44,146.2484389,-16.92586688,-10.46196323,100
ER_S_45,Slope,50707.60954,FALSE,29.7731569,Elford,Elford_ER_S_45,146.2544634,-16.92739293,-10.20914168,86
ER_S_46,Slope,37548.73066,FALSE,34.08977556,Elford,Elford_ER_S_46,146.2156929,-16.92160126,-7.813267414,204
ER_S_47,Slope,22524.10686,FALSE,33.36170213,Elford,Elford_ER_S_47,146.2248549,-16.90481641,-13.51604407,179
ER_S_48,Slope,93298.57219,FALSE,28.69609856,Elford,Elford_ER_S_48,146.2944544,-16.9268801,-12.73154406,16
ER_S_49,Slope,64115.71151,FALSE,24.0461997,Elford,Elford_ER_S_49,146.1956473,-16.90105149,-12.39380733,264
ER_S_5,Slope,223489.7603,FALSE,22.77044293,Elford,Elford_ER_S_5,146.2989672,-16.91171619,-9.088334077,11
ER_S_50,Slope,43187.80883,FALSE,35,Elford,Elford_ER_S_50,146.3023314,-16.89997131,-15.36320632,8
ER_S_6,Slope,335968.1465,FALSE,34.8611898,Elford,Elford_ER_S_6,146.2309362,-16.89973951,-17.31523842,164
ER_S_7,Slope,133017.6563,FALSE,34.113879,Elford,Elford_ER_S_7,146.2977048,-16.9068349,-13.9608625,15
ER_S_8,Slope,227492.9451,FALSE,28.71923237,Elford,Elford_ER_S_8,146.2475848,-16.9128406,-13.54212338,103
ER_S_9,Slope,214774.9256,FALSE,30.3187251,Elford,Elford_ER_S_9,146.2904511,-16.92840352,-12.24795167,23
BR_BR_1,Back Reef,19403.57704,FALSE,32.33830846,Briggs,Briggs_BR_BR_1,146.2046824,-16.93595105,-6.141994792,236
BR_C_1,Crest,76997.82018,FALSE,27.08333333,Briggs,Briggs_BR_C_1,146.2133601,-16.94010146,-1.404937985,211
BR_IF_1,Inner Flat,251632.2698,FALSE,49.86807388,Briggs,Briggs_BR_IF_1,146.205718,-16.93833438,-2.03157519,235
BR_OF_1,Outer Flat,38180.99751,FALSE,75.18796992,Briggs,Briggs_BR_OF_1,146.2039728,-16.93584034,-2.577155444,236
BR_OF_2,Outer Flat,334269.6229,FALSE,47.77856939,Briggs,Briggs_BR_OF_2,146.2105007,-16.93871522,-1.535025387,227
BR_SS_1,Sheltered Slope,70728.59382,FALSE,28.67208672,Briggs,Briggs_BR_SS_1,146.2010892,-16.93676103,-6.740519424,250
BR_S_1,Slope,48824.96308,FALSE,33.99029126,Briggs,Briggs_BR_S_1,146.2071904,-16.93876701,-11.65978793,232
BR_S_2,Slope,87942.62073,FALSE,33.49893162,Briggs,Briggs_BR_S_2,146.2004686,-16.93787265,-11.72764294,249
BR_S_3,Slope,57278.82205,FALSE,25.11054422,Briggs,Briggs_BR_S_3,146.2128012,-16.94025681,-8.872376814,220
