,siteref,x,y,site_id,habitat,area,rubble,k,Reef,reef_siteid,long,lat,sitedepth,recom_connectivity
1,L_1,35,86,1_BR_1,Back Reef,4964.379159,FALSE,3.921568627,19139100104,19139100104_1_BR_1,149.5857952,-19.51957614,0,L_1
2,L_2,37,86,1_C_1,Crest,166465.7813,FALSE,38.20224719,19139100104,19139100104_1_C_1,149.5895873,-19.51594814,0,L_2
3,L_2,37,86,1_S_1,Slope,127412.3415,FALSE,21.52094048,19139100104,19139100104_1_S_1,149.5914385,-19.51449199,0,L_2
4,L_3,36,86,1_C_2,Crest,76781.48637,FALSE,58.23244552,19139100104,19139100104_1_C_2,149.5865004,-19.51856734,0,L_3
5,L_3,36,86,1_S_3,Slope,141650.7547,FALSE,16.53386454,19139100104,19139100104_1_S_3,149.589711,-19.5188728,0,L_3
6,L_4,36,87,1_OF_1,Outer Flat,74463.47207,FALSE,31.25,19139100104,19139100104_1_OF_1,149.5855923,-19.51751962,0,L_4
7,L_4,36,87,1_S_2,Slope,202539.2102,FALSE,19.34923576,19139100104,19139100104_1_S_2,149.5846395,-19.51724739,0,L_4
8,L_5,32,81,1_BR_1,Back Reef,19533.92847,FALSE,28.95238095,19141100104,19141100104_1_BR_1,149.593956,-19.5443469,0,L_5
9,L_6,31,74,1_BR_10,Back Reef,48021.78213,FALSE,41.42574257,19141100104,19141100104_1_BR_10,149.6116721,-19.56177987,0,L_6
10,L_6,31,74,1_OF_7,Outer Flat,117901.5416,FALSE,67.79794791,19141100104,19141100104_1_OF_7,149.6120719,-19.56155584,0,L_6
11,L_7,27,80,1_BR_11,Back Reef,22186.64968,FALSE,18.77682403,19141100104,19141100104_1_BR_11,149.5833572,-19.55984479,0,L_7
12,L_8,25,80,1_BR_12,Back Reef,18545.27822,FALSE,6.532663317,19141100104,19141100104_1_BR_12,149.5819337,-19.56482732,0,L_8
13,L_9,29,75,1_BR_13,Back Reef,8280.057502,FALSE,7.954545455,19141100104,19141100104_1_BR_13,149.6062581,-19.56684343,0,L_9
14,L_10,29,81,1_BR_2,Back Reef,24170.51324,FALSE,16.25,19141100104,19141100104_1_BR_2,149.5874346,-19.55006153,0,L_10
15,L_10,29,81,1_P_1,Patch,1986.647213,FALSE,13.63636364,19141100104,19141100104_1_P_1,149.5877777,-19.55103846,0,L_10
16,L_10,29,81,1_SS_5,Sheltered Slope,89400.28418,FALSE,26.20671563,19141100104,19141100104_1_SS_5,149.5857818,-19.55243705,0,L_10
17,L_11,31,79,1_BR_3,Back Reef,10264.58863,FALSE,39.72972973,19141100104,19141100104_1_BR_3,149.5990608,-19.55002694,0,L_11
18,L_12,30,79,1_BR_4,Back Reef,46027.22407,FALSE,27.9218107,19141100104,19141100104_1_BR_4,149.595572,-19.55414766,0,L_12
19,L_12,30,79,1_SS_1,Sheltered Slope,150331.7556,FALSE,34.78637771,19141100104,19141100104_1_SS_1,149.594496,-19.55357147,0,L_12
20,L_13,28,81,1_BR_5,Back Reef,10264.68333,FALSE,21.44859813,19141100104,19141100104_1_BR_5,149.5837443,-19.55435267,0,L_13
21,L_13,28,81,1_S_8,Slope,58275.61098,FALSE,21.78006329,19141100104,19141100104_1_S_8,149.5835932,-19.55280464,0,L_13
22,L_14,32,76,1_BR_6,Back Reef,14570.76144,FALSE,45.22292994,19141100104,19141100104_1_BR_6,149.6085808,-19.55586755,0,L_14
23,L_14,32,76,1_OF_4,Outer Flat,188759.6147,FALSE,75.14940239,19141100104,19141100104_1_OF_4,149.6085004,-19.55664852,0,L_14
24,L_15,30,77,1_BR_7,Back Reef,44043.31151,FALSE,29.42184154,19141100104,19141100104_1_BR_7,149.6006335,-19.55756493,0,L_15
25,L_16,28,79,1_BR_8,Back Reef,24504.81025,FALSE,29.76923077,19141100104,19141100104_1_BR_8,149.5894554,-19.55882312,0,L_16
26,L_16,28,79,1_SS_3,Sheltered Slope,133449.2185,FALSE,33.63316936,19141100104,19141100104_1_SS_3,149.5893497,-19.5574367,0,L_16
27,L_17,29,78,1_BR_9,Back Reef,14239.80033,FALSE,38.01948052,19141100104,19141100104_1_BR_9,149.5967944,-19.55964782,0,L_17
28,L_17,29,78,1_SS_6,Sheltered Slope,216241.3926,FALSE,32.03679654,19141100104,19141100104_1_SS_6,149.5958076,-19.55828353,0,L_17
29,L_18,27,75,1_C_1,Crest,94728.2891,FALSE,31.65182987,19141100104,19141100104_1_C_1,149.5985036,-19.572022,0,L_18
30,L_18,27,75,1_IF_10,Inner Flat,50013.20974,FALSE,56.63551402,19141100104,19141100104_1_IF_10,149.5990587,-19.57092792,0,L_18
31,L_18,27,75,1_S_10,Slope,28485.27291,FALSE,28.48184818,19141100104,19141100104_1_S_10,149.600306,-19.57294303,0,L_18
32,L_19,25,77,1_C_10,Crest,47692.40658,FALSE,52.2,19141100104,19141100104_1_C_10,149.5882955,-19.57007014,0,L_19
33,L_20,29,73,1_C_11,Crest,44051.89366,FALSE,31.5565032,19141100104,19141100104_1_C_11,149.6101406,-19.56911973,0,L_20
34,L_20,29,73,1_S_1,Slope,57301.10126,FALSE,28.52090032,19141100104,19141100104_1_S_1,149.6109092,-19.56957805,0,L_20
35,L_21,26,76,1_C_12,Crest,64916.85555,FALSE,32.65895954,19141100104,19141100104_1_C_12,149.5930681,-19.57132131,0,L_21
36,L_21,26,76,1_IF_4,Inner Flat,160633.1171,FALSE,37.50731422,19141100104,19141100104_1_IF_4,149.5939244,-19.56979893,0,L_21
37,L_21,26,76,1_S_4,Slope,43389.17259,FALSE,26.14224138,19141100104,19141100104_1_S_4,149.5942252,-19.57246094,0,L_21
38,L_22,33,79,1_C_2,Crest,106943.0232,FALSE,55.28384279,19141100104,19141100104_1_C_2,149.600035,-19.54490847,0,L_22
39,L_22,33,79,1_S_3,Slope,117538.8609,FALSE,19.27773344,19141100104,19141100104_1_S_3,149.6028685,-19.54475158,0,L_22
40,L_23,28,74,1_C_3,Crest,57963.96626,FALSE,31.07890499,19141100104,19141100104_1_C_3,149.6039926,-19.57175185,0,L_23
41,L_23,28,74,1_S_2,Slope,36766.04378,FALSE,36.06410256,19141100104,19141100104_1_S_2,149.6055557,-19.5720115,0,L_23
42,L_24,32,77,1_C_4,Crest,138414.2865,FALSE,25.4076087,19141100104,19141100104_1_C_4,149.6079385,-19.55194981,0,L_24
43,L_25,32,80,1_C_5,Crest,103627.563,FALSE,33.9673913,19141100104,19141100104_1_C_5,149.5958101,-19.54282041,0,L_25
44,L_26,33,78,1_C_6,Crest,117875.027,FALSE,15.14670896,19141100104,19141100104_1_C_6,149.6042222,-19.54747752,0,L_26
45,L_27,31,73,1_C_7,Crest,140099.2438,FALSE,13.93168118,19141100104,19141100104_1_C_7,149.6167066,-19.56468869,0,L_27
46,L_27,31,73,1_OF_1,Outer Flat,112278.8582,FALSE,37.40585774,19141100104,19141100104_1_OF_1,149.6145658,-19.56566785,0,L_27
47,L_28,32,74,1_C_8,Crest,112931.8061,FALSE,27.86661143,19141100104,19141100104_1_C_8,149.6147465,-19.55967719,0,L_28
48,L_28,32,74,1_S_12,Slope,104319.4575,FALSE,13.59135914,19141100104,19141100104_1_S_12,149.6156442,-19.5582984,0,L_28
49,L_29,32,75,1_C_9,Crest,72854.70294,FALSE,22.32258065,19141100104,19141100104_1_C_9,149.6115084,-19.55604164,0,L_29
50,L_30,28,75,1_IF_1,Inner Flat,145071.1163,FALSE,48.67656553,19141100104,19141100104_1_IF_1,149.6029293,-19.56984754,0,L_30
51,L_31,28,78,1_IF_2,Inner Flat,107625.7144,FALSE,47.38219895,19141100104,19141100104_1_IF_2,149.592207,-19.5602961,0,L_31
52,L_31,28,78,1_OF_10,Outer Flat,38083.46921,FALSE,39.65517241,19141100104,19141100104_1_OF_10,149.59453,-19.56071601,0,L_31
53,L_32,31,78,1_IF_3,Inner Flat,197679.9066,FALSE,57.87842952,19141100104,19141100104_1_IF_3,149.6006119,-19.55101648,0,L_32
54,L_32,31,78,1_P_2,Patch,662.2700534,FALSE,35,19141100104,19141100104_1_P_2,149.6008376,-19.55372668,0,L_32
55,L_33,31,76,1_IF_5,Inner Flat,137764.0289,FALSE,50.41893733,19141100104,19141100104_1_IF_5,149.6063217,-19.55852127,0,L_33
56,L_34,26,78,1_IF_6,Inner Flat,286805.2388,FALSE,41.65580183,19141100104,19141100104_1_IF_6,149.5879213,-19.56728982,0,L_34
57,L_35,30,74,1_IF_7,Inner Flat,225881.1404,FALSE,46.57752902,19141100104,19141100104_1_IF_7,149.6104108,-19.56622008,0,L_35
58,L_36,31,77,1_IF_8,Inner Flat,152654.9096,FALSE,58.92440074,19141100104,19141100104_1_IF_8,149.6039232,-19.5537608,0,L_36
59,L_36,31,77,1_SS_2,Sheltered Slope,146699.7395,FALSE,35.69693095,19141100104,19141100104_1_SS_2,149.6025022,-19.55667575,0,L_36
60,L_37,27,79,1_IF_9,Inner Flat,160613.7964,FALSE,59.34387815,19141100104,19141100104_1_IF_9,149.58767,-19.56276113,0,L_37
61,L_38,30,75,1_OF_11,Outer Flat,59613.05027,FALSE,73.92686804,19141100104,19141100104_1_OF_11,149.6066448,-19.5627469,0,L_38
62,L_38,30,75,1_SS_7,Sheltered Slope,18546.16201,FALSE,41.375,19141100104,19141100104_1_SS_7,149.6080031,-19.56196146,0,L_38
63,L_39,26,80,1_OF_12,Outer Flat,31790.4729,FALSE,8.308605341,19141100104,19141100104_1_OF_12,149.5830959,-19.56135033,0,L_39
64,L_39,26,80,1_SS_4,Sheltered Slope,128816.273,FALSE,24.86632948,19141100104,19141100104_1_SS_4,149.5822786,-19.56079122,0,L_39
65,L_40,29,74,1_OF_2,Outer Flat,86116.13809,FALSE,30.97055616,19141100104,19141100104_1_OF_2,149.6069736,-19.56959215,0,L_40
66,L_41,32,79,1_OF_3,Outer Flat,121845.26,FALSE,76.28304821,19141100104,19141100104_1_OF_3,149.5990104,-19.54693043,0,L_41
67,L_42,32,78,1_OF_5,Outer Flat,175825.1227,FALSE,45.5167821,19141100104,19141100104_1_OF_5,149.6037323,-19.54997848,0,L_42
68,L_43,25,79,1_OF_6,Outer Flat,108957.5456,FALSE,42.68502582,19141100104,19141100104_1_OF_6,149.583685,-19.56703657,0,L_43
69,L_43,25,79,1_SS_8,Sheltered Slope,4967.688172,FALSE,2.142857143,19141100104,19141100104_1_SS_8,149.5825138,-19.56758841,0,L_43
70,L_43,25,79,1_S_15,Slope,42390.19392,FALSE,22.92951542,19141100104,19141100104_1_S_15,149.5815818,-19.5665646,0,L_43
71,L_44,31,81,1_OF_8,Outer Flat,27148.53994,FALSE,24.91467577,19141100104,19141100104_1_OF_8,149.5922439,-19.54394827,0,L_44
72,L_44,31,81,1_SS_9,Sheltered Slope,662.1608295,FALSE,35,19141100104,19141100104_1_SS_9,149.5903785,-19.54453378,0,L_44
73,L_44,31,81,1_S_13,Slope,47012.47105,FALSE,23.64185111,19141100104,19141100104_1_S_13,149.5914652,-19.54284688,0,L_44
74,L_45,29,77,1_OF_9,Outer Flat,83783.77128,FALSE,40.69119287,19141100104,19141100104_1_OF_9,149.5996434,-19.55960877,0,L_45
75,L_46,30,82,1_S_11,Slope,69195.99144,FALSE,31.21067031,19141100104,19141100104_1_S_11,149.5857839,-19.54582756,0,L_46
76,L_47,29,79,1_S_14,Slope,1324.519765,FALSE,35,19141100104,19141100104_1_S_14,149.5920018,-19.55475322,0,L_47
77,L_48,25,78,1_S_16,Slope,66239.5646,FALSE,25.66478076,19141100104,19141100104_1_S_16,149.5871805,-19.57045703,0,L_48
78,L_49,33,76,1_S_5,Slope,129478.028,FALSE,19.9566787,19141100104,19141100104_1_S_5,149.6114826,-19.55350137,0,L_49
79,L_50,33,80,1_S_6,Slope,96342.56287,FALSE,20.49562682,19141100104,19141100104_1_S_6,149.5967885,-19.54164952,0,L_50
80,L_51,33,77,1_S_7,Slope,84104.4971,FALSE,16.63355408,19141100104,19141100104_1_S_7,149.6075691,-19.54891376,0,L_51
81,L_52,32,73,1_S_9,Slope,141424.8172,FALSE,19.68976898,19141100104,19141100104_1_S_9,149.6180751,-19.56474268,0,L_52
82,L_53,37,65,1_BR_1,Back Reef,17225.52112,FALSE,11.01604278,19142100104,19142100104_1_BR_1,149.6534564,-19.56798748,0,L_53
83,L_53,37,65,1_P_1,Patch,1325.085614,FALSE,50,19142100104,19142100104_1_P_1,149.654512,-19.57017372,0,L_53
84,L_54,37,64,1_BR_2,Back Reef,51678.931,FALSE,26.88065099,19142100104,19142100104_1_BR_2,149.6595001,-19.56981093,0,L_54
85,L_55,35,64,1_BR_3,Back Reef,5631.847129,FALSE,21.45454545,19142100104,19142100104_1_BR_3,149.6524625,-19.57360434,0,L_55
86,L_56,37,61,1_BR_4,Back Reef,44064.95032,FALSE,25.73560768,19142100104,19142100104_1_BR_4,149.6648466,-19.57717021,0,L_56
87,L_56,37,61,1_OF_2,Outer Flat,64607.56894,FALSE,50.21645022,19142100104,19142100104_1_OF_2,149.6682116,-19.57754467,0,L_56
88,L_57,37,60,1_BR_5,Back Reef,15241.18542,FALSE,39.65625,19142100104,19142100104_1_BR_5,149.6694777,-19.57922938,0,L_57
89,L_57,37,60,1_C_4,Crest,107020.3823,FALSE,35.87051619,19142100104,19142100104_1_C_4,149.6696863,-19.57968116,0,L_57
90,L_57,37,60,1_SS_1,Sheltered Slope,7289.264521,FALSE,32.46753247,19142100104,19142100104_1_SS_1,149.6676143,-19.57968845,0,L_57
91,L_57,37,60,1_S_5,Slope,125905.9373,FALSE,23.24888227,19142100104,19142100104_1_S_5,149.670693,-19.57922086,0,L_57
92,L_58,38,64,1_C_1,Crest,25838.35304,FALSE,21.11111111,19142100104,19142100104_1_C_1,149.6582514,-19.56704854,0,L_58
93,L_58,38,64,1_OF_1,Outer Flat,30476.33307,FALSE,33.33333333,19142100104,19142100104_1_OF_1,149.6580708,-19.56785292,0,L_58
94,L_59,38,63,1_C_2,Crest,169282.4114,FALSE,18.64218141,19142100104,19142100104_1_C_2,149.6639668,-19.56908445,0,L_59
95,L_60,38,61,1_C_3,Crest,81833.53002,FALSE,51.02505695,19142100104,19142100104_1_C_3,149.6685473,-19.57509992,0,L_60
96,L_60,38,61,1_S_7,Slope,90114.43293,FALSE,13.33333333,19142100104,19142100104_1_S_7,149.6692383,-19.57348408,0,L_60
97,L_61,37,63,1_S_1,Slope,103692.6915,FALSE,31.15837104,19142100104,19142100104_1_S_1,149.6596039,-19.5722204,0,L_61
98,L_62,38,65,1_S_2,Slope,157344.7166,FALSE,24.29636255,19142100104,19142100104_1_S_2,149.6552179,-19.56585822,0,L_62
99,L_63,36,64,1_S_3,Slope,344527.6279,FALSE,27.58414767,19142100104,19142100104_1_S_3,149.6536793,-19.57148075,0,L_63
100,L_64,36,61,1_S_4,Slope,113975.6135,FALSE,26.21174524,19142100104,19142100104_1_S_4,149.6640036,-19.57930848,0,L_64
101,L_65,39,63,1_S_6,Slope,151721.3588,FALSE,10.53921569,19142100104,19142100104_1_S_6,149.6644442,-19.567387,0,L_65
102,L_66,37,62,1_S_8,Slope,205405.9254,FALSE,29.15525114,19142100104,19142100104_1_S_8,149.6638781,-19.57406728,0,L_66
103,L_67,42,51,1_BR_1,Back Reef,15907.34566,FALSE,34.58823529,19143100104,19143100104_1_BR_1,149.7085507,-19.5856868,0,L_67
104,L_67,42,51,1_S_1,Slope,60315.7057,FALSE,34.7265625,19143100104,19143100104_1_S_1,149.7088043,-19.58604353,0,L_67
105,L_68,20,79,1_C_1,Crest,81812.83085,FALSE,11.02272727,19144100104,19144100104_1_C_1,149.5684886,-19.58100711,0,L_68
106,L_68,20,79,1_OF_1,Outer Flat,75851.78845,FALSE,25.6281407,19144100104,19144100104_1_OF_1,149.5681529,-19.58204936,0,L_68
107,L_69,20,80,1_S_1,Slope,121890.91,FALSE,17.01269604,19144100104,19144100104_1_S_1,149.5677263,-19.58103317,0,L_69
108,L_70,8,89,1_BR_1,Back Reef,16229.15415,FALSE,19.16666667,19145100104,19145100104_1_BR_1,149.5075182,-19.59178483,0,L_70
109,L_71,9,89,1_S_1,Slope,195402.2441,FALSE,14.13717887,19145100104,19145100104_1_S_1,149.5091996,-19.58772813,0,L_71
110,L_72,7,89,1_S_2,Slope,75515.66446,FALSE,18.01980198,19145100104,19145100104_1_S_2,149.5068795,-19.59233277,0,L_72
111,L_73,26,66,1_BR_1,Back Reef,18556.06433,FALSE,23.73737374,19146100104,19146100104_1_BR_1,149.6243432,-19.59598714,0,L_73
112,L_73,26,66,1_C_1,Crest,145470.2681,FALSE,18.62426995,19146100104,19146100104_1_C_1,149.6271222,-19.59726931,0,L_73
113,L_73,26,66,1_IF_1,Inner Flat,23195.87221,FALSE,11.6,19146100104,19146100104_1_IF_1,149.6239567,-19.59850738,0,L_73
114,L_73,26,66,1_OF_2,Outer Flat,95433.72243,FALSE,35.38611926,19146100104,19146100104_1_OF_2,149.6265355,-19.59735319,0,L_73
115,L_74,28,64,1_BR_2,Back Reef,1325.535639,FALSE,35,19146100104,19146100104_1_BR_2,149.6365674,-19.59857739,0,L_74
116,L_75,28,60,1_BR_3,Back Reef,3645.723009,FALSE,35,19146100104,19146100104_1_BR_3,149.6475792,-19.60571415,0,L_75
117,L_75,28,60,1_S_2,Slope,60982.91789,FALSE,34.94648318,19146100104,19146100104_1_S_2,149.6466679,-19.60583386,0,L_75
118,L_75,28,60,1_S_16,Slope,120311.3126,FALSE,26.87890625,19147100104,19147100104_1_S_16,149.6498449,-19.60663058,0,L_75
119,L_76,22,61,1_BR_4,Back Reef,7292.619445,FALSE,33.58108108,19146100104,19146100104_1_BR_4,149.6312937,-19.62105563,0,L_76
120,L_76,22,61,1_S_6,Slope,78563.10058,FALSE,23.75595238,19146100104,19146100104_1_S_6,149.6316026,-19.62252426,0,L_76
121,L_77,27,65,1_C_2,Crest,126253.3833,FALSE,13.21455085,19146100104,19146100104_1_C_2,149.6320987,-19.59744753,0,L_77
122,L_77,27,65,1_OF_1,Outer Flat,76547.32045,FALSE,31.14355231,19146100104,19146100104_1_OF_1,149.6301094,-19.59791589,0,L_77
123,L_77,27,65,1_S_5,Slope,113991.1126,FALSE,16.58279221,19146100104,19146100104_1_S_5,149.6290995,-19.59726198,0,L_77
124,L_78,25,66,1_C_3,Crest,118629.9327,FALSE,18.84402217,19146100104,19146100104_1_C_3,149.6218226,-19.59878591,0,L_78
125,L_79,22,59,1_C_4,Crest,56027.86954,FALSE,5.695142379,19146100104,19146100104_1_C_4,149.6375642,-19.62883922,0,L_79
126,L_79,22,59,1_IF_2,Inner Flat,107077.9514,FALSE,49.04513889,19146100104,19146100104_1_IF_2,149.6364334,-19.62584647,0,L_79
127,L_79,22,59,1_OF_3,Outer Flat,84868.21813,FALSE,42.73224044,19146100104,19146100104_1_OF_3,149.6371706,-19.62691647,0,L_79
128,L_79,22,59,1_SS_4,Sheltered Slope,71939.41365,FALSE,28.99868248,19146100104,19146100104_1_SS_4,149.6385406,-19.62692504,0,L_79
129,L_80,26,65,1_SS_1,Sheltered Slope,8947.186951,FALSE,15.17045455,19146100104,19146100104_1_SS_1,149.628942,-19.59896844,0,L_80
130,L_81,25,67,1_SS_2,Sheltered Slope,4639.006596,FALSE,3.921568627,19146100104,19146100104_1_SS_2,149.6197598,-19.59693498,0,L_81
131,L_81,25,67,1_S_4,Slope,141161.5988,FALSE,20.48666667,19146100104,19146100104_1_S_4,149.6205205,-19.59839446,0,L_81
132,L_82,22,60,1_SS_3,Sheltered Slope,128953.8081,FALSE,22.08667152,19146100104,19146100104_1_SS_3,149.6354127,-19.62396269,0,L_82
133,L_82,22,60,1_S_10,Slope,36134.80865,FALSE,24.22193878,19146100104,19146100104_1_S_10,149.6340629,-19.62669572,0,L_82
134,L_83,27,64,1_S_1,Slope,80524.47624,FALSE,20.01744186,19146100104,19146100104_1_S_1,149.633811,-19.5976275,0,L_83
135,L_84,22,63,1_S_11,Slope,41100.71491,FALSE,35,19146100104,19146100104_1_S_11,149.6251898,-19.61706935,0,L_84
136,L_85,25,60,1_S_12,Slope,16904.62619,FALSE,22.93956044,19146100104,19146100104_1_S_12,149.6399344,-19.61481734,0,L_85
137,L_86,26,67,1_S_3,Slope,9277.860687,FALSE,27.19387755,19146100104,19146100104_1_S_3,149.6241922,-19.59470893,0,L_86
138,L_87,23,60,1_S_7,Slope,54694.9633,FALSE,19.59412781,19146100104,19146100104_1_S_7,149.6347154,-19.62065312,0,L_87
139,L_88,22,58,1_S_8,Slope,75920.63754,FALSE,18.36633663,19146100104,19146100104_1_S_8,149.6401454,-19.62936687,0,L_88
140,L_89,28,62,1_S_9,Slope,78212.76015,FALSE,35,19146100104,19146100104_1_S_9,149.6420043,-19.60288293,0,L_89
141,L_90,28,59,1_BR_1,Back Reef,19555.28677,FALSE,29.64622642,19147100104,19147100104_1_BR_1,149.650134,-19.60858479,0,L_90
142,L_90,28,59,1_C_5,Crest,112692.2913,FALSE,22.75,19147100104,19147100104_1_C_5,149.6533812,-19.60832458,0,L_90
143,L_90,28,59,1_SS_6,Sheltered Slope,30493.20884,FALSE,32.23076923,19147100104,19147100104_1_SS_6,149.6495645,-19.60923162,0,L_90
144,L_91,28,46,1_BR_10,Back Reef,15919.07394,FALSE,28.51851852,19147100104,19147100104_1_BR_10,149.6907361,-19.64237682,0,L_91
145,L_92,25,47,1_BR_11,Back Reef,8291.358876,FALSE,20.05555556,19147100104,19147100104_1_BR_11,149.6810133,-19.64617541,0,L_92
146,L_92,25,47,1_C_4,Crest,70313.15595,FALSE,27.00534759,19147100104,19147100104_1_C_4,149.6808918,-19.64867436,0,L_92
147,L_92,25,47,1_IF_4,Inner Flat,64673.66771,FALSE,23.74100719,19147100104,19147100104_1_IF_4,149.682336,-19.64704227,0,L_92
148,L_92,25,47,1_OF_11,Outer Flat,14593.09013,FALSE,38.06451613,19147100104,19147100104_1_OF_11,149.6799169,-19.647895,0,L_92
149,L_93,28,58,1_BR_2,Back Reef,14584.55581,TRUE,13.2,19147100104,19147100104_1_BR_2,149.6536789,-19.61239267,0,L_93
150,L_93,28,58,1_OF_10,Outer Flat,109381.7173,FALSE,57.02054795,19147100104,19147100104_1_OF_10,149.6536795,-19.61079618,0,L_93
151,L_94,27,57,1_BR_3,Back Reef,29502.24138,FALSE,41.76751592,19147100104,19147100104_1_BR_3,149.6561074,-19.61583079,0,L_94
152,L_94,27,57,1_S_21,Slope,994.4753919,FALSE,35,19147100104,19147100104_1_S_21,149.6550348,-19.617365,0,L_94
153,L_95,27,54,1_BR_4,Back Reef,19229.47941,FALSE,33.03921569,19147100104,19147100104_1_BR_4,149.6650533,-19.6259397,0,L_95
154,L_95,27,54,1_SS_12,Sheltered Slope,34480.19508,FALSE,24.48648649,19147100104,19147100104_1_SS_12,149.6638725,-19.62570059,0,L_95
155,L_96,30,50,1_BR_5,Back Reef,8289.055948,FALSE,35,19147100104,19147100104_1_BR_5,149.6835325,-19.62576272,0,L_96
156,L_96,30,50,1_SS_7,Sheltered Slope,69296.83295,FALSE,26.67574932,19147100104,19147100104_1_SS_7,149.6847294,-19.62581352,0,L_96
157,L_97,24,56,1_BR_6,Back Reef,6962.203203,FALSE,23.6,19147100104,19147100104_1_BR_6,149.6520033,-19.62704423,0,L_97
158,L_97,24,56,1_SS_9,Sheltered Slope,50394.04599,FALSE,41.91509434,19147100104,19147100104_1_SS_9,149.6532871,-19.62809179,0,L_97
159,L_98,28,48,1_BR_7,Back Reef,31170.71607,FALSE,20.91317365,19147100104,19147100104_1_BR_7,149.6856764,-19.63410052,0,L_98
160,L_98,28,48,1_S_15,Slope,91191.6438,FALSE,19.34224049,19147100104,19147100104_1_S_15,149.6853206,-19.63474697,0,L_98
161,L_99,29,47,1_BR_8,Back Reef,32829.99899,FALSE,30.38348083,19147100104,19147100104_1_BR_8,149.6912859,-19.63552935,0,L_99
162,L_99,29,47,1_S_17,Slope,72292.41796,FALSE,19.72762646,19147100104,19147100104_1_S_17,149.690763,-19.63574784,0,L_99
163,L_100,23,54,1_BR_9,Back Reef,32495.23942,FALSE,16.51603499,19147100104,19147100104_1_BR_9,149.6539815,-19.63745649,0,L_100
164,L_100,23,54,1_P_1,Patch,4973.698995,FALSE,46.15384615,19147100104,19147100104_1_P_1,149.6555425,-19.63619444,0,L_100
165,L_100,23,54,1_SS_8,Sheltered Slope,35809.98863,FALSE,39.14728682,19147100104,19147100104_1_SS_8,149.6538618,-19.63530975,0,L_100
166,L_100,23,54,1_S_6,Slope,213876.2204,FALSE,17.6892779,19147100104,19147100104_1_S_6,149.6561136,-19.6384482,0,L_100
167,L_101,29,57,1_C_1,Crest,148828.9581,FALSE,39.1959799,19147100104,19147100104_1_C_1,149.657989,-19.61146342,0,L_101
168,L_101,29,57,1_S_12,Slope,28506.85119,FALSE,36.14006515,19147100104,19147100104_1_S_12,149.6615655,-19.6122062,0,L_101
169,L_102,29,54,1_C_2,Crest,112384.3752,FALSE,36.5752286,19147100104,19147100104_1_C_2,149.6682052,-19.61972857,0,L_102
170,L_102,29,54,1_S_20,Slope,55696.06713,FALSE,20.73355818,19147100104,19147100104_1_S_20,149.6699505,-19.62079405,0,L_102
171,L_103,29,56,1_C_3,Crest,111380.6606,FALSE,31.19188504,19147100104,19147100104_1_C_3,149.6634997,-19.61498129,0,L_103
172,L_104,31,49,1_C_6,Crest,120688.8674,FALSE,39.50426026,19147100104,19147100104_1_C_6,149.6884493,-19.62472775,0,L_104
173,L_105,26,46,1_C_7,Crest,123047.5963,FALSE,6.120887529,19147100104,19147100104_1_C_7,149.6866903,-19.64705687,0,L_105
174,L_105,26,46,1_S_11,Slope,54393.77842,FALSE,23.94017094,19147100104,19147100104_1_S_11,149.6873439,-19.64791484,0,L_105
175,L_106,31,48,1_C_8,Crest,45427.03495,FALSE,17.87784679,19147100104,19147100104_1_C_8,149.6927387,-19.62831277,0,L_106
176,L_106,31,48,1_S_14,Slope,59352.71071,FALSE,24.91352201,19147100104,19147100104_1_S_14,149.6931829,-19.62717471,0,L_106
177,L_107,30,49,1_IF_1,Inner Flat,156507.271,FALSE,67.38609113,19147100104,19147100104_1_IF_1,149.688322,-19.62913966,0,L_107
178,L_107,30,49,1_OF_6,Outer Flat,235087.0826,FALSE,40.07984032,19147100104,19147100104_1_OF_6,149.6883852,-19.62748504,0,L_107
179,L_108,27,55,1_IF_2,Inner Flat,164766.9095,FALSE,63.44513928,19147100104,19147100104_1_IF_2,149.6639294,-19.62195058,0,L_108
180,L_109,28,56,1_IF_3,Inner Flat,112376.5989,FALSE,58.43071786,19147100104,19147100104_1_IF_3,149.6602929,-19.61667185,0,L_109
181,L_109,28,56,1_OF_3,Outer Flat,136571.7864,FALSE,37.43131868,19147100104,19147100104_1_OF_3,149.6603843,-19.61461459,0,L_109
182,L_110,25,55,1_IF_5,Inner Flat,24864.99671,FALSE,47.95539033,19147100104,19147100104_1_IF_5,149.6560641,-19.62603735,0,L_110
183,L_110,25,55,1_OF_5,Outer Flat,161458.5436,FALSE,31.30081301,19147100104,19147100104_1_OF_5,149.6560726,-19.62684407,0,L_110
184,L_110,25,55,1_S_18,Slope,48405.79004,FALSE,25.73613767,19147100104,19147100104_1_S_18,149.6589682,-19.62819056,0,L_110
185,L_111,26,47,1_OF_1,Outer Flat,126693.0175,FALSE,33.82461312,19147100104,19147100104_1_OF_1,149.6854463,-19.64572182,0,L_111
186,L_111,26,47,1_SS_5,Sheltered Slope,93856.77037,FALSE,24.8839556,19147100104,19147100104_1_SS_5,149.684078,-19.64437697,0,L_111
187,L_112,28,54,1_OF_2,Outer Flat,290086.206,FALSE,41.64781906,19147100104,19147100104_1_OF_2,149.6662391,-19.6222926,0,L_112
188,L_113,26,55,1_OF_4,Outer Flat,122999.3766,FALSE,56.20715918,19147100104,19147100104_1_OF_4,149.6610232,-19.62516568,0,L_113
189,L_114,30,48,1_OF_7,Outer Flat,158834.8578,FALSE,45.07955215,19147100104,19147100104_1_OF_7,149.6916508,-19.63127592,0,L_114
190,L_115,28,55,1_OF_8,Outer Flat,75583.25018,FALSE,46.54320988,19147100104,19147100104_1_OF_8,149.6640199,-19.61817269,0,L_115
191,L_116,27,56,1_OF_9,Outer Flat,108073.5794,FALSE,61.31830009,19147100104,19147100104_1_OF_9,149.6587561,-19.62126144,0,L_116
192,L_117,26,57,1_SS_1,Sheltered Slope,103096.7019,FALSE,27.01992754,19147100104,19147100104_1_SS_1,149.6549538,-19.6192832,0,L_117
193,L_118,29,48,1_SS_10,Sheltered Slope,95172.19595,FALSE,11.87745098,19147100104,19147100104_1_SS_10,149.6897945,-19.63465152,0,L_118
194,L_119,25,48,1_SS_11,Sheltered Slope,83908.80326,FALSE,24.12290503,19147100104,19147100104_1_SS_11,149.6796909,-19.64670161,0,L_119
195,L_120,29,49,1_SS_2,Sheltered Slope,184693.4196,FALSE,19.5242915,19147100104,19147100104_1_SS_2,149.6849391,-19.63054646,0,L_120
196,L_121,25,56,1_SS_3,Sheltered Slope,97468.22228,FALSE,36.38888889,19147100104,19147100104_1_SS_3,149.6551053,-19.62438926,0,L_121
197,L_122,27,58,1_SS_4,Sheltered Slope,90825.06475,FALSE,30.34800409,19147100104,19147100104_1_SS_4,149.6542258,-19.61466087,0,L_122
198,L_123,27,46,1_S_1,Slope,192687.0396,FALSE,23.8950677,19147100104,19147100104_1_S_1,149.6886334,-19.64284178,0,L_123
199,L_124,26,54,1_S_10,Slope,101784.6769,FALSE,20.47838086,19147100104,19147100104_1_S_10,149.6638648,-19.62695876,0,L_124
200,L_125,27,53,1_S_13,Slope,65314.57755,FALSE,23.8705036,19147100104,19147100104_1_S_13,149.6681732,-19.62591668,0,L_125
201,L_126,26,53,1_S_19,Slope,59682.11455,FALSE,22.37089202,19147100104,19147100104_1_S_19,149.6651959,-19.63118689,0,L_126
202,L_127,31,50,1_S_2,Slope,107754.6629,FALSE,30.28187337,19147100104,19147100104_1_S_2,149.6863272,-19.62307479,0,L_127
203,L_128,23,52,1_S_22,Slope,994.8574105,FALSE,35,19147100104,19147100104_1_S_22,149.6628429,-19.64289769,0,L_128
204,L_129,29,58,1_S_3,Slope,44414.72224,FALSE,15.92827004,19147100104,19147100104_1_S_3,149.6562685,-19.60876381,0,L_129
205,L_130,24,47,1_S_4,Slope,30845.24323,FALSE,22.59146341,19147100104,19147100104_1_S_4,149.6804381,-19.64952469,0,L_130
206,L_131,30,47,1_S_5,Slope,68642.33529,FALSE,16.46657572,19147100104,19147100104_1_S_5,149.6936775,-19.63267075,0,L_131
207,L_132,22,55,1_S_7,Slope,91514.44137,FALSE,21.74024641,19147100104,19147100104_1_S_7,149.6509044,-19.63603335,0,L_132
208,L_133,30,52,1_S_8,Slope,91169.56941,FALSE,28.69144603,19147100104,19147100104_1_S_8,149.6772942,-19.61938014,0,L_133
209,L_134,29,55,1_S_9,Slope,52708.68193,FALSE,32.22423146,19147100104,19147100104_1_S_9,149.6667604,-19.61659146,0,L_134
210,L_135,39,46,1_BR_1,Back Reef,22874.21141,FALSE,11.6122449,19149100104,19149100104_1_BR_1,149.7180586,-19.60649055,0,L_135
211,L_136,40,45,1_BR_2,Back Reef,19560.07359,FALSE,38.7254902,19149100104,19149100104_1_BR_2,149.7230374,-19.60884082,0,L_136
212,L_136,40,45,1_OF_4,Outer Flat,74922.35548,FALSE,49.3133583,19149100104,19149100104_1_OF_4,149.7233314,-19.60623243,0,L_136
213,L_137,41,45,1_C_1,Crest,126308.0778,FALSE,18.99482631,19149100104,19149100104_1_C_1,149.7261367,-19.60609659,0,L_137
214,L_137,41,45,1_S_4,Slope,117022.4236,FALSE,26.26501201,19149100104,19149100104_1_S_4,149.7257405,-19.60426005,0,L_137
215,L_138,40,46,1_C_2,Crest,46080.0186,FALSE,18.29268293,19149100104,19149100104_1_C_2,149.7184068,-19.606541,0,L_138
216,L_138,40,46,1_S_1,Slope,144205.1067,FALSE,20.99478147,19149100104,19149100104_1_S_1,149.7185496,-19.60544848,0,L_138
217,L_139,41,43,1_C_3,Crest,62993.02057,FALSE,22.55639098,19149100104,19149100104_1_C_3,149.7307964,-19.61036824,0,L_139
218,L_139,41,43,1_S_3,Slope,105096.1668,FALSE,19.12366548,19149100104,19149100104_1_S_3,149.731226,-19.60842851,0,L_139
219,L_140,39,45,1_IF_1,Inner Flat,263576.6161,FALSE,66.10953058,19149100104,19149100104_1_IF_1,149.7216778,-19.61264849,0,L_140
220,L_140,39,45,1_OF_1,Outer Flat,271193.4324,FALSE,58.73015873,19149100104,19149100104_1_OF_1,149.7195686,-19.61086432,0,L_140
221,L_141,40,44,1_OF_2,Outer Flat,214835.9176,FALSE,52.7486911,19149100104,19149100104_1_OF_2,149.7279993,-19.60988193,0,L_141
222,L_142,39,44,1_OF_3,Outer Flat,225455.2478,FALSE,52.86516854,19149100104,19149100104_1_OF_3,149.7259872,-19.61355842,0,L_142
223,L_143,40,42,1_P_1,Patch,2984.114273,FALSE,12.5,19149100104,19149100104_1_P_1,149.7330845,-19.61543106,0,L_143
224,L_144,38,46,1_SS_1,Sheltered Slope,58018.16184,FALSE,25.32414911,19149100104,19149100104_1_SS_1,149.7165716,-19.61157405,0,L_144
225,L_145,39,43,1_SS_2,Sheltered Slope,5305.010405,FALSE,40.35087719,19149100104,19149100104_1_SS_2,149.7261106,-19.61595973,0,L_145
226,L_145,39,43,1_S_6,Slope,57028.91529,FALSE,26.54859967,19149100104,19149100104_1_S_6,149.7261341,-19.61602248,0,L_145
227,L_146,40,43,1_S_2,Slope,315643.9684,FALSE,18.32393112,19149100104,19149100104_1_S_2,149.7319581,-19.61365919,0,L_146
228,L_147,38,45,1_S_5,Slope,23208.21395,FALSE,40.62248996,19149100104,19149100104_1_S_5,149.7180548,-19.61414036,0,L_147
229,L_148,37,42,1_S_1,Slope,125676.761,FALSE,18.93759287,19150100104,19150100104_1_S_1,149.7246417,-19.62443009,0,L_148
230,L_149,39,33,1_C_1,Crest,100839.9967,FALSE,25.65298507,19153100104,19153100104_1_C_1,149.7582215,-19.64017157,0,L_149
231,L_150,39,34,1_SS_1,Sheltered Slope,16917.22352,FALSE,23.1741573,19153100104,19153100104_1_SS_1,149.7558288,-19.64067371,0,L_150
232,L_151,40,33,1_S_1,Slope,112118.1059,FALSE,26.32427844,19153100104,19153100104_1_S_1,149.7602139,-19.63967835,0,L_151
233,L_152,30,39,1_BR_1,Back Reef,3317.190682,FALSE,29.70588235,19155100104,19155100104_1_BR_1,149.7173279,-19.65155847,0,L_152
234,L_152,30,39,1_C_1,Crest,77294.6104,FALSE,22.2705314,19155100104,19155100104_1_C_1,149.7195139,-19.65480412,0,L_152
235,L_152,30,39,1_SS_1,Sheltered Slope,2985.613628,FALSE,5.151515152,19155100104,19155100104_1_SS_1,149.7181498,-19.654762,0,L_152
236,L_152,30,39,1_S_1,Slope,212642.9751,FALSE,19.14456233,19155100104,19155100104_1_S_1,149.7191313,-19.65484798,0,L_152
237,L_153,36,32,1_BR_1,Back Reef,2322.298296,FALSE,40.18518519,19156100104,19156100104_1_BR_1,149.7542993,-19.65106863,0,L_153
238,L_153,36,32,1_C_2,Crest,47111.26398,FALSE,33.46456693,19156100104,19156100104_1_C_2,149.7540763,-19.65382537,0,L_153
239,L_154,36,29,1_BR_2,Back Reef,5972.552405,FALSE,29.35483871,19156100104,19156100104_1_BR_2,149.7629376,-19.66016709,0,L_154
240,L_154,36,29,1_S_5,Slope,63043.37928,FALSE,19.77037037,19156100104,19156100104_1_S_5,149.7626331,-19.65997637,0,L_154
241,L_155,33,33,1_BR_3,Back Reef,9290.046544,TRUE,26.73469388,19156100104,19156100104_1_BR_3,149.7465718,-19.65943108,0,L_155
242,L_155,33,33,1_P_1,Patch,3649.60127,FALSE,5,19156100104,19156100104_1_P_1,149.7439836,-19.65886238,0,L_155
243,L_155,33,33,1_SS_1,Sheltered Slope,159586.7587,FALSE,32.76339023,19156100104,19156100104_1_SS_1,149.7446393,-19.65855202,0,L_155
244,L_156,31,31,1_BR_4,Back Reef,5641.113305,FALSE,7.8125,19156100104,19156100104_1_BR_4,149.7458557,-19.66882421,0,L_156
245,L_156,31,31,1_SS_5,Sheltered Slope,97889.94905,FALSE,34.01728844,19156100104,19156100104_1_SS_5,149.7454681,-19.66894519,0,L_156
246,L_157,32,27,1_BR_5,Back Reef,5973.982189,FALSE,30.08196721,19156100104,19156100104_1_BR_5,149.7627988,-19.67731887,0,L_157
247,L_158,29,30,1_BR_6,Back Reef,4646.170859,FALSE,29.34782609,19156100104,19156100104_1_BR_6,149.7453626,-19.67737683,0,L_158
248,L_159,30,28,1_BR_7,Back Reef,8960.861473,FALSE,25.63829787,19156100104,19156100104_1_BR_7,149.7522646,-19.67887702,0,L_159
249,L_160,38,32,1_C_1,Crest,113789.3541,FALSE,47.15993405,19156100104,19156100104_1_C_1,149.7597859,-19.64774462,0,L_160
250,L_160,38,32,1_S_4,Slope,161558.8881,FALSE,26.66666667,19156100104,19156100104_1_S_4,149.7603651,-19.6466863,0,L_160
251,L_161,33,31,1_C_3,Crest,94231.70151,FALSE,57.59682224,19156100104,19156100104_1_C_3,149.750645,-19.66158186,0,L_161
252,L_161,33,31,1_OF_6,Outer Flat,54417.70901,FALSE,44.32989691,19156100104,19156100104_1_OF_6,149.7499327,-19.66466349,0,L_161
253,L_161,33,31,1_SS_3,Sheltered Slope,45789.97704,FALSE,38.06352459,19156100104,19156100104_1_SS_3,149.749157,-19.66401039,0,L_161
254,L_162,32,30,1_C_4,Crest,81632.47238,FALSE,21.51898734,19156100104,19156100104_1_C_4,149.7499044,-19.66984675,0,L_162
255,L_163,30,30,1_C_5,Crest,47125.14306,FALSE,15.87301587,19156100104,19156100104_1_C_5,149.7486195,-19.67615817,0,L_163
256,L_163,30,30,1_OF_7,Outer Flat,26881.32061,FALSE,28.27586207,19156100104,19156100104_1_OF_7,149.7478759,-19.67653688,0,L_163
257,L_163,30,30,1_SS_6,Sheltered Slope,49115.18842,FALSE,29.81695568,19156100104,19156100104_1_SS_6,149.7478137,-19.67465928,0,L_163
258,L_164,37,33,1_IF_1,Inner Flat,79619.65597,FALSE,56.11764706,19156100104,19156100104_1_IF_1,149.7547688,-19.64916438,0,L_164
259,L_164,37,33,1_OF_1,Outer Flat,165207.1767,FALSE,43.35031126,19156100104,19156100104_1_OF_1,149.7564334,-19.64721716,0,L_164
260,L_165,35,32,1_OF_2,Outer Flat,66024.12968,FALSE,25.1788269,19156100104,19156100104_1_OF_2,149.7514461,-19.65660877,0,L_165
261,L_165,35,32,1_S_3,Slope,25546.81392,FALSE,36.38888889,19156100104,19156100104_1_S_3,149.7533778,-19.65556858,0,L_165
262,L_166,36,33,1_OF_3,Outer Flat,186446.2193,FALSE,47.95943916,19156100104,19156100104_1_OF_3,149.7537323,-19.65075599,0,L_166
263,L_166,36,33,1_SS_7,Sheltered Slope,61373.04751,FALSE,35.41856925,19156100104,19156100104_1_SS_7,149.7522636,-19.6492384,0,L_166
264,L_167,35,33,1_OF_4,Outer Flat,89575.05317,FALSE,61.42335766,19156100104,19156100104_1_OF_4,149.7477746,-19.6531371,0,L_167
265,L_167,35,33,1_SS_2,Sheltered Slope,165881.8923,FALSE,36.11708145,19156100104,19156100104_1_SS_2,149.7495767,-19.65364986,0,L_167
266,L_168,31,30,1_OF_5,Outer Flat,54753.66271,FALSE,35.10273973,19156100104,19156100104_1_OF_5,149.7491371,-19.67025443,0,L_168
267,L_168,31,30,1_S_9,Slope,24889.0495,FALSE,26.7032967,19156100104,19156100104_1_S_9,149.7504758,-19.67287688,0,L_168
268,L_169,38,33,1_SS_4,Sheltered Slope,24216.50787,FALSE,34.63178295,19156100104,19156100104_1_SS_4,149.7566757,-19.64536624,0,L_169
269,L_170,37,32,1_S_1,Slope,84267.51504,FALSE,35.09988901,19156100104,19156100104_1_S_1,149.757473,-19.65139992,0,L_170
270,L_171,30,29,1_S_10,Slope,78654.72944,FALSE,22.71971496,19156100104,19156100104_1_S_10,149.7502611,-19.67777861,0,L_171
271,L_172,30,32,1_S_11,Slope,51433.54657,FALSE,22.02727273,19156100104,19156100104_1_S_11,149.7413778,-19.66968423,0,L_172
272,L_173,32,31,1_S_2,Slope,48446.62318,FALSE,29.73988439,19156100104,19156100104_1_S_2,149.7509658,-19.66676893,0,L_173
273,L_174,34,27,1_S_6,Slope,67699.32393,FALSE,32.28472222,19156100104,19156100104_1_S_6,149.7642709,-19.67083834,0,L_174
274,L_175,33,27,1_S_7,Slope,53764.17182,FALSE,41.20659722,19156100104,19156100104_1_S_7,149.7632181,-19.67500052,0,L_175
275,L_176,34,31,1_S_8,Slope,57068.87609,FALSE,31.06260297,19156100104,19156100104_1_S_8,149.7516378,-19.66006364,0,L_176
276,L_177,4,66,1_BR_1,Back Reef,16580.68298,FALSE,8.47826087,19157100104,19157100104_1_BR_1,149.5738868,-19.66304179,0,L_177
277,L_177,4,66,1_IF_1,Inner Flat,53058.87184,FALSE,7.985865724,19157100104,19157100104_1_IF_1,149.5741043,-19.66391395,0,L_177
278,L_178,4,64,1_C_1,Crest,201310.8907,FALSE,13.76744186,19157100104,19157100104_1_C_1,149.5788777,-19.66943232,0,L_178
279,L_179,4,65,1_C_2,Crest,119389.5766,FALSE,6.072555205,19157100104,19157100104_1_C_2,149.5755246,-19.6678295,0,L_179
280,L_179,4,65,1_OF_1,Outer Flat,239435.469,FALSE,19.22927209,19157100104,19157100104_1_OF_1,149.5758563,-19.66567163,0,L_179
281,L_180,5,63,1_C_3,Crest,208941.0695,FALSE,17.10585083,19157100104,19157100104_1_C_3,149.5835276,-19.66907882,0,L_180
282,L_180,5,63,1_S_3,Slope,77607.8404,FALSE,26.24849216,19157100104,19157100104_1_S_3,149.5848607,-19.66982273,0,L_180
283,L_181,5,65,1_C_4,Crest,71629.69805,FALSE,10.71428571,19157100104,19157100104_1_C_4,149.5766473,-19.66351886,0,L_181
284,L_181,5,65,1_SS_1,Sheltered Slope,18901.86892,FALSE,18.1773399,19157100104,19157100104_1_SS_1,149.5773199,-19.66179561,0,L_181
285,L_181,5,65,1_S_1,Slope,27855.52985,FALSE,24.76027397,19157100104,19157100104_1_S_1,149.579348,-19.661676,0,L_181
286,L_182,5,64,1_IF_2,Inner Flat,61020.20307,FALSE,9.589041096,19157100104,19157100104_1_IF_2,149.5806375,-19.66526159,0,L_182
287,L_182,5,64,1_OF_2,Outer Flat,211255.6997,FALSE,42.84444444,19157100104,19157100104_1_OF_2,149.5812928,-19.66727178,0,L_182
288,L_183,3,65,1_SS_2,Sheltered Slope,33495.02299,FALSE,10.84958217,19157100104,19157100104_1_SS_2,149.5732573,-19.66755538,0,L_183
289,L_184,6,64,1_S_2,Slope,53724.10342,FALSE,25.18453427,19157100104,19157100104_1_S_2,149.5832894,-19.66434638,0,L_184
290,L_185,3,64,1_S_4,Slope,28853.32209,FALSE,24.31666667,19157100104,19157100104_1_S_4,149.5745875,-19.6701404,0,L_185
291,L_186,3,63,1_S_5,Slope,35819.59531,FALSE,19.35013263,19157100104,19157100104_1_S_5,149.578702,-19.67249411,0,L_186
292,L_187,22,42,1_BR_1,Back Reef,1990.674568,FALSE,35,19158100104,19158100104_1_BR_1,149.6912173,-19.6706366,0,L_187
293,L_188,23,39,1_BR_2,Back Reef,995.4048983,FALSE,35,19158100104,19158100104_1_BR_2,149.7031193,-19.67268613,0,L_188
294,L_189,23,38,1_P_1,Patch,1659.072259,FALSE,15.78947368,19158100104,19158100104_1_P_1,149.7045866,-19.67510372,0,L_189
295,L_189,23,38,1_S_2,Slope,91247.75567,FALSE,13.02265705,19158100104,19158100104_1_S_2,149.7045083,-19.67416774,0,L_189
296,L_190,22,41,1_S_1,Slope,23224.69475,FALSE,35,19158100104,19158100104_1_S_1,149.6917235,-19.67100249,0,L_190
297,L_191,14,48,1_BR_1,Back Reef,26209.16611,FALSE,35,19161100104,19161100104_1_BR_1,149.6521954,-19.67611943,0,L_191
298,L_192,13,50,1_BR_2,Back Reef,6634.921356,FALSE,35,19161100104,19161100104_1_BR_2,149.6434739,-19.67485247,0,L_192
299,L_193,14,46,1_BR_3,Back Reef,34507.18161,FALSE,35,19161100104,19161100104_1_BR_3,149.6579769,-19.68298774,0,L_193
300,L_193,14,46,1_S_3,Slope,96221.40134,FALSE,35,19161100104,19161100104_1_S_3,149.6580792,-19.68255577,0,L_193
301,L_194,13,45,1_BR_4,Back Reef,29532.73715,FALSE,33.34375,19161100104,19161100104_1_BR_4,149.661762,-19.68827534,0,L_194
302,L_194,13,45,1_S_5,Slope,160604.5347,FALSE,35,19161100104,19161100104_1_S_5,149.6594152,-19.6886271,0,L_194
303,L_195,11,48,1_BR_5,Back Reef,12608.77408,FALSE,35,19161100104,19161100104_1_BR_5,149.6468856,-19.68779267,0,L_195
304,L_195,11,48,1_S_2,Slope,28535.38895,FALSE,35,19161100104,19161100104_1_S_2,149.6455811,-19.6874584,0,L_195
305,L_196,12,45,1_BR_6,Back Reef,13273.28253,FALSE,35,19161100104,19161100104_1_BR_6,149.6569095,-19.69019795,0,L_196
306,L_197,14,43,1_C_1,Crest,82296.7163,FALSE,21.33027523,19161100104,19161100104_1_C_1,149.6670178,-19.68984997,0,L_197
307,L_197,14,43,1_IF_1,Inner Flat,232289.7922,FALSE,25.32258065,19161100104,19161100104_1_IF_1,149.666155,-19.69026243,0,L_197
308,L_197,14,43,1_S_9,Slope,52432.77712,FALSE,22.7570922,19161100104,19161100104_1_S_9,149.6691282,-19.69181309,0,L_197
309,L_198,14,47,1_S_1,Slope,146646.1132,FALSE,35,19161100104,19161100104_1_S_1,149.6547015,-19.67917584,0,L_198
310,L_199,14,44,1_S_4,Slope,145672.0701,FALSE,22.23003195,19161100104,19161100104_1_S_4,149.66476,-19.68724486,0,L_199
311,L_200,13,44,1_S_6,Slope,169903.6681,FALSE,20.570877,19161100104,19161100104_1_S_6,149.6623965,-19.69127338,0,L_200
312,L_201,13,51,1_S_7,Slope,43126.63718,FALSE,35,19161100104,19161100104_1_S_7,149.6423218,-19.67454322,0,L_201
313,L_202,14,49,1_S_8,Slope,42132.92621,FALSE,35,19161100104,19161100104_1_S_8,149.6508276,-19.67509327,0,L_202
314,L_203,29,35,1_BR_1,Back Reef,8626.77999,FALSE,10.88888889,19164100104,19164100104_1_BR_1,149.7283453,-19.66624488,0,L_203
315,L_203,29,35,1_S_1,Slope,32515.64975,FALSE,17.9512894,19164100104,19164100104_1_S_1,149.7270459,-19.66506425,0,L_203
316,L_204,27,31,1_BR_2,Back Reef,331.8760698,FALSE,35,19164100104,19164100104_1_BR_2,149.7348028,-19.68129391,0,L_204
317,L_204,27,31,1_S_4,Slope,663.7671949,FALSE,35,19164100104,19164100104_1_S_4,149.7348963,-19.68289734,0,L_204
318,L_205,27,28,1_BR_3,Back Reef,5642.900993,FALSE,2.258064516,19164100104,19164100104_1_BR_3,149.7462972,-19.69139807,0,L_205
319,L_205,27,28,1_SS_2,Sheltered Slope,18588.27085,FALSE,16.53061224,19164100104,19164100104_1_SS_2,149.7465266,-19.69092706,0,L_205
320,L_205,27,28,1_S_6,Slope,89622.08046,FALSE,22.89555326,19164100104,19164100104_1_S_6,149.7457146,-19.69116491,0,L_205
321,L_206,25,25,1_BR_4,Back Reef,11287.71964,FALSE,27.84,19164100104,19164100104_1_BR_4,149.7479793,-19.70318272,0,L_206
322,L_207,23,36,1_C_1,Crest,72676.77189,FALSE,10.95360825,19164100104,19164100104_1_C_1,149.7119239,-19.68264088,0,L_207
323,L_207,23,36,1_SS_1,Sheltered Slope,16924.57851,FALSE,17.85310734,19164100104,19164100104_1_SS_1,149.7108744,-19.6822564,0,L_207
324,L_208,27,27,1_C_2,Crest,94270.80548,FALSE,15.17928287,19164100104,19164100104_1_C_2,149.7485046,-19.69177044,0,L_208
325,L_209,24,36,1_P_2,Patch,4313.949662,FALSE,10.41666667,19164100104,19164100104_1_P_2,149.7155157,-19.67853364,0,L_209
326,L_209,24,36,1_S_3,Slope,78315.36741,FALSE,16.91627358,19164100104,19164100104_1_S_3,149.714995,-19.67919505,0,L_209
327,L_210,28,33,1_S_2,Slope,97559.20852,FALSE,14.76856316,19164100104,19164100104_1_S_2,149.7324052,-19.67279674,0,L_210
328,L_211,22,36,1_S_5,Slope,33186.19424,FALSE,28.77808989,19164100104,19164100104_1_S_5,149.7114163,-19.68373872,0,L_211
329,L_212,27,26,1_S_7,Slope,72366.03369,FALSE,25.41290323,19164100104,19164100104_1_S_7,149.7518351,-19.69419291,0,L_212
330,L_213,24,26,1_S_8,Slope,61418.1757,FALSE,24.34550989,19164100104,19164100104_1_S_8,149.7472883,-19.70299563,0,L_213
331,L_214,32,21,1_BR_1,Back Reef,1659.85136,FALSE,16,19165100103,19165100103_1_BR_1,149.7779374,-19.69157292,0,L_214
332,L_214,32,21,1_SS_1,Sheltered Slope,3651.659545,FALSE,25,19165100103,19165100103_1_SS_1,149.77867,-19.69113774,0,L_214
333,L_215,32,22,1_S_1,Slope,22241.73108,FALSE,19.25213675,19165100103,19165100103_1_S_1,149.7779363,-19.69067873,0,L_215
334,L_215,32,22,1_S_8,Slope,17262.03046,FALSE,33.66492147,19165100104,19165100104_1_S_8,149.7770895,-19.69000951,0,L_215
335,L_216,36,25,1_BR_1,Back Reef,11615.71623,FALSE,25.7480315,19165100104,19165100104_1_BR_1,149.7777215,-19.67163535,0,L_216
336,L_217,36,21,1_BR_2,Back Reef,5974.604044,FALSE,25.234375,19165100104,19165100104_1_BR_2,149.7891928,-19.67864993,0,L_217
337,L_217,36,21,1_S_3,Slope,137086.7208,FALSE,20.96994536,19165100104,19165100104_1_S_3,149.7878366,-19.68039805,0,L_217
338,L_218,37,19,1_BR_3,Back Reef,2323.680184,FALSE,35,19165100104,19165100104_1_BR_3,149.7986257,-19.68334236,0,L_218
339,L_218,37,19,1_S_5,Slope,60747.96176,FALSE,34.45820433,19165100104,19165100104_1_S_5,149.7981987,-19.68382092,0,L_218
340,L_219,33,20,1_BR_4,Back Reef,11619.26404,FALSE,34.20168067,19165100104,19165100104_1_BR_4,149.784608,-19.69190451,0,L_219
341,L_220,30,19,1_BR_5,Back Reef,9296.656091,FALSE,24.95,19165100104,19165100104_1_BR_5,149.7805781,-19.70243562,0,L_220
342,L_221,38,9,1_BR_6,Back Reef,4649.399521,FALSE,20.41666667,19165100104,19165100104_1_BR_6,149.8335963,-19.70673872,0,L_221
343,L_221,38,9,1_S_12,Slope,56124.5861,FALSE,19.22948074,19165100104,19165100104_1_S_12,149.8331784,-19.70643865,0,L_221
344,L_222,36,7,1_BR_7,Back Reef,2657.201052,FALSE,35,19165100104,19165100104_1_BR_7,149.8355635,-19.71712245,0,L_222
345,L_222,36,7,1_S_6,Slope,27900.53017,FALSE,35,19165100104,19165100104_1_S_6,149.8352553,-19.71698562,0,L_222
346,L_223,34,20,1_C_1,Crest,95272.67249,FALSE,25.60217177,19165100104,19165100104_1_C_1,149.7871927,-19.68732573,0,L_223
347,L_223,34,20,1_S_10,Slope,82661.02811,FALSE,34.80292793,19165100104,19165100104_1_S_10,149.7888875,-19.68940805,0,L_223
348,L_224,33,19,1_C_2,Crest,77020.68286,FALSE,51.03532278,19165100104,19165100104_1_C_2,149.7871018,-19.69277782,0,L_224
349,L_224,33,19,1_S_11,Slope,92960.38447,FALSE,27.77108434,19165100104,19165100104_1_S_11,149.788304,-19.69588193,0,L_224
350,L_225,32,19,1_C_3,Crest,162019.1982,FALSE,35.63218391,19165100104,19165100104_1_C_3,149.7846703,-19.69784182,0,L_225
351,L_225,32,19,1_SS_3,Sheltered Slope,134461.0255,FALSE,34.98606272,19165100104,19165100104_1_SS_3,149.7838853,-19.69715547,0,L_225
352,L_226,31,21,1_C_4,Crest,95283.8018,FALSE,27.53195674,19165100104,19165100104_1_C_4,149.7775207,-19.69793541,0,L_226
353,L_226,31,21,1_SS_4,Sheltered Slope,70382.93709,FALSE,33.96941489,19165100104,19165100104_1_SS_4,149.7779708,-19.69689816,0,L_226
354,L_227,31,20,1_OF_1,Outer Flat,74368.15564,FALSE,51.69811321,19165100104,19165100104_1_OF_1,149.7821798,-19.69715403,0,L_227
355,L_228,34,21,1_SS_1,Sheltered Slope,17925.77498,FALSE,23.96984925,19165100104,19165100104_1_SS_1,149.7861607,-19.68718885,0,L_228
356,L_229,33,21,1_SS_2,Sheltered Slope,52784.07555,FALSE,28.53097345,19165100104,19165100104_1_SS_2,149.7826775,-19.69156188,0,L_229
357,L_230,34,12,1_S_1,Slope,26235.00575,FALSE,35,19165100104,19165100104_1_S_1,149.8104167,-19.70962726,0,L_230
358,L_231,30,20,1_S_13,Slope,40836.84805,FALSE,34.3908046,19165100104,19165100104_1_S_13,149.7773316,-19.69961703,0,L_231
359,L_232,36,24,1_S_14,Slope,33189.45341,FALSE,31.5,19165100104,19165100104_1_S_14,149.7810111,-19.6745231,0,L_232
360,L_233,38,16,1_S_15,Slope,25895.29022,FALSE,34.49640288,19165100104,19165100104_1_S_15,149.8092221,-19.68879282,0,L_233
361,L_234,33,24,1_S_2,Slope,156998.007,FALSE,26.17629362,19165100104,19165100104_1_S_2,149.7741089,-19.6815443,0,L_234
362,L_235,35,25,1_S_4,Slope,145363.8323,FALSE,22.44811933,19165100104,19165100104_1_S_4,149.7752169,-19.67292487,0,L_235
363,L_236,31,19,1_S_7,Slope,134801.6185,FALSE,28.1022409,19165100104,19165100104_1_S_7,149.7837936,-19.70174469,0,L_236
364,L_237,35,21,1_S_9,Slope,30871.36187,FALSE,28.87692308,19165100104,19165100104_1_S_9,149.7867699,-19.6851792,0,L_237
365,L_238,1,52,1_BR_1,Back Reef,2654.976352,FALSE,49.48275862,19168100104,19168100104_1_BR_1,149.6068264,-19.71083747,0,L_238
366,L_238,1,52,1_S_1,Slope,64714.65845,FALSE,19.68795356,19168100104,19168100104_1_S_1,149.6078587,-19.71015341,0,L_238
367,L_239,1,50,1_BR_2,Back Reef,5310.259207,FALSE,19.9137931,19168100104,19168100104_1_BR_2,149.6145894,-19.71310398,0,L_239
368,L_239,1,50,1_S_2,Slope,70028.05443,FALSE,19.92647059,19168100104,19168100104_1_S_2,149.6129563,-19.71248368,0,L_239
369,L_239,1,50,1_BR_1,Back Reef,1659.519776,FALSE,6.176470588,19169100104,19169100104_1_BR_1,149.6114588,-19.71661469,0,L_239
370,L_239,1,50,1_IF_1,Inner Flat,62730.74719,FALSE,15.09715994,19169100104,19169100104_1_IF_1,149.6107409,-19.71781559,0,L_239
371,L_239,1,50,1_SS_1,Sheltered Slope,99240.2022,FALSE,35.625,19169100104,19169100104_1_SS_1,149.6094928,-19.71775242,0,L_239
372,L_240,1,51,1_IF_1,Inner Flat,38166.80657,FALSE,31.8627451,19168100104,19168100104_1_IF_1,149.6114332,-19.71258284,0,L_240
373,L_240,1,51,1_OF_1,Outer Flat,79982.61022,FALSE,33.95348837,19168100104,19168100104_1_OF_1,149.6088784,-19.71163785,0,L_240
374,L_240,1,51,1_SS_1,Sheltered Slope,89939.60968,FALSE,20.21398747,19168100104,19168100104_1_SS_1,149.6085941,-19.71223074,0,L_240
375,L_241,1,49,1_C_1,Crest,297731.9444,FALSE,8.437990581,19169100104,19169100104_1_C_1,149.6128738,-19.7196696,0,L_241
376,L_241,1,49,1_C_2,Crest,171943.5436,FALSE,22.11275315,19169100104,19169100104_1_C_2,149.6136744,-19.72329709,0,L_241
377,L_241,1,49,1_SS_2,Sheltered Slope,55432.63558,FALSE,39.58402662,19169100104,19169100104_1_SS_2,149.6103109,-19.72294194,0,L_241
378,L_241,1,49,1_S_1,Slope,45471.86648,FALSE,26.97916667,19169100104,19169100104_1_S_1,149.6150901,-19.71735547,0,L_241
379,L_242,1,48,1_S_2,Slope,57425.74053,FALSE,32.30894309,19169100104,19169100104_1_S_2,149.6150559,-19.72368953,0,L_242
380,L_243,14,40,1_BR_1,Back Reef,2986.991784,FALSE,35,19170100104,19170100104_1_BR_1,149.6760662,-19.69771076,0,L_243
381,L_243,14,40,1_S_1,Slope,26551.48235,FALSE,35,19170100104,19170100104_1_S_1,149.6768291,-19.69872846,0,L_243
382,L_244,14,38,1_BR_2,Back Reef,3983.036422,FALSE,35,19170100104,19170100104_1_BR_2,149.6835835,-19.70277926,0,L_244
383,L_244,14,38,1_S_2,Slope,54767.49304,FALSE,35,19170100104,19170100104_1_S_2,149.6843013,-19.70357953,0,L_244
384,L_245,14,35,1_S_3,Slope,9294.946215,FALSE,35,19170100104,19170100104_1_S_3,149.6947761,-19.70934194,0,L_245
385,L_246,23,26,1_BR_1,Back Reef,7636.197148,FALSE,18.8125,19171100104,19171100104_1_BR_1,149.7419087,-19.70823607,0,L_246
386,L_246,23,26,1_S_1,Slope,39177.30038,FALSE,15.85918854,19171100104,19171100104_1_S_1,149.7427601,-19.70856388,0,L_246
387,L_247,23,25,1_P_1,Patch,4980.1787,FALSE,33.33333333,19171100104,19171100104_1_P_1,149.7432034,-19.70865344,0,L_247
388,L_248,26,22,1_BR_1,Back Reef,5644.474188,FALSE,32.33333333,19172100104,19172100104_1_BR_1,149.7602645,-19.70812172,0,L_248
389,L_249,24,22,1_C_1,Crest,23906.66958,FALSE,9.862745098,19172100104,19172100104_1_C_1,149.7569623,-19.7108745,0,L_249
390,L_250,25,22,1_OF_1,Outer Flat,39511.90266,FALSE,24.85611511,19172100104,19172100104_1_OF_1,149.7590803,-19.70945642,0,L_250
391,L_250,25,22,1_SS_1,Sheltered Slope,21250.35478,FALSE,16.97826087,19172100104,19172100104_1_SS_1,149.7571448,-19.71077057,0,L_250
392,L_250,25,22,1_S_1,Slope,90979.26931,FALSE,22.89473684,19172100104,19172100104_1_S_1,149.7587827,-19.71132544,0,L_250
393,L_251,26,20,1_BR_1,Back Reef,10293.70392,FALSE,15.78703704,19173100104,19173100104_1_BR_1,149.7663038,-19.7125613,0,L_251
394,L_252,26,21,1_S_1,Slope,65414.22678,FALSE,11.46676301,19173100104,19173100104_1_S_1,149.7654511,-19.71210156,0,L_252
395,L_253,32,13,1_BR_1,Back Reef,2324.64479,FALSE,35,19174100104,19174100104_1_BR_1,149.8049338,-19.71163095,0,L_253
396,L_253,32,13,1_S_1,Slope,8966.476027,FALSE,15,19174100104,19174100104_1_S_1,149.8053096,-19.71145869,0,L_253
397,L_254,32,10,1_BR_2,Back Reef,6974.90668,FALSE,15.86666667,19174100104,19174100104_1_BR_2,149.8126112,-19.71986843,0,L_254
398,L_255,32,11,1_S_2,Slope,100305.4015,FALSE,15.15478424,19174100104,19174100104_1_S_2,149.810462,-19.72007693,0,L_255
399,L_256,11,30,1_BR_1,Back Reef,332.0707351,FALSE,100,19177100104,19177100104_1_BR_1,149.7014948,-19.73118148,0,L_256
400,L_256,11,30,1_S_4,Slope,35531.95839,FALSE,24.88341969,19177100104,19177100104_1_S_4,149.7031247,-19.73158167,0,L_256
401,L_257,13,28,1_C_1,Crest,241419.8134,FALSE,24.50581395,19177100104,19177100104_1_C_1,149.7102065,-19.73042656,0,L_257
402,L_258,15,29,1_C_2,Crest,150085.7517,FALSE,35.74051027,19177100104,19177100104_1_C_2,149.7132265,-19.7235191,0,L_258
403,L_258,15,29,1_S_2,Slope,25899.58917,FALSE,18.21818182,19177100104,19177100104_1_S_2,149.7153305,-19.72256748,0,L_258
404,L_259,16,30,1_C_3,Crest,73045.20361,FALSE,35.65891473,19177100104,19177100104_1_C_3,149.7130343,-19.71827471,0,L_259
405,L_259,16,30,1_S_1,Slope,79021.46336,FALSE,23.1547619,19177100104,19177100104_1_S_1,149.7143275,-19.71781952,0,L_259
406,L_260,11,29,1_C_4,Crest,82022.63587,FALSE,31.45977011,19177100104,19177100104_1_C_4,149.7045471,-19.73147671,0,L_260
407,L_261,15,30,1_IF_1,Inner Flat,488415.3887,FALSE,34.22009569,19177100104,19177100104_1_IF_1,149.7102476,-19.72019506,0,L_261
408,L_262,12,31,1_IF_2,Inner Flat,121201.3721,FALSE,61.74652241,19177100104,19177100104_1_IF_2,149.7013237,-19.72858476,0,L_262
409,L_262,12,31,1_SS_3,Sheltered Slope,121528.7235,FALSE,38.42709984,19177100104,19177100104_1_SS_3,149.7004467,-19.72601117,0,L_262
410,L_263,13,29,1_IF_3,Inner Flat,176987.5041,FALSE,11.95995785,19177100104,19177100104_1_IF_3,149.70916,-19.72685328,0,L_263
411,L_264,16,31,1_OF_1,Outer Flat,19256.68636,FALSE,3.431372549,19177100104,19177100104_1_OF_1,149.7103843,-19.71634585,0,L_264
412,L_265,14,30,1_OF_2,Outer Flat,32872.31188,FALSE,85.35211268,19177100104,19177100104_1_OF_2,149.7077735,-19.7238178,0,L_265
413,L_265,14,30,1_SS_2,Sheltered Slope,25899.47436,FALSE,66.51459854,19177100104,19177100104_1_SS_2,149.707564,-19.7240808,0,L_265
414,L_266,12,30,1_OF_3,Outer Flat,98289.04088,FALSE,48.82213813,19177100104,19177100104_1_OF_3,149.7029646,-19.72798438,0,L_266
415,L_267,15,31,1_SS_1,Sheltered Slope,80015.74473,FALSE,29.50117371,19177100104,19177100104_1_SS_1,149.7071532,-19.71790811,0,L_267
416,L_268,12,29,1_SS_4,Sheltered Slope,52135.24414,FALSE,51.20751342,19177100104,19177100104_1_SS_4,149.7066559,-19.73015042,0,L_268
417,L_269,14,29,1_S_3,Slope,22912.41106,FALSE,28.11715481,19177100104,19177100104_1_S_3,149.7125577,-19.72709475,0,L_269
418,L_270,12,28,1_S_5,Slope,35533.07338,FALSE,25.89095745,19177100104,19177100104_1_S_5,149.7110702,-19.73195825,0,L_270
419,L_271,25,17,1_BR_1,Back Reef,5977.987133,FALSE,9.754098361,19179100104,19179100104_1_BR_1,149.7755438,-19.72239134,0,L_271
420,L_271,25,17,1_S_6,Slope,21254.9645,FALSE,7.061403509,19179100104,19179100104_1_S_6,149.7750789,-19.72215933,0,L_271
421,L_272,25,15,1_BR_2,Back Reef,5646.360436,FALSE,32.13114754,19179100104,19179100104_1_BR_2,149.7797133,-19.72757566,0,L_272
422,L_273,24,13,1_BR_3,Back Reef,8968.711316,FALSE,32.8125,19179100104,19179100104_1_BR_3,149.7842511,-19.73422827,0,L_273
423,L_273,24,13,1_C_2,Crest,78396.77882,FALSE,10.50119332,19179100104,19179100104_1_C_2,149.7847378,-19.73741496,0,L_273
424,L_273,24,13,1_S_5,Slope,57799.17373,FALSE,36.80650685,19179100104,19179100104_1_S_5,149.7828628,-19.73556127,0,L_273
425,L_274,22,15,1_BR_4,Back Reef,664.3554938,FALSE,30,19179100104,19179100104_1_BR_4,149.7751833,-19.73704083,0,L_274
426,L_275,23,12,1_BR_5,Back Reef,5315.370564,FALSE,32.18181818,19179100104,19179100104_1_BR_5,149.7868877,-19.74144237,0,L_275
427,L_276,24,9,1_BR_6,Back Reef,6977.295877,FALSE,16.05263158,19179100104,19179100104_1_BR_6,149.7967748,-19.74813678,0,L_276
428,L_276,24,9,1_S_4,Slope,64457.10505,FALSE,18.2630814,19179100104,19179100104_1_S_4,149.7967177,-19.74835183,0,L_276
429,L_277,23,8,1_BR_7,Back Reef,19272.07373,FALSE,35,19179100104,19179100104_1_BR_7,149.7968081,-19.75353015,0,L_277
430,L_277,23,8,1_S_7,Slope,94698.46224,FALSE,35.02964427,19179100104,19179100104_1_S_7,149.796031,-19.753315,0,L_277
431,L_278,24,14,1_C_1,Crest,58130.24112,FALSE,14.7327044,19179100104,19179100104_1_C_1,149.7820349,-19.73437917,0,L_278
432,L_278,24,14,1_SS_1,Sheltered Slope,20926.84659,FALSE,34.31506849,19179100104,19179100104_1_SS_1,149.7806327,-19.73456693,0,L_278
433,L_279,22,13,1_C_3,Crest,61790.34985,FALSE,2.431610942,19179100104,19179100104_1_C_3,149.7806029,-19.74193323,0,L_279
434,L_279,22,13,1_SS_2,Sheltered Slope,41857.23278,FALSE,30.22988506,19179100104,19179100104_1_SS_2,149.7795456,-19.7408972,0,L_279
435,L_280,22,12,1_C_4,Crest,97342.24196,FALSE,7.763409962,19179100104,19179100104_1_C_4,149.7826795,-19.74575729,0,L_280
436,L_280,22,12,1_SS_3,Sheltered Slope,61460.91849,FALSE,29.83606557,19179100104,19179100104_1_SS_3,149.7816745,-19.74493004,0,L_280
437,L_280,22,12,1_S_2,Slope,48172.68575,FALSE,34.40545809,19179100104,19179100104_1_S_2,149.7827069,-19.74560743,0,L_280
438,L_281,22,14,1_OF_1,Outer Flat,51490.37187,FALSE,38.66906475,19179100104,19179100104_1_OF_1,149.7781317,-19.74029296,0,L_281
439,L_281,22,14,1_S_3,Slope,22588.51559,FALSE,24.05063291,19179100104,19179100104_1_S_3,149.7759275,-19.73823229,0,L_281
440,L_282,24,15,1_P_1,Patch,3985.869655,FALSE,4.651162791,19179100104,19179100104_1_P_1,149.779755,-19.73123267,0,L_282
441,L_282,24,15,1_S_9,Slope,66430.93819,FALSE,19.49438202,19179100104,19179100104_1_S_9,149.779707,-19.73100176,0,L_282
442,L_283,23,13,1_S_1,Slope,74080.35296,FALSE,29.58808619,19179100104,19179100104_1_S_1,149.7814894,-19.74014946,0,L_283
443,L_284,25,16,1_S_10,Slope,42845.02971,FALSE,19.40217391,19179100104,19179100104_1_S_10,149.7788011,-19.72630856,0,L_284
444,L_285,24,12,1_S_8,Slope,77069.20968,FALSE,25,19179100104,19179100104_1_S_8,149.7859449,-19.73824415,0,L_285
445,L_286,8,33,1_BR_1,Back Reef,7969.573004,FALSE,35,19180100104,19180100104_1_BR_1,149.6848636,-19.7339957,0,L_286
446,L_287,10,31,1_BR_2,Back Reef,3320.782218,FALSE,35,19180100104,19180100104_1_BR_2,149.696838,-19.73389935,0,L_287
447,L_288,6,34,1_BR_3,Back Reef,30218.8687,FALSE,29.85148515,19180100104,19180100104_1_BR_3,149.6776643,-19.73785624,0,L_288
448,L_288,6,34,1_SS_5,Sheltered Slope,151093.9853,FALSE,31.68831169,19180100104,19180100104_1_SS_5,149.6777083,-19.73767588,0,L_288
449,L_288,6,34,1_S_3,Slope,332.0666727,FALSE,35,19180100104,19180100104_1_S_3,149.675389,-19.73648818,0,L_288
450,L_289,4,35,1_BR_4,Back Reef,15275.54158,FALSE,1.46875,19180100104,19180100104_1_BR_4,149.6697676,-19.74006288,0,L_289
451,L_289,4,35,1_SS_1,Sheltered Slope,245069.8505,FALSE,21.68513565,19180100104,19180100104_1_SS_1,149.6698294,-19.73917806,0,L_289
452,L_290,6,31,1_BR_5,Back Reef,17601.8057,FALSE,38.77604167,19180100104,19180100104_1_BR_5,149.6864068,-19.74315046,0,L_290
453,L_290,6,31,1_SS_3,Sheltered Slope,306209.4604,FALSE,33.84533252,19180100104,19180100104_1_SS_3,149.6856509,-19.74437746,0,L_290
454,L_291,4,33,1_BR_6,Back Reef,22915.3724,FALSE,39.04958678,19180100104,19180100104_1_BR_6,149.6779335,-19.74458008,0,L_291
455,L_291,4,33,1_OF_1,Outer Flat,38524.9879,FALSE,68.48635236,19180100104,19180100104_1_OF_1,149.6759665,-19.7461562,0,L_291
456,L_292,5,32,1_BR_7,Back Reef,37861.27494,FALSE,35.86034913,19180100104,19180100104_1_BR_7,149.6821968,-19.74564459,0,L_292
457,L_293,9,30,1_C_1,Crest,49481.40927,FALSE,9.811320755,19180100104,19180100104_1_C_1,149.6970413,-19.73639874,0,L_293
458,L_293,9,30,1_S_1,Slope,44499.36841,FALSE,22.11864407,19180100104,19180100104_1_S_1,149.6968621,-19.73532578,0,L_293
459,L_294,7,29,1_C_2,Crest,47494.55994,FALSE,15.94488189,19180100104,19180100104_1_C_2,149.695013,-19.74549108,0,L_294
460,L_295,4,32,1_C_3,Crest,67088.31875,FALSE,20.60857538,19180100104,19180100104_1_C_3,149.6768554,-19.74776902,0,L_295
461,L_295,4,32,1_SS_7,Sheltered Slope,115247.0947,FALSE,29.01385493,19180100104,19180100104_1_SS_7,149.6811748,-19.7475645,0,L_295
462,L_295,4,32,1_S_5,Slope,35537.22041,FALSE,28.30708661,19180100104,19180100104_1_S_5,149.6814202,-19.74736832,0,L_295
463,L_296,6,29,1_C_4,Crest,177697.2661,FALSE,11.10523533,19180100104,19180100104_1_C_4,149.6915169,-19.74948807,0,L_296
464,L_296,6,29,1_S_7,Slope,68420.86088,FALSE,29.46896552,19180100104,19180100104_1_S_7,149.6944494,-19.74785733,0,L_296
465,L_297,5,30,1_C_5,Crest,29892.77735,FALSE,17.46031746,19180100104,19180100104_1_C_5,149.6861029,-19.75024247,0,L_297
466,L_297,5,30,1_IF_6,Inner Flat,26903.39186,FALSE,54.91525424,19180100104,19180100104_1_IF_6,149.6876378,-19.74958983,0,L_297
467,L_297,5,30,1_OF_3,Outer Flat,103958.4032,FALSE,66.48599819,19180100104,19180100104_1_OF_3,149.6869586,-19.74863242,0,L_297
468,L_297,5,30,1_S_9,Slope,43511.29551,FALSE,35.91397849,19180100104,19180100104_1_S_9,149.6873039,-19.75110978,0,L_297
469,L_298,9,31,1_IF_1,Inner Flat,170691.2487,FALSE,44.48087432,19180100104,19180100104_1_IF_1,149.6937983,-19.73590063,0,L_298
470,L_298,9,31,1_OF_2,Outer Flat,124196.3962,FALSE,44.7467876,19180100104,19180100104_1_OF_2,149.6922304,-19.73449494,0,L_298
471,L_299,4,34,1_IF_2,Inner Flat,249404.537,FALSE,17.85983421,19180100104,19180100104_1_IF_2,149.6734048,-19.74343793,0,L_299
472,L_300,5,34,1_IF_3,Inner Flat,188288.9172,FALSE,27.81655035,19180100104,19180100104_1_IF_3,149.6731273,-19.73974502,0,L_300
473,L_301,7,30,1_IF_4,Inner Flat,227172.9949,FALSE,21.97938144,19180100104,19180100104_1_IF_4,149.691691,-19.74508231,0,L_301
474,L_302,7,34,1_IF_5,Inner Flat,38850.95034,FALSE,13.55932203,19180100104,19180100104_1_IF_5,149.6795061,-19.73394087,0,L_302
475,L_302,7,34,1_OF_5,Outer Flat,116884.435,FALSE,26.98795181,19180100104,19180100104_1_OF_5,149.6796721,-19.73360898,0,L_302
476,L_302,7,34,1_SS_2,Sheltered Slope,250704.265,FALSE,25.32282004,19180100104,19180100104_1_SS_2,149.6797068,-19.73372538,0,L_302
477,L_303,4,31,1_OF_4,Outer Flat,56129.82788,FALSE,28.47682119,19180100104,19180100104_1_OF_4,149.680749,-19.74874109,0,L_303
478,L_304,7,32,1_OF_6,Outer Flat,34869.56344,FALSE,38.97849462,19180100104,19180100104_1_OF_6,149.6880078,-19.7387748,0,L_304
479,L_304,7,32,1_S_2,Slope,1660.39715,FALSE,35,19180100104,19180100104_1_S_2,149.6860303,-19.73672564,0,L_304
480,L_305,5,33,1_OF_7,Outer Flat,39851.29353,FALSE,30.33175355,19180100104,19180100104_1_OF_7,149.6762593,-19.7422227,0,L_305
481,L_305,5,33,1_SS_4,Sheltered Slope,194610.5955,FALSE,31.36189564,19180100104,19180100104_1_SS_4,149.6777457,-19.74314175,0,L_305
482,L_306,8,31,1_P_1,Patch,5645.609824,FALSE,28.5483871,19180100104,19180100104_1_P_1,149.6931742,-19.73833253,0,L_306
483,L_306,8,31,1_SS_8,Sheltered Slope,207561.5476,FALSE,32.67825312,19180100104,19180100104_1_SS_8,149.6924376,-19.73932481,0,L_306
484,L_307,3,34,1_SS_10,Sheltered Slope,17601.42696,FALSE,37.34693878,19180100104,19180100104_1_SS_10,149.6713124,-19.74519323,0,L_307
485,L_307,3,34,1_S_6,Slope,16273.04771,FALSE,34.30555556,19180100104,19180100104_1_S_6,149.6710821,-19.74538235,0,L_307
486,L_308,7,31,1_SS_11,Sheltered Slope,213536.7627,FALSE,36.51687856,19180100104,19180100104_1_SS_11,149.6884312,-19.73941416,0,L_308
487,L_309,8,32,1_SS_6,Sheltered Slope,172344.9253,FALSE,31.30010834,19180100104,19180100104_1_SS_6,149.6877924,-19.73451329,0,L_309
488,L_310,9,32,1_SS_9,Sheltered Slope,41508.42084,FALSE,26.32723112,19180100104,19180100104_1_SS_9,149.6930379,-19.73245212,0,L_310
489,L_311,8,30,1_S_4,Slope,105609.6878,FALSE,29.28822496,19180100104,19180100104_1_S_4,149.6931789,-19.74076322,0,L_311
490,L_312,3,33,1_S_8,Slope,22252.0094,FALSE,33.17021277,19180100104,19180100104_1_S_8,149.6754085,-19.74792989,0,L_312
491,L_313,12,23,1_BR_1,Back Reef,4650.322262,FALSE,35,19182100104,19182100104_1_BR_1,149.7245963,-19.74631315,0,L_313
492,L_313,12,23,1_S_5,Slope,12622.23175,FALSE,35,19182100104,19182100104_1_S_5,149.7242608,-19.74598616,0,L_313
493,L_314,12,21,1_BR_2,Back Reef,4982.850666,FALSE,21.38888889,19182100104,19182100104_1_BR_2,149.7320282,-19.74979743,0,L_314
494,L_314,12,21,1_S_6,Slope,46507.24642,FALSE,34.72,19182100104,19182100104_1_S_6,149.7315878,-19.75089066,0,L_314
495,L_315,10,20,1_BR_3,Back Reef,9302.388305,FALSE,32.52525253,19182100104,19182100104_1_BR_3,149.7294442,-19.75865792,0,L_315
496,L_315,10,20,1_S_1,Slope,56812.82998,FALSE,34.08094435,19182100104,19182100104_1_S_1,149.7301217,-19.76079899,0,L_315
497,L_316,11,17,1_BR_4,Back Reef,20268.22435,FALSE,32.52358491,19182100104,19182100104_1_BR_4,149.7398237,-19.76441102,0,L_316
498,L_317,12,19,1_C_1,Crest,61793.89521,FALSE,15.10574018,19182100104,19182100104_1_C_1,149.7377933,-19.75606413,0,L_317
499,L_317,12,19,1_SS_1,Sheltered Slope,15946.80296,FALSE,10.79545455,19182100104,19182100104_1_SS_1,149.7361153,-19.75641896,0,L_317
500,L_317,12,19,1_S_2,Slope,149169.2963,FALSE,27.90371725,19182100104,19182100104_1_S_2,149.7373383,-19.7562495,0,L_317
501,L_318,10,18,1_C_2,Crest,134894.1778,FALSE,11.02635229,19182100104,19182100104_1_C_2,149.7349261,-19.76246279,0,L_318
502,L_318,10,18,1_S_4,Slope,93697.47792,FALSE,20.86241276,19182100104,19182100104_1_S_4,149.7350931,-19.76434977,0,L_318
503,L_319,10,19,1_OF_1,Outer Flat,61133.36442,FALSE,44.15384615,19182100104,19182100104_1_OF_1,149.7324008,-19.7619466,0,L_319
504,L_319,10,19,1_SS_2,Sheltered Slope,150505.3778,FALSE,23.66810878,19182100104,19182100104_1_SS_2,149.7328806,-19.76073039,0,L_319
505,L_320,11,18,1_S_3,Slope,154167.8813,FALSE,25.84648058,19182100104,19182100104_1_S_3,149.7390062,-19.76295449,0,L_320
506,L_321,9,22,1_S_7,Slope,33221.0155,FALSE,35,19182100104,19182100104_1_S_7,149.7232351,-19.75622233,0,L_321
507,L_322,10,24,1_S_8,Slope,76398.6989,FALSE,21.44336175,19182100104,19182100104_1_S_8,149.7160263,-19.74884884,0,L_322
508,L_323,7,19,1_C_1,Crest,57482.88527,FALSE,8.265802269,19186100104,19186100104_1_C_1,149.7253176,-19.76891682,0,L_323
509,L_324,7,20,1_SS_1,Sheltered Slope,8306.663544,FALSE,14.60674157,19186100104,19186100104_1_SS_1,149.7247529,-19.76808096,0,L_324
510,L_324,7,20,1_S_1,Slope,66121.25447,FALSE,22.01908957,19186100104,19186100104_1_S_1,149.7248814,-19.76828221,0,L_324
511,L_325,12,11,1_BR_1,Back Reef,20272.8715,FALSE,48.55450237,19188100104,19188100104_1_BR_1,149.7623673,-19.7756387,0,L_325
512,L_325,12,11,1_SS_1,Sheltered Slope,27584.36926,FALSE,19.13043478,19188100104,19188100104_1_SS_1,149.7611282,-19.77585169,0,L_325
513,L_326,11,12,1_BR_2,Back Reef,17946.54429,FALSE,40.23560209,19188100104,19188100104_1_BR_2,149.7570294,-19.77716103,0,L_326
514,L_327,12,9,1_BR_3,Back Reef,17947.63461,FALSE,31.53645833,19188100104,19188100104_1_BR_3,149.7667007,-19.77927685,0,L_327
515,L_328,9,10,1_BR_4,Back Reef,20939.759,FALSE,30.04504505,19188100104,19188100104_1_BR_4,149.7569616,-19.78448842,0,L_328
516,L_328,9,10,1_IF_1,Inner Flat,152235.4153,FALSE,42.01667696,19188100104,19188100104_1_IF_1,149.7583681,-19.78732843,0,L_328
517,L_328,9,10,1_SS_3,Sheltered Slope,178490.134,FALSE,21.8503937,19188100104,19188100104_1_SS_3,149.759123,-19.78544357,0,L_328
518,L_329,10,8,1_BR_5,Back Reef,27256.60116,TRUE,29.88054608,19188100104,19188100104_1_BR_5,149.7645496,-19.78714764,0,L_329
519,L_329,10,8,1_SS_4,Sheltered Slope,112351.6203,FALSE,23.82426778,19188100104,19188100104_1_SS_4,149.7651373,-19.78780662,0,L_329
520,L_330,7,9,1_BR_6,Back Reef,3324.151296,FALSE,14.54545455,19188100104,19188100104_1_BR_6,149.7561885,-19.79291567,0,L_330
521,L_330,7,9,1_C_3,Crest,129977.1299,FALSE,16.30986938,19188100104,19188100104_1_C_3,149.7580656,-19.79403766,0,L_330
522,L_331,10,7,1_C_1,Crest,97398.09994,FALSE,19.44980695,19188100104,19188100104_1_C_1,149.7676621,-19.79057483,0,L_331
523,L_331,10,7,1_OF_2,Outer Flat,86426.46364,FALSE,54.98917749,19188100104,19188100104_1_OF_2,149.7687497,-19.78874781,0,L_331
524,L_332,12,8,1_C_2,Crest,133952.542,FALSE,20.27777778,19188100104,19188100104_1_C_2,149.7727099,-19.78325968,0,L_332
525,L_332,12,8,1_OF_1,Outer Flat,89746.27398,FALSE,63.00940439,19188100104,19188100104_1_OF_1,149.7710059,-19.78477806,0,L_332
526,L_332,12,8,1_SS_2,Sheltered Slope,28584.56992,FALSE,5.144230769,19188100104,19188100104_1_SS_2,149.7701439,-19.78175028,0,L_332
527,L_333,13,9,1_C_4,Crest,114000.0551,FALSE,16.69547325,19188100104,19188100104_1_C_4,149.7685953,-19.77841588,0,L_333
528,L_333,13,9,1_S_4,Slope,64145.79972,FALSE,14.06841339,19188100104,19188100104_1_S_4,149.7690811,-19.77829784,0,L_333
529,L_334,11,7,1_C_5,Crest,76786.58005,FALSE,6.825876663,19188100104,19188100104_1_C_5,149.7716126,-19.78807061,0,L_334
530,L_335,8,9,1_IF_2,Inner Flat,138282.1259,FALSE,22.99062291,19188100104,19188100104_1_IF_2,149.7566537,-19.79146669,0,L_335
531,L_335,8,9,1_OF_3,Outer Flat,109027.7877,FALSE,41.16148532,19188100104,19188100104_1_OF_3,149.7578362,-19.78963494,0,L_335
532,L_336,12,12,1_P_1,Patch,3987.979004,FALSE,4.651162791,19188100104,19188100104_1_P_1,149.7592147,-19.77408256,0,L_336
533,L_336,12,12,1_S_1,Slope,292784.4736,FALSE,26.35816165,19188100104,19188100104_1_S_1,149.7586518,-19.77430194,0,L_336
534,L_337,8,10,1_SS_5,Sheltered Slope,63821.3968,FALSE,25.82966226,19188100104,19188100104_1_SS_5,149.7559624,-19.79035999,0,L_337
535,L_338,10,12,1_S_2,Slope,68795.46471,FALSE,35.02038043,19188100104,19188100104_1_S_2,149.7554509,-19.77792655,0,L_338
536,L_339,13,10,1_S_3,Slope,83086.04858,FALSE,31.200453,19188100104,19188100104_1_S_3,149.7649088,-19.77548643,0,L_339
537,L_340,7,10,1_S_5,Slope,50194.47596,FALSE,18.55575868,19188100104,19188100104_1_S_5,149.7545052,-19.79301077,0,L_340
538,L_341,9,7,1_S_6,Slope,25263.85825,FALSE,30,19188100104,19188100104_1_S_6,149.7659924,-19.79149992,0,L_341
539,L_342,9,11,1_S_7,Slope,54508.6961,FALSE,34.7008547,19188100104,19188100104_1_S_7,149.7555166,-19.78330261,0,L_342
540,L_343,8,8,1_S_8,Slope,25596.886,FALSE,23.50909091,19188100104,19188100104_1_S_8,149.760323,-19.79454237,0,L_343
541,L_344,13,8,1_S_9,Slope,17948.80079,FALSE,21.0880829,19188100104,19188100104_1_S_9,149.7732888,-19.78242182,0,L_344
542,L_346,6,1,1_C_1,Crest,65514.98841,FALSE,15.34090909,19194100104,19194100104_1_C_1,149.778804,-19.81982338,0,L_346
543,L_346,6,1,1_S_1,Slope,85133.18559,FALSE,20.07760532,19194100104,19194100104_1_S_1,149.7777162,-19.81749416,0,L_346
544,L_346,6,1,1_S_2,Slope,28268.81948,FALSE,33.08724832,19194100104,19194100104_1_S_2,149.7804949,-19.82180971,0,L_346
545,L_347,5,1,1_C_2,Crest,130041.8745,FALSE,27.81791908,19194100104,19194100104_1_C_2,149.7795169,-19.82498762,0,L_347
546,L_347,5,1,1_OF_3,Outer Flat,70170.96479,FALSE,37.46666667,19194100104,19194100104_1_OF_3,149.7772454,-19.82027902,0,L_347
547,L_347,5,1,1_SS_1,Sheltered Slope,32591.01879,FALSE,35.43785311,19194100104,19194100104_1_SS_1,149.7754679,-19.82017362,0,L_347
548,L_347,5,1,1_S_3,Slope,30931.28101,FALSE,44.16666667,19194100104,19194100104_1_S_3,149.7805438,-19.82616181,0,L_347
549,L_348,3,1,1_C_3,Crest,111088.3317,FALSE,46.80672269,19194100104,19194100104_1_C_3,149.7758523,-19.82842796,0,L_348
550,L_349,4,1,1_IF_1,Inner Flat,34255.67712,FALSE,33.24324324,19194100104,19194100104_1_IF_1,149.7749942,-19.82419162,0,L_349
551,L_349,4,1,1_OF_1,Outer Flat,284359.6806,FALSE,55.05100362,19194100104,19194100104_1_OF_1,149.776848,-19.82485211,0,L_349
552,L_349,4,1,1_SS_2,Sheltered Slope,55541.07061,FALSE,50.83191851,19194100104,19194100104_1_SS_2,149.7734833,-19.82495187,0,L_349
553,L_350,27,40,1_C_1,Crest,71988.88355,FALSE,40.4915912,19252100104,19252100104_1_C_1,149.7084199,-19.65945148,0,L_350
554,L_350,27,40,1_SS_1,Sheltered Slope,16255.49741,FALSE,18.95705521,19252100104,19252100104_1_SS_1,149.7075608,-19.65940276,0,L_350
555,L_350,27,40,1_S_1,Slope,57391.93643,FALSE,28.82799325,19252100104,19252100104_1_S_1,149.7089138,-19.6591825,0,L_350
556,L_351,23,19,1_BR_1,Back Reef,15940.68399,FALSE,11.96531792,19257100104,19257100104_1_BR_1,149.7640295,-19.72230279,0,L_351
557,L_352,22,17,1_BR_2,Back Reef,5314.28062,FALSE,11.27118644,19257100104,19257100104_1_BR_2,149.7666671,-19.73140617,0,L_352
558,L_352,22,17,1_S_2,Slope,26571.63144,FALSE,6.146953405,19257100104,19257100104_1_S_2,149.7664611,-19.73207409,0,L_352
559,L_353,24,20,1_C_1,Crest,43503.14782,FALSE,6.400862069,19257100104,19257100104_1_C_1,149.7623468,-19.71999582,0,L_353
560,L_353,24,20,1_SS_1,Sheltered Slope,2656.635231,FALSE,30.2,19257100104,19257100104_1_SS_1,149.7618616,-19.71887645,0,L_353
561,L_354,25,19,1_P_1,Patch,3984.995351,FALSE,13.33333333,19257100104,19257100104_1_P_1,149.7685538,-19.71808389,0,L_354
562,L_355,24,19,1_S_1,Slope,88335.78809,FALSE,15.78947368,19257100104,19257100104_1_S_1,149.7672089,-19.71979928,0,L_355
