,lat,long,siteref,site_id,habitat,area,rubble,k,Reef,reef_siteid,x,y,recom_connectivity,sitedepth
1,-19.51957614,149.5857952,L_1,1_BR_1,Back Reef,4964.379159,FALSE,3.921568627,19139100104,19139100104_1_BR_1,35,86,L_1_V1,0
2,-19.51594814,149.5895873,L_2,1_C_1,Crest,166465.7813,FALSE,38.20224719,19139100104,19139100104_1_C_1,37,86,L_2_V1,0
3,-19.51856734,149.5865004,L_3,1_C_2,Crest,76781.48637,FALSE,58.23244552,19139100104,19139100104_1_C_2,36,86,L_3_V1,0
4,-19.51751962,149.5855923,L_4,1_OF_1,Outer Flat,74463.47207,FALSE,31.25,19139100104,19139100104_1_OF_1,36,87,L_4_V1,0
5,-19.5443469,149.593956,L_5,1_BR_1,Back Reef,19533.92847,FALSE,28.95238095,19141100104,19141100104_1_BR_1,32,81,L_5_V1,0
6,-19.56177987,149.6116721,L_6,1_BR_10,Back Reef,48021.78213,FALSE,41.42574257,19141100104,19141100104_1_BR_10,31,74,L_6_V1,0
7,-19.55984479,149.5833572,L_7,1_BR_11,Back Reef,22186.64968,FALSE,18.77682403,19141100104,19141100104_1_BR_11,27,80,L_7_V1,0
8,-19.56482732,149.5819337,L_8,1_BR_12,Back Reef,18545.27822,FALSE,6.532663317,19141100104,19141100104_1_BR_12,25,80,L_8_V1,0
9,-19.56684343,149.6062581,L_9,1_BR_13,Back Reef,8280.057502,FALSE,7.954545455,19141100104,19141100104_1_BR_13,29,75,L_9_V1,0
10,-19.55006153,149.5874346,L_10,1_BR_2,Back Reef,24170.51324,FALSE,16.25,19141100104,19141100104_1_BR_2,29,81,L_10_V1,0
11,-19.55002694,149.5990608,L_11,1_BR_3,Back Reef,10264.58863,FALSE,39.72972973,19141100104,19141100104_1_BR_3,31,79,L_11_V1,0
12,-19.55414766,149.595572,L_12,1_BR_4,Back Reef,46027.22407,FALSE,27.9218107,19141100104,19141100104_1_BR_4,30,79,L_12_V1,0
13,-19.55435267,149.5837443,L_13,1_BR_5,Back Reef,10264.68333,FALSE,21.44859813,19141100104,19141100104_1_BR_5,28,81,L_13_V1,0
14,-19.55586755,149.6085808,L_14,1_BR_6,Back Reef,14570.76144,FALSE,45.22292994,19141100104,19141100104_1_BR_6,32,76,L_14_V1,0
15,-19.55756493,149.6006335,L_15,1_BR_7,Back Reef,44043.31151,FALSE,29.42184154,19141100104,19141100104_1_BR_7,30,77,L_15_V1,0
16,-19.55882312,149.5894554,L_16,1_BR_8,Back Reef,24504.81025,FALSE,29.76923077,19141100104,19141100104_1_BR_8,28,79,L_16_V1,0
17,-19.55964782,149.5967944,L_17,1_BR_9,Back Reef,14239.80033,FALSE,38.01948052,19141100104,19141100104_1_BR_9,29,78,L_17_V1,0
18,-19.572022,149.5985036,L_18,1_C_1,Crest,94728.2891,FALSE,31.65182987,19141100104,19141100104_1_C_1,27,75,L_18_V1,0
19,-19.57007014,149.5882955,L_19,1_C_10,Crest,47692.40658,FALSE,52.2,19141100104,19141100104_1_C_10,25,77,L_19_V1,0
20,-19.56911973,149.6101406,L_20,1_C_11,Crest,44051.89366,FALSE,31.5565032,19141100104,19141100104_1_C_11,29,73,L_20_V1,0
21,-19.57132131,149.5930681,L_21,1_C_12,Crest,64916.85555,FALSE,32.65895954,19141100104,19141100104_1_C_12,26,76,L_21_V1,0
22,-19.54490847,149.600035,L_22,1_C_2,Crest,106943.0232,FALSE,55.28384279,19141100104,19141100104_1_C_2,33,79,L_22_V1,0
23,-19.57175185,149.6039926,L_23,1_C_3,Crest,57963.96626,FALSE,31.07890499,19141100104,19141100104_1_C_3,28,74,L_23_V1,0
24,-19.55194981,149.6079385,L_24,1_C_4,Crest,138414.2865,FALSE,25.4076087,19141100104,19141100104_1_C_4,32,77,L_24_V1,0
25,-19.54282041,149.5958101,L_25,1_C_5,Crest,103627.563,FALSE,33.9673913,19141100104,19141100104_1_C_5,32,80,L_25_V1,0
26,-19.54747752,149.6042222,L_26,1_C_6,Crest,117875.027,FALSE,15.14670896,19141100104,19141100104_1_C_6,33,78,L_26_V1,0
27,-19.56468869,149.6167066,L_27,1_C_7,Crest,140099.2438,FALSE,13.93168118,19141100104,19141100104_1_C_7,31,73,L_27_V1,0
28,-19.55967719,149.6147465,L_28,1_C_8,Crest,112931.8061,FALSE,27.86661143,19141100104,19141100104_1_C_8,32,74,L_28_V1,0
29,-19.55604164,149.6115084,L_29,1_C_9,Crest,72854.70294,FALSE,22.32258065,19141100104,19141100104_1_C_9,32,75,L_29_V1,0
30,-19.56984754,149.6029293,L_30,1_IF_1,Inner Flat,145071.1163,FALSE,48.67656553,19141100104,19141100104_1_IF_1,28,75,L_30_V1,0
31,-19.5602961,149.592207,L_31,1_IF_2,Inner Flat,107625.7144,FALSE,47.38219895,19141100104,19141100104_1_IF_2,28,78,L_31_V1,0
32,-19.55101648,149.6006119,L_32,1_IF_3,Inner Flat,197679.9066,FALSE,57.87842952,19141100104,19141100104_1_IF_3,31,78,L_32_V1,0
33,-19.55852127,149.6063217,L_33,1_IF_5,Inner Flat,137764.0289,FALSE,50.41893733,19141100104,19141100104_1_IF_5,31,76,L_33_V1,0
34,-19.56728982,149.5879213,L_34,1_IF_6,Inner Flat,286805.2388,FALSE,41.65580183,19141100104,19141100104_1_IF_6,26,78,L_34_V1,0
35,-19.56622008,149.6104108,L_35,1_IF_7,Inner Flat,225881.1404,FALSE,46.57752902,19141100104,19141100104_1_IF_7,30,74,L_35_V1,0
36,-19.5537608,149.6039232,L_36,1_IF_8,Inner Flat,152654.9096,FALSE,58.92440074,19141100104,19141100104_1_IF_8,31,77,L_36_V1,0
37,-19.56276113,149.58767,L_37,1_IF_9,Inner Flat,160613.7964,FALSE,59.34387815,19141100104,19141100104_1_IF_9,27,79,L_37_V1,0
38,-19.5627469,149.6066448,L_38,1_OF_11,Outer Flat,59613.05027,FALSE,73.92686804,19141100104,19141100104_1_OF_11,30,75,L_38_V1,0
39,-19.56135033,149.5830959,L_39,1_OF_12,Outer Flat,31790.4729,FALSE,8.308605341,19141100104,19141100104_1_OF_12,26,80,L_39_V1,0
40,-19.56959215,149.6069736,L_40,1_OF_2,Outer Flat,86116.13809,FALSE,30.97055616,19141100104,19141100104_1_OF_2,29,74,L_40_V1,0
41,-19.54693043,149.5990104,L_41,1_OF_3,Outer Flat,121845.26,FALSE,76.28304821,19141100104,19141100104_1_OF_3,32,79,L_41_V1,0
42,-19.54997848,149.6037323,L_42,1_OF_5,Outer Flat,175825.1227,FALSE,45.5167821,19141100104,19141100104_1_OF_5,32,78,L_42_V1,0
43,-19.56703657,149.583685,L_43,1_OF_6,Outer Flat,108957.5456,FALSE,42.68502582,19141100104,19141100104_1_OF_6,25,79,L_43_V1,0
44,-19.54394827,149.5922439,L_44,1_OF_8,Outer Flat,27148.53994,FALSE,24.91467577,19141100104,19141100104_1_OF_8,31,81,L_44_V1,0
45,-19.55960877,149.5996434,L_45,1_OF_9,Outer Flat,83783.77128,FALSE,40.69119287,19141100104,19141100104_1_OF_9,29,77,L_45_V1,0
46,-19.54582756,149.5857839,L_46,1_S_11,Slope,69195.99144,FALSE,31.21067031,19141100104,19141100104_1_S_11,30,82,L_46_V1,0
47,-19.55475322,149.5920018,L_47,1_S_14,Slope,1324.519765,FALSE,35,19141100104,19141100104_1_S_14,29,79,L_47_V1,0
48,-19.57045703,149.5871805,L_48,1_S_16,Slope,66239.5646,FALSE,25.66478076,19141100104,19141100104_1_S_16,25,78,L_48_V1,0
49,-19.55350137,149.6114826,L_49,1_S_5,Slope,129478.028,FALSE,19.9566787,19141100104,19141100104_1_S_5,33,76,L_49_V1,0
50,-19.54164952,149.5967885,L_50,1_S_6,Slope,96342.56287,FALSE,20.49562682,19141100104,19141100104_1_S_6,33,80,L_50_V1,0
51,-19.54891376,149.6075691,L_51,1_S_7,Slope,84104.4971,FALSE,16.63355408,19141100104,19141100104_1_S_7,33,77,L_51_V1,0
52,-19.56474268,149.6180751,L_52,1_S_9,Slope,141424.8172,FALSE,19.68976898,19141100104,19141100104_1_S_9,32,73,L_52_V1,0
53,-19.56798748,149.6534564,L_53,1_BR_1,Back Reef,17225.52112,FALSE,11.01604278,19142100104,19142100104_1_BR_1,37,65,L_53_V1,0
54,-19.56981093,149.6595001,L_54,1_BR_2,Back Reef,51678.931,FALSE,26.88065099,19142100104,19142100104_1_BR_2,37,64,L_54_V1,0
55,-19.57360434,149.6524625,L_55,1_BR_3,Back Reef,5631.847129,FALSE,21.45454545,19142100104,19142100104_1_BR_3,35,64,L_55_V1,0
56,-19.57717021,149.6648466,L_56,1_BR_4,Back Reef,44064.95032,FALSE,25.73560768,19142100104,19142100104_1_BR_4,37,61,L_56_V1,0
57,-19.57922938,149.6694777,L_57,1_BR_5,Back Reef,15241.18542,FALSE,39.65625,19142100104,19142100104_1_BR_5,37,60,L_57_V1,0
58,-19.56704854,149.6582514,L_58,1_C_1,Crest,25838.35304,FALSE,21.11111111,19142100104,19142100104_1_C_1,38,64,L_58_V1,0
59,-19.56908445,149.6639668,L_59,1_C_2,Crest,169282.4114,FALSE,18.64218141,19142100104,19142100104_1_C_2,38,63,L_59_V1,0
60,-19.57509992,149.6685473,L_60,1_C_3,Crest,81833.53002,FALSE,51.02505695,19142100104,19142100104_1_C_3,38,61,L_60_V1,0
61,-19.5722204,149.6596039,L_61,1_S_1,Slope,103692.6915,FALSE,31.15837104,19142100104,19142100104_1_S_1,37,63,L_61_V1,0
62,-19.56585822,149.6552179,L_62,1_S_2,Slope,157344.7166,FALSE,24.29636255,19142100104,19142100104_1_S_2,38,65,L_62_V1,0
63,-19.57148075,149.6536793,L_63,1_S_3,Slope,344527.6279,FALSE,27.58414767,19142100104,19142100104_1_S_3,36,64,L_63_V1,0
64,-19.57930848,149.6640036,L_64,1_S_4,Slope,113975.6135,FALSE,26.21174524,19142100104,19142100104_1_S_4,36,61,L_64_V1,0
65,-19.567387,149.6644442,L_65,1_S_6,Slope,151721.3588,FALSE,10.53921569,19142100104,19142100104_1_S_6,39,63,L_65_V1,0
66,-19.57406728,149.6638781,L_66,1_S_8,Slope,205405.9254,FALSE,29.15525114,19142100104,19142100104_1_S_8,37,62,L_66_V1,0
67,-19.5856868,149.7085507,L_67,1_BR_1,Back Reef,15907.34566,FALSE,34.58823529,19143100104,19143100104_1_BR_1,42,51,L_67_V1,0
68,-19.58100711,149.5684886,L_68,1_C_1,Crest,81812.83085,FALSE,11.02272727,19144100104,19144100104_1_C_1,20,79,L_68_V1,0
69,-19.58103317,149.5677263,L_69,1_S_1,Slope,121890.91,FALSE,17.01269604,19144100104,19144100104_1_S_1,20,80,L_69_V1,0
70,-19.59178483,149.5075182,L_70,1_BR_1,Back Reef,16229.15415,FALSE,19.16666667,19145100104,19145100104_1_BR_1,8,89,L_70_V1,0
71,-19.58772813,149.5091996,L_71,1_S_1,Slope,195402.2441,FALSE,14.13717887,19145100104,19145100104_1_S_1,9,89,L_71_V1,0
72,-19.59233277,149.5068795,L_72,1_S_2,Slope,75515.66446,FALSE,18.01980198,19145100104,19145100104_1_S_2,7,89,L_72_V1,0
73,-19.59598714,149.6243432,L_73,1_BR_1,Back Reef,18556.06433,FALSE,23.73737374,19146100104,19146100104_1_BR_1,26,66,L_73_V1,0
74,-19.59857739,149.6365674,L_74,1_BR_2,Back Reef,1325.535639,FALSE,35,19146100104,19146100104_1_BR_2,28,64,L_74_V1,0
75,-19.60571415,149.6475792,L_75,1_BR_3,Back Reef,3645.723009,FALSE,35,19146100104,19146100104_1_BR_3,28,60,L_75_V1,0
76,-19.62105563,149.6312937,L_76,1_BR_4,Back Reef,7292.619445,FALSE,33.58108108,19146100104,19146100104_1_BR_4,22,61,L_76_V1,0
77,-19.59744753,149.6320987,L_77,1_C_2,Crest,126253.3833,FALSE,13.21455085,19146100104,19146100104_1_C_2,27,65,L_77_V1,0
78,-19.59878591,149.6218226,L_78,1_C_3,Crest,118629.9327,FALSE,18.84402217,19146100104,19146100104_1_C_3,25,66,L_78_V1,0
79,-19.62883922,149.6375642,L_79,1_C_4,Crest,56027.86954,FALSE,5.695142379,19146100104,19146100104_1_C_4,22,59,L_79_V1,0
80,-19.59896844,149.628942,L_80,1_SS_1,Sheltered Slope,8947.186951,FALSE,15.17045455,19146100104,19146100104_1_SS_1,26,65,L_80_V1,0
81,-19.59693498,149.6197598,L_81,1_SS_2,Sheltered Slope,4639.006596,FALSE,3.921568627,19146100104,19146100104_1_SS_2,25,67,L_81_V1,0
82,-19.62396269,149.6354127,L_82,1_SS_3,Sheltered Slope,128953.8081,FALSE,22.08667152,19146100104,19146100104_1_SS_3,22,60,L_82_V1,0
83,-19.5976275,149.633811,L_83,1_S_1,Slope,80524.47624,FALSE,20.01744186,19146100104,19146100104_1_S_1,27,64,L_83_V1,0
84,-19.61706935,149.6251898,L_84,1_S_11,Slope,41100.71491,FALSE,35,19146100104,19146100104_1_S_11,22,63,L_84_V1,0
85,-19.61481734,149.6399344,L_85,1_S_12,Slope,16904.62619,FALSE,22.93956044,19146100104,19146100104_1_S_12,25,60,L_85_V1,0
86,-19.59470893,149.6241922,L_86,1_S_3,Slope,9277.860687,FALSE,27.19387755,19146100104,19146100104_1_S_3,26,67,L_86_V1,0
87,-19.62065312,149.6347154,L_87,1_S_7,Slope,54694.9633,FALSE,19.59412781,19146100104,19146100104_1_S_7,23,60,L_87_V1,0
88,-19.62936687,149.6401454,L_88,1_S_8,Slope,75920.63754,FALSE,18.36633663,19146100104,19146100104_1_S_8,22,58,L_88_V1,0
89,-19.60288293,149.6420043,L_89,1_S_9,Slope,78212.76015,FALSE,35,19146100104,19146100104_1_S_9,28,62,L_89_V1,0
90,-19.60858479,149.650134,L_90,1_BR_1,Back Reef,19555.28677,FALSE,29.64622642,19147100104,19147100104_1_BR_1,28,59,L_90_V1,0
91,-19.64237682,149.6907361,L_91,1_BR_10,Back Reef,15919.07394,FALSE,28.51851852,19147100104,19147100104_1_BR_10,28,46,L_91_V1,0
92,-19.64617541,149.6810133,L_92,1_BR_11,Back Reef,8291.358876,FALSE,20.05555556,19147100104,19147100104_1_BR_11,25,47,L_92_V1,0
93,-19.61239267,149.6536789,L_93,1_BR_2,Back Reef,14584.55581,TRUE,13.2,19147100104,19147100104_1_BR_2,28,58,L_93_V1,0
94,-19.61583079,149.6561074,L_94,1_BR_3,Back Reef,29502.24138,FALSE,41.76751592,19147100104,19147100104_1_BR_3,27,57,L_94_V1,0
95,-19.6259397,149.6650533,L_95,1_BR_4,Back Reef,19229.47941,FALSE,33.03921569,19147100104,19147100104_1_BR_4,27,54,L_95_V1,0
96,-19.62576272,149.6835325,L_96,1_BR_5,Back Reef,8289.055948,FALSE,35,19147100104,19147100104_1_BR_5,30,50,L_96_V1,0
97,-19.62704423,149.6520033,L_97,1_BR_6,Back Reef,6962.203203,FALSE,23.6,19147100104,19147100104_1_BR_6,24,56,L_97_V1,0
98,-19.63410052,149.6856764,L_98,1_BR_7,Back Reef,31170.71607,FALSE,20.91317365,19147100104,19147100104_1_BR_7,28,48,L_98_V1,0
99,-19.63552935,149.6912859,L_99,1_BR_8,Back Reef,32829.99899,FALSE,30.38348083,19147100104,19147100104_1_BR_8,29,47,L_99_V1,0
100,-19.63745649,149.6539815,L_100,1_BR_9,Back Reef,32495.23942,FALSE,16.51603499,19147100104,19147100104_1_BR_9,23,54,L_100_V1,0
101,-19.61146342,149.657989,L_101,1_C_1,Crest,148828.9581,FALSE,39.1959799,19147100104,19147100104_1_C_1,29,57,L_101_V1,0
102,-19.61972857,149.6682052,L_102,1_C_2,Crest,112384.3752,FALSE,36.5752286,19147100104,19147100104_1_C_2,29,54,L_102_V1,0
103,-19.61498129,149.6634997,L_103,1_C_3,Crest,111380.6606,FALSE,31.19188504,19147100104,19147100104_1_C_3,29,56,L_103_V1,0
104,-19.62472775,149.6884493,L_104,1_C_6,Crest,120688.8674,FALSE,39.50426026,19147100104,19147100104_1_C_6,31,49,L_104_V1,0
105,-19.64705687,149.6866903,L_105,1_C_7,Crest,123047.5963,FALSE,6.120887529,19147100104,19147100104_1_C_7,26,46,L_105_V1,0
106,-19.62831277,149.6927387,L_106,1_C_8,Crest,45427.03495,FALSE,17.87784679,19147100104,19147100104_1_C_8,31,48,L_106_V1,0
107,-19.62913966,149.688322,L_107,1_IF_1,Inner Flat,156507.271,FALSE,67.38609113,19147100104,19147100104_1_IF_1,30,49,L_107_V1,0
108,-19.62195058,149.6639294,L_108,1_IF_2,Inner Flat,164766.9095,FALSE,63.44513928,19147100104,19147100104_1_IF_2,27,55,L_108_V1,0
109,-19.61667185,149.6602929,L_109,1_IF_3,Inner Flat,112376.5989,FALSE,58.43071786,19147100104,19147100104_1_IF_3,28,56,L_109_V1,0
110,-19.62603735,149.6560641,L_110,1_IF_5,Inner Flat,24864.99671,FALSE,47.95539033,19147100104,19147100104_1_IF_5,25,55,L_110_V1,0
111,-19.64572182,149.6854463,L_111,1_OF_1,Outer Flat,126693.0175,FALSE,33.82461312,19147100104,19147100104_1_OF_1,26,47,L_111_V1,0
112,-19.6222926,149.6662391,L_112,1_OF_2,Outer Flat,290086.206,FALSE,41.64781906,19147100104,19147100104_1_OF_2,28,54,L_112_V1,0
113,-19.62516568,149.6610232,L_113,1_OF_4,Outer Flat,122999.3766,FALSE,56.20715918,19147100104,19147100104_1_OF_4,26,55,L_113_V1,0
114,-19.63127592,149.6916508,L_114,1_OF_7,Outer Flat,158834.8578,FALSE,45.07955215,19147100104,19147100104_1_OF_7,30,48,L_114_V1,0
115,-19.61817269,149.6640199,L_115,1_OF_8,Outer Flat,75583.25018,FALSE,46.54320988,19147100104,19147100104_1_OF_8,28,55,L_115_V1,0
116,-19.62126144,149.6587561,L_116,1_OF_9,Outer Flat,108073.5794,FALSE,61.31830009,19147100104,19147100104_1_OF_9,27,56,L_116_V1,0
117,-19.6192832,149.6549538,L_117,1_SS_1,Sheltered Slope,103096.7019,FALSE,27.01992754,19147100104,19147100104_1_SS_1,26,57,L_117_V1,0
118,-19.63465152,149.6897945,L_118,1_SS_10,Sheltered Slope,95172.19595,FALSE,11.87745098,19147100104,19147100104_1_SS_10,29,48,L_118_V1,0
119,-19.64670161,149.6796909,L_119,1_SS_11,Sheltered Slope,83908.80326,FALSE,24.12290503,19147100104,19147100104_1_SS_11,25,48,L_119_V1,0
120,-19.63054646,149.6849391,L_120,1_SS_2,Sheltered Slope,184693.4196,FALSE,19.5242915,19147100104,19147100104_1_SS_2,29,49,L_120_V1,0
121,-19.62438926,149.6551053,L_121,1_SS_3,Sheltered Slope,97468.22228,FALSE,36.38888889,19147100104,19147100104_1_SS_3,25,56,L_121_V1,0
122,-19.61466087,149.6542258,L_122,1_SS_4,Sheltered Slope,90825.06475,FALSE,30.34800409,19147100104,19147100104_1_SS_4,27,58,L_122_V1,0
123,-19.64284178,149.6886334,L_123,1_S_1,Slope,192687.0396,FALSE,23.8950677,19147100104,19147100104_1_S_1,27,46,L_123_V1,0
124,-19.62695876,149.6638648,L_124,1_S_10,Slope,101784.6769,FALSE,20.47838086,19147100104,19147100104_1_S_10,26,54,L_124_V1,0
125,-19.62591668,149.6681732,L_125,1_S_13,Slope,65314.57755,FALSE,23.8705036,19147100104,19147100104_1_S_13,27,53,L_125_V1,0
126,-19.63118689,149.6651959,L_126,1_S_19,Slope,59682.11455,FALSE,22.37089202,19147100104,19147100104_1_S_19,26,53,L_126_V1,0
127,-19.62307479,149.6863272,L_127,1_S_2,Slope,107754.6629,FALSE,30.28187337,19147100104,19147100104_1_S_2,31,50,L_127_V1,0
128,-19.64289769,149.6628429,L_128,1_S_22,Slope,994.8574105,FALSE,35,19147100104,19147100104_1_S_22,23,52,L_128_V1,0
129,-19.60876381,149.6562685,L_129,1_S_3,Slope,44414.72224,FALSE,15.92827004,19147100104,19147100104_1_S_3,29,58,L_129_V1,0
130,-19.64952469,149.6804381,L_130,1_S_4,Slope,30845.24323,FALSE,22.59146341,19147100104,19147100104_1_S_4,24,47,L_130_V1,0
131,-19.63267075,149.6936775,L_131,1_S_5,Slope,68642.33529,FALSE,16.46657572,19147100104,19147100104_1_S_5,30,47,L_131_V1,0
132,-19.63603335,149.6509044,L_132,1_S_7,Slope,91514.44137,FALSE,21.74024641,19147100104,19147100104_1_S_7,22,55,L_132_V1,0
133,-19.61938014,149.6772942,L_133,1_S_8,Slope,91169.56941,FALSE,28.69144603,19147100104,19147100104_1_S_8,30,52,L_133_V1,0
134,-19.61659146,149.6667604,L_134,1_S_9,Slope,52708.68193,FALSE,32.22423146,19147100104,19147100104_1_S_9,29,55,L_134_V1,0
135,-19.60649055,149.7180586,L_135,1_BR_1,Back Reef,22874.21141,FALSE,11.6122449,19149100104,19149100104_1_BR_1,39,46,L_135_V1,0
136,-19.60884082,149.7230374,L_136,1_BR_2,Back Reef,19560.07359,FALSE,38.7254902,19149100104,19149100104_1_BR_2,40,45,L_136_V1,0
137,-19.60609659,149.7261367,L_137,1_C_1,Crest,126308.0778,FALSE,18.99482631,19149100104,19149100104_1_C_1,41,45,L_137_V1,0
138,-19.606541,149.7184068,L_138,1_C_2,Crest,46080.0186,FALSE,18.29268293,19149100104,19149100104_1_C_2,40,46,L_138_V1,0
139,-19.61036824,149.7307964,L_139,1_C_3,Crest,62993.02057,FALSE,22.55639098,19149100104,19149100104_1_C_3,41,43,L_139_V1,0
140,-19.61264849,149.7216778,L_140,1_IF_1,Inner Flat,263576.6161,FALSE,66.10953058,19149100104,19149100104_1_IF_1,39,45,L_140_V1,0
141,-19.60988193,149.7279993,L_141,1_OF_2,Outer Flat,214835.9176,FALSE,52.7486911,19149100104,19149100104_1_OF_2,40,44,L_141_V1,0
142,-19.61355842,149.7259872,L_142,1_OF_3,Outer Flat,225455.2478,FALSE,52.86516854,19149100104,19149100104_1_OF_3,39,44,L_142_V1,0
143,-19.61543106,149.7330845,L_143,1_P_1,Patch,2984.114273,FALSE,12.5,19149100104,19149100104_1_P_1,40,42,L_143_V1,0
144,-19.61157405,149.7165716,L_144,1_SS_1,Sheltered Slope,58018.16184,FALSE,25.32414911,19149100104,19149100104_1_SS_1,38,46,L_144_V1,0
145,-19.61595973,149.7261106,L_145,1_SS_2,Sheltered Slope,5305.010405,FALSE,40.35087719,19149100104,19149100104_1_SS_2,39,43,L_145_V1,0
146,-19.61365919,149.7319581,L_146,1_S_2,Slope,315643.9684,FALSE,18.32393112,19149100104,19149100104_1_S_2,40,43,L_146_V1,0
147,-19.61414036,149.7180548,L_147,1_S_5,Slope,23208.21395,FALSE,40.62248996,19149100104,19149100104_1_S_5,38,45,L_147_V1,0
148,-19.62443009,149.7246417,L_148,1_S_1,Slope,125676.761,FALSE,18.93759287,19150100104,19150100104_1_S_1,37,42,L_148_V1,0
149,-19.64017157,149.7582215,L_149,1_C_1,Crest,100839.9967,FALSE,25.65298507,19153100104,19153100104_1_C_1,39,33,L_149_V1,0
150,-19.64067371,149.7558288,L_150,1_SS_1,Sheltered Slope,16917.22352,FALSE,23.1741573,19153100104,19153100104_1_SS_1,39,34,L_150_V1,0
151,-19.63967835,149.7602139,L_151,1_S_1,Slope,112118.1059,FALSE,26.32427844,19153100104,19153100104_1_S_1,40,33,L_151_V1,0
152,-19.65155847,149.7173279,L_152,1_BR_1,Back Reef,3317.190682,FALSE,29.70588235,19155100104,19155100104_1_BR_1,30,39,L_152_V1,0
153,-19.65106863,149.7542993,L_153,1_BR_1,Back Reef,2322.298296,FALSE,40.18518519,19156100104,19156100104_1_BR_1,36,32,L_153_V1,0
154,-19.66016709,149.7629376,L_154,1_BR_2,Back Reef,5972.552405,FALSE,29.35483871,19156100104,19156100104_1_BR_2,36,29,L_154_V1,0
155,-19.65943108,149.7465718,L_155,1_BR_3,Back Reef,9290.046544,TRUE,26.73469388,19156100104,19156100104_1_BR_3,33,33,L_155_V1,0
156,-19.66882421,149.7458557,L_156,1_BR_4,Back Reef,5641.113305,FALSE,7.8125,19156100104,19156100104_1_BR_4,31,31,L_156_V1,0
157,-19.67731887,149.7627988,L_157,1_BR_5,Back Reef,5973.982189,FALSE,30.08196721,19156100104,19156100104_1_BR_5,32,27,L_157_V1,0
158,-19.67737683,149.7453626,L_158,1_BR_6,Back Reef,4646.170859,FALSE,29.34782609,19156100104,19156100104_1_BR_6,29,30,L_158_V1,0
159,-19.67887702,149.7522646,L_159,1_BR_7,Back Reef,8960.861473,FALSE,25.63829787,19156100104,19156100104_1_BR_7,30,28,L_159_V1,0
160,-19.64774462,149.7597859,L_160,1_C_1,Crest,113789.3541,FALSE,47.15993405,19156100104,19156100104_1_C_1,38,32,L_160_V1,0
161,-19.66158186,149.750645,L_161,1_C_3,Crest,94231.70151,FALSE,57.59682224,19156100104,19156100104_1_C_3,33,31,L_161_V1,0
162,-19.66984675,149.7499044,L_162,1_C_4,Crest,81632.47238,FALSE,21.51898734,19156100104,19156100104_1_C_4,32,30,L_162_V1,0
163,-19.67615817,149.7486195,L_163,1_C_5,Crest,47125.14306,FALSE,15.87301587,19156100104,19156100104_1_C_5,30,30,L_163_V1,0
164,-19.64916438,149.7547688,L_164,1_IF_1,Inner Flat,79619.65597,FALSE,56.11764706,19156100104,19156100104_1_IF_1,37,33,L_164_V1,0
165,-19.65660877,149.7514461,L_165,1_OF_2,Outer Flat,66024.12968,FALSE,25.1788269,19156100104,19156100104_1_OF_2,35,32,L_165_V1,0
166,-19.65075599,149.7537323,L_166,1_OF_3,Outer Flat,186446.2193,FALSE,47.95943916,19156100104,19156100104_1_OF_3,36,33,L_166_V1,0
167,-19.6531371,149.7477746,L_167,1_OF_4,Outer Flat,89575.05317,FALSE,61.42335766,19156100104,19156100104_1_OF_4,35,33,L_167_V1,0
168,-19.67025443,149.7491371,L_168,1_OF_5,Outer Flat,54753.66271,FALSE,35.10273973,19156100104,19156100104_1_OF_5,31,30,L_168_V1,0
169,-19.64536624,149.7566757,L_169,1_SS_4,Sheltered Slope,24216.50787,FALSE,34.63178295,19156100104,19156100104_1_SS_4,38,33,L_169_V1,0
170,-19.65139992,149.757473,L_170,1_S_1,Slope,84267.51504,FALSE,35.09988901,19156100104,19156100104_1_S_1,37,32,L_170_V1,0
171,-19.67777861,149.7502611,L_171,1_S_10,Slope,78654.72944,FALSE,22.71971496,19156100104,19156100104_1_S_10,30,29,L_171_V1,0
172,-19.66968423,149.7413778,L_172,1_S_11,Slope,51433.54657,FALSE,22.02727273,19156100104,19156100104_1_S_11,30,32,L_172_V1,0
173,-19.66676893,149.7509658,L_173,1_S_2,Slope,48446.62318,FALSE,29.73988439,19156100104,19156100104_1_S_2,32,31,L_173_V1,0
174,-19.67083834,149.7642709,L_174,1_S_6,Slope,67699.32393,FALSE,32.28472222,19156100104,19156100104_1_S_6,34,27,L_174_V1,0
175,-19.67500052,149.7632181,L_175,1_S_7,Slope,53764.17182,FALSE,41.20659722,19156100104,19156100104_1_S_7,33,27,L_175_V1,0
176,-19.66006364,149.7516378,L_176,1_S_8,Slope,57068.87609,FALSE,31.06260297,19156100104,19156100104_1_S_8,34,31,L_176_V1,0
177,-19.66304179,149.5738868,L_177,1_BR_1,Back Reef,16580.68298,FALSE,8.47826087,19157100104,19157100104_1_BR_1,4,66,L_177_V1,0
178,-19.66943232,149.5788777,L_178,1_C_1,Crest,201310.8907,FALSE,13.76744186,19157100104,19157100104_1_C_1,4,64,L_178_V1,0
179,-19.6678295,149.5755246,L_179,1_C_2,Crest,119389.5766,FALSE,6.072555205,19157100104,19157100104_1_C_2,4,65,L_179_V1,0
180,-19.66907882,149.5835276,L_180,1_C_3,Crest,208941.0695,FALSE,17.10585083,19157100104,19157100104_1_C_3,5,63,L_180_V1,0
181,-19.66351886,149.5766473,L_181,1_C_4,Crest,71629.69805,FALSE,10.71428571,19157100104,19157100104_1_C_4,5,65,L_181_V1,0
182,-19.66526159,149.5806375,L_182,1_IF_2,Inner Flat,61020.20307,FALSE,9.589041096,19157100104,19157100104_1_IF_2,5,64,L_182_V1,0
183,-19.66755538,149.5732573,L_183,1_SS_2,Sheltered Slope,33495.02299,FALSE,10.84958217,19157100104,19157100104_1_SS_2,3,65,L_183_V1,0
184,-19.66434638,149.5832894,L_184,1_S_2,Slope,53724.10342,FALSE,25.18453427,19157100104,19157100104_1_S_2,6,64,L_184_V1,0
185,-19.6701404,149.5745875,L_185,1_S_4,Slope,28853.32209,FALSE,24.31666667,19157100104,19157100104_1_S_4,3,64,L_185_V1,0
186,-19.67249411,149.578702,L_186,1_S_5,Slope,35819.59531,FALSE,19.35013263,19157100104,19157100104_1_S_5,3,63,L_186_V1,0
187,-19.6706366,149.6912173,L_187,1_BR_1,Back Reef,1990.674568,FALSE,35,19158100104,19158100104_1_BR_1,22,42,L_187_V1,0
188,-19.67268613,149.7031193,L_188,1_BR_2,Back Reef,995.4048983,FALSE,35,19158100104,19158100104_1_BR_2,23,39,L_188_V1,0
189,-19.67510372,149.7045866,L_189,1_P_1,Patch,1659.072259,FALSE,15.78947368,19158100104,19158100104_1_P_1,23,38,L_189_V1,0
190,-19.67100249,149.6917235,L_190,1_S_1,Slope,23224.69475,FALSE,35,19158100104,19158100104_1_S_1,22,41,L_190_V1,0
191,-19.67611943,149.6521954,L_191,1_BR_1,Back Reef,26209.16611,FALSE,35,19161100104,19161100104_1_BR_1,14,48,L_191_V1,0
192,-19.67485247,149.6434739,L_192,1_BR_2,Back Reef,6634.921356,FALSE,35,19161100104,19161100104_1_BR_2,13,50,L_192_V1,0
193,-19.68298774,149.6579769,L_193,1_BR_3,Back Reef,34507.18161,FALSE,35,19161100104,19161100104_1_BR_3,14,46,L_193_V1,0
194,-19.68827534,149.661762,L_194,1_BR_4,Back Reef,29532.73715,FALSE,33.34375,19161100104,19161100104_1_BR_4,13,45,L_194_V1,0
195,-19.68779267,149.6468856,L_195,1_BR_5,Back Reef,12608.77408,FALSE,35,19161100104,19161100104_1_BR_5,11,48,L_195_V1,0
196,-19.69019795,149.6569095,L_196,1_BR_6,Back Reef,13273.28253,FALSE,35,19161100104,19161100104_1_BR_6,12,45,L_196_V1,0
197,-19.68984997,149.6670178,L_197,1_C_1,Crest,82296.7163,FALSE,21.33027523,19161100104,19161100104_1_C_1,14,43,L_197_V1,0
198,-19.67917584,149.6547015,L_198,1_S_1,Slope,146646.1132,FALSE,35,19161100104,19161100104_1_S_1,14,47,L_198_V1,0
199,-19.68724486,149.66476,L_199,1_S_4,Slope,145672.0701,FALSE,22.23003195,19161100104,19161100104_1_S_4,14,44,L_199_V1,0
200,-19.69127338,149.6623965,L_200,1_S_6,Slope,169903.6681,FALSE,20.570877,19161100104,19161100104_1_S_6,13,44,L_200_V1,0
201,-19.67454322,149.6423218,L_201,1_S_7,Slope,43126.63718,FALSE,35,19161100104,19161100104_1_S_7,13,51,L_201_V1,0
202,-19.67509327,149.6508276,L_202,1_S_8,Slope,42132.92621,FALSE,35,19161100104,19161100104_1_S_8,14,49,L_202_V1,0
203,-19.66624488,149.7283453,L_203,1_BR_1,Back Reef,8626.77999,FALSE,10.88888889,19164100104,19164100104_1_BR_1,29,35,L_203_V1,0
204,-19.68129391,149.7348028,L_204,1_BR_2,Back Reef,331.8760698,FALSE,35,19164100104,19164100104_1_BR_2,27,31,L_204_V1,0
205,-19.69139807,149.7462972,L_205,1_BR_3,Back Reef,5642.900993,FALSE,2.258064516,19164100104,19164100104_1_BR_3,27,28,L_205_V1,0
206,-19.70318272,149.7479793,L_206,1_BR_4,Back Reef,11287.71964,FALSE,27.84,19164100104,19164100104_1_BR_4,25,25,L_206_V1,0
207,-19.68264088,149.7119239,L_207,1_C_1,Crest,72676.77189,FALSE,10.95360825,19164100104,19164100104_1_C_1,23,36,L_207_V1,0
208,-19.69177044,149.7485046,L_208,1_C_2,Crest,94270.80548,FALSE,15.17928287,19164100104,19164100104_1_C_2,27,27,L_208_V1,0
209,-19.67853364,149.7155157,L_209,1_P_2,Patch,4313.949662,FALSE,10.41666667,19164100104,19164100104_1_P_2,24,36,L_209_V1,0
210,-19.67279674,149.7324052,L_210,1_S_2,Slope,97559.20852,FALSE,14.76856316,19164100104,19164100104_1_S_2,28,33,L_210_V1,0
211,-19.68373872,149.7114163,L_211,1_S_5,Slope,33186.19424,FALSE,28.77808989,19164100104,19164100104_1_S_5,22,36,L_211_V1,0
212,-19.69419291,149.7518351,L_212,1_S_7,Slope,72366.03369,FALSE,25.41290323,19164100104,19164100104_1_S_7,27,26,L_212_V1,0
213,-19.70299563,149.7472883,L_213,1_S_8,Slope,61418.1757,FALSE,24.34550989,19164100104,19164100104_1_S_8,24,26,L_213_V1,0
214,-19.69157292,149.7779374,L_214,1_BR_1,Back Reef,1659.85136,FALSE,16,19165100103,19165100103_1_BR_1,32,21,L_214_V1,0
215,-19.69067873,149.7779363,L_215,1_S_1,Slope,22241.73108,FALSE,19.25213675,19165100103,19165100103_1_S_1,32,22,L_215_V1,0
216,-19.67163535,149.7777215,L_216,1_BR_1,Back Reef,11615.71623,FALSE,25.7480315,19165100104,19165100104_1_BR_1,36,25,L_216_V1,0
217,-19.67864993,149.7891928,L_217,1_BR_2,Back Reef,5974.604044,FALSE,25.234375,19165100104,19165100104_1_BR_2,36,21,L_217_V1,0
218,-19.68334236,149.7986257,L_218,1_BR_3,Back Reef,2323.680184,FALSE,35,19165100104,19165100104_1_BR_3,37,19,L_218_V1,0
219,-19.69190451,149.784608,L_219,1_BR_4,Back Reef,11619.26404,FALSE,34.20168067,19165100104,19165100104_1_BR_4,33,20,L_219_V1,0
220,-19.70243562,149.7805781,L_220,1_BR_5,Back Reef,9296.656091,FALSE,24.95,19165100104,19165100104_1_BR_5,30,19,L_220_V1,0
221,-19.70673872,149.8335963,L_221,1_BR_6,Back Reef,4649.399521,FALSE,20.41666667,19165100104,19165100104_1_BR_6,38,9,L_221_V1,0
222,-19.71712245,149.8355635,L_222,1_BR_7,Back Reef,2657.201052,FALSE,35,19165100104,19165100104_1_BR_7,36,7,L_222_V1,0
223,-19.68732573,149.7871927,L_223,1_C_1,Crest,95272.67249,FALSE,25.60217177,19165100104,19165100104_1_C_1,34,20,L_223_V1,0
224,-19.69277782,149.7871018,L_224,1_C_2,Crest,77020.68286,FALSE,51.03532278,19165100104,19165100104_1_C_2,33,19,L_224_V1,0
225,-19.69784182,149.7846703,L_225,1_C_3,Crest,162019.1982,FALSE,35.63218391,19165100104,19165100104_1_C_3,32,19,L_225_V1,0
226,-19.69793541,149.7775207,L_226,1_C_4,Crest,95283.8018,FALSE,27.53195674,19165100104,19165100104_1_C_4,31,21,L_226_V1,0
227,-19.69715403,149.7821798,L_227,1_OF_1,Outer Flat,74368.15564,FALSE,51.69811321,19165100104,19165100104_1_OF_1,31,20,L_227_V1,0
228,-19.68718885,149.7861607,L_228,1_SS_1,Sheltered Slope,17925.77498,FALSE,23.96984925,19165100104,19165100104_1_SS_1,34,21,L_228_V1,0
229,-19.69156188,149.7826775,L_229,1_SS_2,Sheltered Slope,52784.07555,FALSE,28.53097345,19165100104,19165100104_1_SS_2,33,21,L_229_V1,0
230,-19.70962726,149.8104167,L_230,1_S_1,Slope,26235.00575,FALSE,35,19165100104,19165100104_1_S_1,34,12,L_230_V1,0
231,-19.69961703,149.7773316,L_231,1_S_13,Slope,40836.84805,FALSE,34.3908046,19165100104,19165100104_1_S_13,30,20,L_231_V1,0
232,-19.6745231,149.7810111,L_232,1_S_14,Slope,33189.45341,FALSE,31.5,19165100104,19165100104_1_S_14,36,24,L_232_V1,0
233,-19.68879282,149.8092221,L_233,1_S_15,Slope,25895.29022,FALSE,34.49640288,19165100104,19165100104_1_S_15,38,16,L_233_V1,0
234,-19.6815443,149.7741089,L_234,1_S_2,Slope,156998.007,FALSE,26.17629362,19165100104,19165100104_1_S_2,33,24,L_234_V1,0
235,-19.67292487,149.7752169,L_235,1_S_4,Slope,145363.8323,FALSE,22.44811933,19165100104,19165100104_1_S_4,35,25,L_235_V1,0
236,-19.70174469,149.7837936,L_236,1_S_7,Slope,134801.6185,FALSE,28.1022409,19165100104,19165100104_1_S_7,31,19,L_236_V1,0
237,-19.6851792,149.7867699,L_237,1_S_9,Slope,30871.36187,FALSE,28.87692308,19165100104,19165100104_1_S_9,35,21,L_237_V1,0
238,-19.71083747,149.6068264,L_238,1_BR_1,Back Reef,2654.976352,FALSE,49.48275862,19168100104,19168100104_1_BR_1,1,52,L_238_V1,0
239,-19.71310398,149.6145894,L_239,1_BR_2,Back Reef,5310.259207,FALSE,19.9137931,19168100104,19168100104_1_BR_2,1,50,L_239_V1,0
240,-19.71258284,149.6114332,L_240,1_IF_1,Inner Flat,38166.80657,FALSE,31.8627451,19168100104,19168100104_1_IF_1,1,51,L_240_V1,0
241,-19.7196696,149.6128738,L_241,1_C_1,Crest,297731.9444,FALSE,8.437990581,19169100104,19169100104_1_C_1,1,49,L_241_V1,0
242,-19.72368953,149.6150559,L_242,1_S_2,Slope,57425.74053,FALSE,32.30894309,19169100104,19169100104_1_S_2,1,48,L_242_V1,0
243,-19.69771076,149.6760662,L_243,1_BR_1,Back Reef,2986.991784,FALSE,35,19170100104,19170100104_1_BR_1,14,40,L_243_V1,0
244,-19.70277926,149.6835835,L_244,1_BR_2,Back Reef,3983.036422,FALSE,35,19170100104,19170100104_1_BR_2,14,38,L_244_V1,0
245,-19.70934194,149.6947761,L_245,1_S_3,Slope,9294.946215,FALSE,35,19170100104,19170100104_1_S_3,14,35,L_245_V1,0
246,-19.70823607,149.7419087,L_246,1_BR_1,Back Reef,7636.197148,FALSE,18.8125,19171100104,19171100104_1_BR_1,23,26,L_246_V1,0
247,-19.70865344,149.7432034,L_247,1_P_1,Patch,4980.1787,FALSE,33.33333333,19171100104,19171100104_1_P_1,23,25,L_247_V1,0
248,-19.70812172,149.7602645,L_248,1_BR_1,Back Reef,5644.474188,FALSE,32.33333333,19172100104,19172100104_1_BR_1,26,22,L_248_V1,0
249,-19.7108745,149.7569623,L_249,1_C_1,Crest,23906.66958,FALSE,9.862745098,19172100104,19172100104_1_C_1,24,22,L_249_V1,0
250,-19.70945642,149.7590803,L_250,1_OF_1,Outer Flat,39511.90266,FALSE,24.85611511,19172100104,19172100104_1_OF_1,25,22,L_250_V1,0
251,-19.7125613,149.7663038,L_251,1_BR_1,Back Reef,10293.70392,FALSE,15.78703704,19173100104,19173100104_1_BR_1,26,20,L_251_V1,0
252,-19.71210156,149.7654511,L_252,1_S_1,Slope,65414.22678,FALSE,11.46676301,19173100104,19173100104_1_S_1,26,21,L_252_V1,0
253,-19.71163095,149.8049338,L_253,1_BR_1,Back Reef,2324.64479,FALSE,35,19174100104,19174100104_1_BR_1,32,13,L_253_V1,0
254,-19.71986843,149.8126112,L_254,1_BR_2,Back Reef,6974.90668,FALSE,15.86666667,19174100104,19174100104_1_BR_2,32,10,L_254_V1,0
255,-19.72007693,149.810462,L_255,1_S_2,Slope,100305.4015,FALSE,15.15478424,19174100104,19174100104_1_S_2,32,11,L_255_V1,0
256,-19.73118148,149.7014948,L_256,1_BR_1,Back Reef,332.0707351,FALSE,100,19177100104,19177100104_1_BR_1,11,30,L_256_V1,0
257,-19.73042656,149.7102065,L_257,1_C_1,Crest,241419.8134,FALSE,24.50581395,19177100104,19177100104_1_C_1,13,28,L_257_V1,0
258,-19.7235191,149.7132265,L_258,1_C_2,Crest,150085.7517,FALSE,35.74051027,19177100104,19177100104_1_C_2,15,29,L_258_V1,0
259,-19.71827471,149.7130343,L_259,1_C_3,Crest,73045.20361,FALSE,35.65891473,19177100104,19177100104_1_C_3,16,30,L_259_V1,0
260,-19.73147671,149.7045471,L_260,1_C_4,Crest,82022.63587,FALSE,31.45977011,19177100104,19177100104_1_C_4,11,29,L_260_V1,0
261,-19.72019506,149.7102476,L_261,1_IF_1,Inner Flat,488415.3887,FALSE,34.22009569,19177100104,19177100104_1_IF_1,15,30,L_261_V1,0
262,-19.72858476,149.7013237,L_262,1_IF_2,Inner Flat,121201.3721,FALSE,61.74652241,19177100104,19177100104_1_IF_2,12,31,L_262_V1,0
263,-19.72685328,149.70916,L_263,1_IF_3,Inner Flat,176987.5041,FALSE,11.95995785,19177100104,19177100104_1_IF_3,13,29,L_263_V1,0
264,-19.71634585,149.7103843,L_264,1_OF_1,Outer Flat,19256.68636,FALSE,3.431372549,19177100104,19177100104_1_OF_1,16,31,L_264_V1,0
265,-19.7238178,149.7077735,L_265,1_OF_2,Outer Flat,32872.31188,FALSE,85.35211268,19177100104,19177100104_1_OF_2,14,30,L_265_V1,0
266,-19.72798438,149.7029646,L_266,1_OF_3,Outer Flat,98289.04088,FALSE,48.82213813,19177100104,19177100104_1_OF_3,12,30,L_266_V1,0
267,-19.71790811,149.7071532,L_267,1_SS_1,Sheltered Slope,80015.74473,FALSE,29.50117371,19177100104,19177100104_1_SS_1,15,31,L_267_V1,0
268,-19.73015042,149.7066559,L_268,1_SS_4,Sheltered Slope,52135.24414,FALSE,51.20751342,19177100104,19177100104_1_SS_4,12,29,L_268_V1,0
269,-19.72709475,149.7125577,L_269,1_S_3,Slope,22912.41106,FALSE,28.11715481,19177100104,19177100104_1_S_3,14,29,L_269_V1,0
270,-19.73195825,149.7110702,L_270,1_S_5,Slope,35533.07338,FALSE,25.89095745,19177100104,19177100104_1_S_5,12,28,L_270_V1,0
271,-19.72239134,149.7755438,L_271,1_BR_1,Back Reef,5977.987133,FALSE,9.754098361,19179100104,19179100104_1_BR_1,25,17,L_271_V1,0
272,-19.72757566,149.7797133,L_272,1_BR_2,Back Reef,5646.360436,FALSE,32.13114754,19179100104,19179100104_1_BR_2,25,15,L_272_V1,0
273,-19.73422827,149.7842511,L_273,1_BR_3,Back Reef,8968.711316,FALSE,32.8125,19179100104,19179100104_1_BR_3,24,13,L_273_V1,0
274,-19.73704083,149.7751833,L_274,1_BR_4,Back Reef,664.3554938,FALSE,30,19179100104,19179100104_1_BR_4,22,15,L_274_V1,0
275,-19.74144237,149.7868877,L_275,1_BR_5,Back Reef,5315.370564,FALSE,32.18181818,19179100104,19179100104_1_BR_5,23,12,L_275_V1,0
276,-19.74813678,149.7967748,L_276,1_BR_6,Back Reef,6977.295877,FALSE,16.05263158,19179100104,19179100104_1_BR_6,24,9,L_276_V1,0
277,-19.75353015,149.7968081,L_277,1_BR_7,Back Reef,19272.07373,FALSE,35,19179100104,19179100104_1_BR_7,23,8,L_277_V1,0
278,-19.73437917,149.7820349,L_278,1_C_1,Crest,58130.24112,FALSE,14.7327044,19179100104,19179100104_1_C_1,24,14,L_278_V1,0
279,-19.74193323,149.7806029,L_279,1_C_3,Crest,61790.34985,FALSE,2.431610942,19179100104,19179100104_1_C_3,22,13,L_279_V1,0
280,-19.74575729,149.7826795,L_280,1_C_4,Crest,97342.24196,FALSE,7.763409962,19179100104,19179100104_1_C_4,22,12,L_280_V1,0
281,-19.74029296,149.7781317,L_281,1_OF_1,Outer Flat,51490.37187,FALSE,38.66906475,19179100104,19179100104_1_OF_1,22,14,L_281_V1,0
282,-19.73123267,149.779755,L_282,1_P_1,Patch,3985.869655,FALSE,4.651162791,19179100104,19179100104_1_P_1,24,15,L_282_V1,0
283,-19.74014946,149.7814894,L_283,1_S_1,Slope,74080.35296,FALSE,29.58808619,19179100104,19179100104_1_S_1,23,13,L_283_V1,0
284,-19.72630856,149.7788011,L_284,1_S_10,Slope,42845.02971,FALSE,19.40217391,19179100104,19179100104_1_S_10,25,16,L_284_V1,0
285,-19.73824415,149.7859449,L_285,1_S_8,Slope,77069.20968,FALSE,25,19179100104,19179100104_1_S_8,24,12,L_285_V1,0
286,-19.7339957,149.6848636,L_286,1_BR_1,Back Reef,7969.573004,FALSE,35,19180100104,19180100104_1_BR_1,8,33,L_286_V1,0
287,-19.73389935,149.696838,L_287,1_BR_2,Back Reef,3320.782218,FALSE,35,19180100104,19180100104_1_BR_2,10,31,L_287_V1,0
288,-19.73785624,149.6776643,L_288,1_BR_3,Back Reef,30218.8687,FALSE,29.85148515,19180100104,19180100104_1_BR_3,6,34,L_288_V1,0
289,-19.74006288,149.6697676,L_289,1_BR_4,Back Reef,15275.54158,FALSE,1.46875,19180100104,19180100104_1_BR_4,4,35,L_289_V1,0
290,-19.74315046,149.6864068,L_290,1_BR_5,Back Reef,17601.8057,FALSE,38.77604167,19180100104,19180100104_1_BR_5,6,31,L_290_V1,0
291,-19.74458008,149.6779335,L_291,1_BR_6,Back Reef,22915.3724,FALSE,39.04958678,19180100104,19180100104_1_BR_6,4,33,L_291_V1,0
292,-19.74564459,149.6821968,L_292,1_BR_7,Back Reef,37861.27494,FALSE,35.86034913,19180100104,19180100104_1_BR_7,5,32,L_292_V1,0
293,-19.73639874,149.6970413,L_293,1_C_1,Crest,49481.40927,FALSE,9.811320755,19180100104,19180100104_1_C_1,9,30,L_293_V1,0
294,-19.74549108,149.695013,L_294,1_C_2,Crest,47494.55994,FALSE,15.94488189,19180100104,19180100104_1_C_2,7,29,L_294_V1,0
295,-19.74776902,149.6768554,L_295,1_C_3,Crest,67088.31875,FALSE,20.60857538,19180100104,19180100104_1_C_3,4,32,L_295_V1,0
296,-19.74948807,149.6915169,L_296,1_C_4,Crest,177697.2661,FALSE,11.10523533,19180100104,19180100104_1_C_4,6,29,L_296_V1,0
297,-19.75024247,149.6861029,L_297,1_C_5,Crest,29892.77735,FALSE,17.46031746,19180100104,19180100104_1_C_5,5,30,L_297_V1,0
298,-19.73590063,149.6937983,L_298,1_IF_1,Inner Flat,170691.2487,FALSE,44.48087432,19180100104,19180100104_1_IF_1,9,31,L_298_V1,0
299,-19.74343793,149.6734048,L_299,1_IF_2,Inner Flat,249404.537,FALSE,17.85983421,19180100104,19180100104_1_IF_2,4,34,L_299_V1,0
300,-19.73974502,149.6731273,L_300,1_IF_3,Inner Flat,188288.9172,FALSE,27.81655035,19180100104,19180100104_1_IF_3,5,34,L_300_V1,0
301,-19.74508231,149.691691,L_301,1_IF_4,Inner Flat,227172.9949,FALSE,21.97938144,19180100104,19180100104_1_IF_4,7,30,L_301_V1,0
302,-19.73394087,149.6795061,L_302,1_IF_5,Inner Flat,38850.95034,FALSE,13.55932203,19180100104,19180100104_1_IF_5,7,34,L_302_V1,0
303,-19.74874109,149.680749,L_303,1_OF_4,Outer Flat,56129.82788,FALSE,28.47682119,19180100104,19180100104_1_OF_4,4,31,L_303_V1,0
304,-19.7387748,149.6880078,L_304,1_OF_6,Outer Flat,34869.56344,FALSE,38.97849462,19180100104,19180100104_1_OF_6,7,32,L_304_V1,0
305,-19.7422227,149.6762593,L_305,1_OF_7,Outer Flat,39851.29353,FALSE,30.33175355,19180100104,19180100104_1_OF_7,5,33,L_305_V1,0
306,-19.73833253,149.6931742,L_306,1_P_1,Patch,5645.609824,FALSE,28.5483871,19180100104,19180100104_1_P_1,8,31,L_306_V1,0
307,-19.74519323,149.6713124,L_307,1_SS_10,Sheltered Slope,17601.42696,FALSE,37.34693878,19180100104,19180100104_1_SS_10,3,34,L_307_V1,0
308,-19.73941416,149.6884312,L_308,1_SS_11,Sheltered Slope,213536.7627,FALSE,36.51687856,19180100104,19180100104_1_SS_11,7,31,L_308_V1,0
309,-19.73451329,149.6877924,L_309,1_SS_6,Sheltered Slope,172344.9253,FALSE,31.30010834,19180100104,19180100104_1_SS_6,8,32,L_309_V1,0
310,-19.73245212,149.6930379,L_310,1_SS_9,Sheltered Slope,41508.42084,FALSE,26.32723112,19180100104,19180100104_1_SS_9,9,32,L_310_V1,0
311,-19.74076322,149.6931789,L_311,1_S_4,Slope,105609.6878,FALSE,29.28822496,19180100104,19180100104_1_S_4,8,30,L_311_V1,0
312,-19.74792989,149.6754085,L_312,1_S_8,Slope,22252.0094,FALSE,33.17021277,19180100104,19180100104_1_S_8,3,33,L_312_V1,0
313,-19.74631315,149.7245963,L_313,1_BR_1,Back Reef,4650.322262,FALSE,35,19182100104,19182100104_1_BR_1,12,23,L_313_V1,0
314,-19.74979743,149.7320282,L_314,1_BR_2,Back Reef,4982.850666,FALSE,21.38888889,19182100104,19182100104_1_BR_2,12,21,L_314_V1,0
315,-19.75865792,149.7294442,L_315,1_BR_3,Back Reef,9302.388305,FALSE,32.52525253,19182100104,19182100104_1_BR_3,10,20,L_315_V1,0
316,-19.76441102,149.7398237,L_316,1_BR_4,Back Reef,20268.22435,FALSE,32.52358491,19182100104,19182100104_1_BR_4,11,17,L_316_V1,0
317,-19.75606413,149.7377933,L_317,1_C_1,Crest,61793.89521,FALSE,15.10574018,19182100104,19182100104_1_C_1,12,19,L_317_V1,0
318,-19.76246279,149.7349261,L_318,1_C_2,Crest,134894.1778,FALSE,11.02635229,19182100104,19182100104_1_C_2,10,18,L_318_V1,0
319,-19.7619466,149.7324008,L_319,1_OF_1,Outer Flat,61133.36442,FALSE,44.15384615,19182100104,19182100104_1_OF_1,10,19,L_319_V1,0
320,-19.76295449,149.7390062,L_320,1_S_3,Slope,154167.8813,FALSE,25.84648058,19182100104,19182100104_1_S_3,11,18,L_320_V1,0
321,-19.75622233,149.7232351,L_321,1_S_7,Slope,33221.0155,FALSE,35,19182100104,19182100104_1_S_7,9,22,L_321_V1,0
322,-19.74884884,149.7160263,L_322,1_S_8,Slope,76398.6989,FALSE,21.44336175,19182100104,19182100104_1_S_8,10,24,L_322_V1,0
323,-19.76891682,149.7253176,L_323,1_C_1,Crest,57482.88527,FALSE,8.265802269,19186100104,19186100104_1_C_1,7,19,L_323_V1,0
324,-19.76808096,149.7247529,L_324,1_SS_1,Sheltered Slope,8306.663544,FALSE,14.60674157,19186100104,19186100104_1_SS_1,7,20,L_324_V1,0
325,-19.7756387,149.7623673,L_325,1_BR_1,Back Reef,20272.8715,FALSE,48.55450237,19188100104,19188100104_1_BR_1,12,11,L_325_V1,0
326,-19.77716103,149.7570294,L_326,1_BR_2,Back Reef,17946.54429,FALSE,40.23560209,19188100104,19188100104_1_BR_2,11,12,L_326_V1,0
327,-19.77927685,149.7667007,L_327,1_BR_3,Back Reef,17947.63461,FALSE,31.53645833,19188100104,19188100104_1_BR_3,12,9,L_327_V1,0
328,-19.78448842,149.7569616,L_328,1_BR_4,Back Reef,20939.759,FALSE,30.04504505,19188100104,19188100104_1_BR_4,9,10,L_328_V1,0
329,-19.78714764,149.7645496,L_329,1_BR_5,Back Reef,27256.60116,TRUE,29.88054608,19188100104,19188100104_1_BR_5,10,8,L_329_V1,0
330,-19.79291567,149.7561885,L_330,1_BR_6,Back Reef,3324.151296,FALSE,14.54545455,19188100104,19188100104_1_BR_6,7,9,L_330_V1,0
331,-19.79057483,149.7676621,L_331,1_C_1,Crest,97398.09994,FALSE,19.44980695,19188100104,19188100104_1_C_1,10,7,L_331_V1,0
332,-19.78325968,149.7727099,L_332,1_C_2,Crest,133952.542,FALSE,20.27777778,19188100104,19188100104_1_C_2,12,8,L_332_V1,0
333,-19.77841588,149.7685953,L_333,1_C_4,Crest,114000.0551,FALSE,16.69547325,19188100104,19188100104_1_C_4,13,9,L_333_V1,0
334,-19.78807061,149.7716126,L_334,1_C_5,Crest,76786.58005,FALSE,6.825876663,19188100104,19188100104_1_C_5,11,7,L_334_V1,0
335,-19.79146669,149.7566537,L_335,1_IF_2,Inner Flat,138282.1259,FALSE,22.99062291,19188100104,19188100104_1_IF_2,8,9,L_335_V1,0
336,-19.77408256,149.7592147,L_336,1_P_1,Patch,3987.979004,FALSE,4.651162791,19188100104,19188100104_1_P_1,12,12,L_336_V1,0
337,-19.79035999,149.7559624,L_337,1_SS_5,Sheltered Slope,63821.3968,FALSE,25.82966226,19188100104,19188100104_1_SS_5,8,10,L_337_V1,0
338,-19.77792655,149.7554509,L_338,1_S_2,Slope,68795.46471,FALSE,35.02038043,19188100104,19188100104_1_S_2,10,12,L_338_V1,0
339,-19.77548643,149.7649088,L_339,1_S_3,Slope,83086.04858,FALSE,31.200453,19188100104,19188100104_1_S_3,13,10,L_339_V1,0
340,-19.79301077,149.7545052,L_340,1_S_5,Slope,50194.47596,FALSE,18.55575868,19188100104,19188100104_1_S_5,7,10,L_340_V1,0
341,-19.79149992,149.7659924,L_341,1_S_6,Slope,25263.85825,FALSE,30,19188100104,19188100104_1_S_6,9,7,L_341_V1,0
342,-19.78330261,149.7555166,L_342,1_S_7,Slope,54508.6961,FALSE,34.7008547,19188100104,19188100104_1_S_7,9,11,L_342_V1,0
343,-19.79454237,149.760323,L_343,1_S_8,Slope,25596.886,FALSE,23.50909091,19188100104,19188100104_1_S_8,8,8,L_343_V1,0
344,-19.78242182,149.7732888,L_344,1_S_9,Slope,17948.80079,FALSE,21.0880829,19188100104,19188100104_1_S_9,13,8,L_344_V1,0
345,-19.81982338,149.778804,L_345,1_C_1,Crest,65514.98841,FALSE,15.34090909,19194100104,19194100104_1_C_1,6,1,L_345_V1,0
346,-19.82498762,149.7795169,L_346,1_C_2,Crest,130041.8745,FALSE,27.81791908,19194100104,19194100104_1_C_2,5,1,L_346_V1,0
347,-19.82842796,149.7758523,L_347,1_C_3,Crest,111088.3317,FALSE,46.80672269,19194100104,19194100104_1_C_3,3,1,L_347_V1,0
348,-19.82419162,149.7749942,L_348,1_IF_1,Inner Flat,34255.67712,FALSE,33.24324324,19194100104,19194100104_1_IF_1,4,1,L_348_V1,0
349,-19.65945148,149.7084199,L_349,1_C_1,Crest,71988.88355,FALSE,40.4915912,19252100104,19252100104_1_C_1,27,40,L_349_V1,0
350,-19.72230279,149.7640295,L_350,1_BR_1,Back Reef,15940.68399,FALSE,11.96531792,19257100104,19257100104_1_BR_1,23,19,L_350_V1,0
351,-19.73140617,149.7666671,L_351,1_BR_2,Back Reef,5314.28062,FALSE,11.27118644,19257100104,19257100104_1_BR_2,22,17,L_351_V1,0
352,-19.71999582,149.7623468,L_352,1_C_1,Crest,43503.14782,FALSE,6.400862069,19257100104,19257100104_1_C_1,24,20,L_352_V1,0
353,-19.71808389,149.7685538,L_353,1_P_1,Patch,3984.995351,FALSE,13.33333333,19257100104,19257100104_1_P_1,25,19,L_353_V1,0
354,-19.71979928,149.7672089,L_354,1_S_1,Slope,88335.78809,FALSE,15.78947368,19257100104,19257100104_1_S_1,24,19,L_354_V1,0
355,-19.51449199,149.5914385,NA,1_S_1,Slope,127412.3415,FALSE,21.52094048,19139100104,19139100104_1_S_1,37,86,NA_V1,0
356,-19.51724739,149.5846395,NA,1_S_2,Slope,202539.2102,FALSE,19.34923576,19139100104,19139100104_1_S_2,36,87,NA_V1,0
357,-19.5188728,149.589711,NA,1_S_3,Slope,141650.7547,FALSE,16.53386454,19139100104,19139100104_1_S_3,36,86,NA_V1,0
358,-19.57092792,149.5990587,NA,1_IF_10,Inner Flat,50013.20974,FALSE,56.63551402,19141100104,19141100104_1_IF_10,27,75,NA_V1,0
359,-19.56979893,149.5939244,NA,1_IF_4,Inner Flat,160633.1171,FALSE,37.50731422,19141100104,19141100104_1_IF_4,26,76,NA_V1,0
360,-19.56566785,149.6145658,NA,1_OF_1,Outer Flat,112278.8582,FALSE,37.40585774,19141100104,19141100104_1_OF_1,31,73,NA_V1,0
361,-19.56071601,149.59453,NA,1_OF_10,Outer Flat,38083.46921,FALSE,39.65517241,19141100104,19141100104_1_OF_10,28,78,NA_V1,0
362,-19.55664852,149.6085004,NA,1_OF_4,Outer Flat,188759.6147,FALSE,75.14940239,19141100104,19141100104_1_OF_4,32,76,NA_V1,0
363,-19.56155584,149.6120719,NA,1_OF_7,Outer Flat,117901.5416,FALSE,67.79794791,19141100104,19141100104_1_OF_7,31,74,NA_V1,0
364,-19.55103846,149.5877777,NA,1_P_1,Patch,1986.647213,FALSE,13.63636364,19141100104,19141100104_1_P_1,29,81,NA_V1,0
365,-19.55372668,149.6008376,NA,1_P_2,Patch,662.2700534,FALSE,35,19141100104,19141100104_1_P_2,31,78,NA_V1,0
366,-19.55357147,149.594496,NA,1_SS_1,Sheltered Slope,150331.7556,FALSE,34.78637771,19141100104,19141100104_1_SS_1,30,79,NA_V1,0
367,-19.55667575,149.6025022,NA,1_SS_2,Sheltered Slope,146699.7395,FALSE,35.69693095,19141100104,19141100104_1_SS_2,31,77,NA_V1,0
368,-19.5574367,149.5893497,NA,1_SS_3,Sheltered Slope,133449.2185,FALSE,33.63316936,19141100104,19141100104_1_SS_3,28,79,NA_V1,0
369,-19.56079122,149.5822786,NA,1_SS_4,Sheltered Slope,128816.273,FALSE,24.86632948,19141100104,19141100104_1_SS_4,26,80,NA_V1,0
370,-19.55243705,149.5857818,NA,1_SS_5,Sheltered Slope,89400.28418,FALSE,26.20671563,19141100104,19141100104_1_SS_5,29,81,NA_V1,0
371,-19.55828353,149.5958076,NA,1_SS_6,Sheltered Slope,216241.3926,FALSE,32.03679654,19141100104,19141100104_1_SS_6,29,78,NA_V1,0
372,-19.56196146,149.6080031,NA,1_SS_7,Sheltered Slope,18546.16201,FALSE,41.375,19141100104,19141100104_1_SS_7,30,75,NA_V1,0
373,-19.56758841,149.5825138,NA,1_SS_8,Sheltered Slope,4967.688172,FALSE,2.142857143,19141100104,19141100104_1_SS_8,25,79,NA_V1,0
374,-19.54453378,149.5903785,NA,1_SS_9,Sheltered Slope,662.1608295,FALSE,35,19141100104,19141100104_1_SS_9,31,81,NA_V1,0
375,-19.56957805,149.6109092,NA,1_S_1,Slope,57301.10126,FALSE,28.52090032,19141100104,19141100104_1_S_1,29,73,NA_V1,0
376,-19.57294303,149.600306,NA,1_S_10,Slope,28485.27291,FALSE,28.48184818,19141100104,19141100104_1_S_10,27,75,NA_V1,0
377,-19.5582984,149.6156442,NA,1_S_12,Slope,104319.4575,FALSE,13.59135914,19141100104,19141100104_1_S_12,32,74,NA_V1,0
378,-19.54284688,149.5914652,NA,1_S_13,Slope,47012.47105,FALSE,23.64185111,19141100104,19141100104_1_S_13,31,81,NA_V1,0
379,-19.5665646,149.5815818,NA,1_S_15,Slope,42390.19392,FALSE,22.92951542,19141100104,19141100104_1_S_15,25,79,NA_V1,0
380,-19.5720115,149.6055557,NA,1_S_2,Slope,36766.04378,FALSE,36.06410256,19141100104,19141100104_1_S_2,28,74,NA_V1,0
381,-19.54475158,149.6028685,NA,1_S_3,Slope,117538.8609,FALSE,19.27773344,19141100104,19141100104_1_S_3,33,79,NA_V1,0
382,-19.57246094,149.5942252,NA,1_S_4,Slope,43389.17259,FALSE,26.14224138,19141100104,19141100104_1_S_4,26,76,NA_V1,0
383,-19.55280464,149.5835932,NA,1_S_8,Slope,58275.61098,FALSE,21.78006329,19141100104,19141100104_1_S_8,28,81,NA_V1,0
384,-19.57968116,149.6696863,NA,1_C_4,Crest,107020.3823,FALSE,35.87051619,19142100104,19142100104_1_C_4,37,60,NA_V1,0
385,-19.56785292,149.6580708,NA,1_OF_1,Outer Flat,30476.33307,FALSE,33.33333333,19142100104,19142100104_1_OF_1,38,64,NA_V1,0
386,-19.57754467,149.6682116,NA,1_OF_2,Outer Flat,64607.56894,FALSE,50.21645022,19142100104,19142100104_1_OF_2,37,61,NA_V1,0
387,-19.57017372,149.654512,NA,1_P_1,Patch,1325.085614,FALSE,50,19142100104,19142100104_1_P_1,37,65,NA_V1,0
388,-19.57968845,149.6676143,NA,1_SS_1,Sheltered Slope,7289.264521,FALSE,32.46753247,19142100104,19142100104_1_SS_1,37,60,NA_V1,0
389,-19.57922086,149.670693,NA,1_S_5,Slope,125905.9373,FALSE,23.24888227,19142100104,19142100104_1_S_5,37,60,NA_V1,0
390,-19.57348408,149.6692383,NA,1_S_7,Slope,90114.43293,FALSE,13.33333333,19142100104,19142100104_1_S_7,38,61,NA_V1,0
391,-19.58604353,149.7088043,NA,1_S_1,Slope,60315.7057,FALSE,34.7265625,19143100104,19143100104_1_S_1,42,51,NA_V1,0
392,-19.58204936,149.5681529,NA,1_OF_1,Outer Flat,75851.78845,FALSE,25.6281407,19144100104,19144100104_1_OF_1,20,79,NA_V1,0
393,-19.59726931,149.6271222,NA,1_C_1,Crest,145470.2681,FALSE,18.62426995,19146100104,19146100104_1_C_1,26,66,NA_V1,0
394,-19.59850738,149.6239567,NA,1_IF_1,Inner Flat,23195.87221,FALSE,11.6,19146100104,19146100104_1_IF_1,26,66,NA_V1,0
395,-19.62584647,149.6364334,NA,1_IF_2,Inner Flat,107077.9514,FALSE,49.04513889,19146100104,19146100104_1_IF_2,22,59,NA_V1,0
396,-19.59791589,149.6301094,NA,1_OF_1,Outer Flat,76547.32045,FALSE,31.14355231,19146100104,19146100104_1_OF_1,27,65,NA_V1,0
397,-19.59735319,149.6265355,NA,1_OF_2,Outer Flat,95433.72243,FALSE,35.38611926,19146100104,19146100104_1_OF_2,26,66,NA_V1,0
398,-19.62691647,149.6371706,NA,1_OF_3,Outer Flat,84868.21813,FALSE,42.73224044,19146100104,19146100104_1_OF_3,22,59,NA_V1,0
399,-19.62692504,149.6385406,NA,1_SS_4,Sheltered Slope,71939.41365,FALSE,28.99868248,19146100104,19146100104_1_SS_4,22,59,NA_V1,0
400,-19.62669572,149.6340629,NA,1_S_10,Slope,36134.80865,FALSE,24.22193878,19146100104,19146100104_1_S_10,22,60,NA_V1,0
401,-19.60583386,149.6466679,NA,1_S_2,Slope,60982.91789,FALSE,34.94648318,19146100104,19146100104_1_S_2,28,60,NA_V1,0
402,-19.59839446,149.6205205,NA,1_S_4,Slope,141161.5988,FALSE,20.48666667,19146100104,19146100104_1_S_4,25,67,NA_V1,0
403,-19.59726198,149.6290995,NA,1_S_5,Slope,113991.1126,FALSE,16.58279221,19146100104,19146100104_1_S_5,27,65,NA_V1,0
404,-19.62252426,149.6316026,NA,1_S_6,Slope,78563.10058,FALSE,23.75595238,19146100104,19146100104_1_S_6,22,61,NA_V1,0
405,-19.64867436,149.6808918,NA,1_C_4,Crest,70313.15595,FALSE,27.00534759,19147100104,19147100104_1_C_4,25,47,NA_V1,0
406,-19.60832458,149.6533812,NA,1_C_5,Crest,112692.2913,FALSE,22.75,19147100104,19147100104_1_C_5,28,59,NA_V1,0
407,-19.64704227,149.682336,NA,1_IF_4,Inner Flat,64673.66771,FALSE,23.74100719,19147100104,19147100104_1_IF_4,25,47,NA_V1,0
408,-19.61079618,149.6536795,NA,1_OF_10,Outer Flat,109381.7173,FALSE,57.02054795,19147100104,19147100104_1_OF_10,28,58,NA_V1,0
409,-19.647895,149.6799169,NA,1_OF_11,Outer Flat,14593.09013,FALSE,38.06451613,19147100104,19147100104_1_OF_11,25,47,NA_V1,0
410,-19.61461459,149.6603843,NA,1_OF_3,Outer Flat,136571.7864,FALSE,37.43131868,19147100104,19147100104_1_OF_3,28,56,NA_V1,0
411,-19.62684407,149.6560726,NA,1_OF_5,Outer Flat,161458.5436,FALSE,31.30081301,19147100104,19147100104_1_OF_5,25,55,NA_V1,0
412,-19.62748504,149.6883852,NA,1_OF_6,Outer Flat,235087.0826,FALSE,40.07984032,19147100104,19147100104_1_OF_6,30,49,NA_V1,0
413,-19.63619444,149.6555425,NA,1_P_1,Patch,4973.698995,FALSE,46.15384615,19147100104,19147100104_1_P_1,23,54,NA_V1,0
414,-19.62570059,149.6638725,NA,1_SS_12,Sheltered Slope,34480.19508,FALSE,24.48648649,19147100104,19147100104_1_SS_12,27,54,NA_V1,0
415,-19.64437697,149.684078,NA,1_SS_5,Sheltered Slope,93856.77037,FALSE,24.8839556,19147100104,19147100104_1_SS_5,26,47,NA_V1,0
416,-19.60923162,149.6495645,NA,1_SS_6,Sheltered Slope,30493.20884,FALSE,32.23076923,19147100104,19147100104_1_SS_6,28,59,NA_V1,0
417,-19.62581352,149.6847294,NA,1_SS_7,Sheltered Slope,69296.83295,FALSE,26.67574932,19147100104,19147100104_1_SS_7,30,50,NA_V1,0
418,-19.63530975,149.6538618,NA,1_SS_8,Sheltered Slope,35809.98863,FALSE,39.14728682,19147100104,19147100104_1_SS_8,23,54,NA_V1,0
419,-19.62809179,149.6532871,NA,1_SS_9,Sheltered Slope,50394.04599,FALSE,41.91509434,19147100104,19147100104_1_SS_9,24,56,NA_V1,0
420,-19.64791484,149.6873439,NA,1_S_11,Slope,54393.77842,FALSE,23.94017094,19147100104,19147100104_1_S_11,26,46,NA_V1,0
421,-19.6122062,149.6615655,NA,1_S_12,Slope,28506.85119,FALSE,36.14006515,19147100104,19147100104_1_S_12,29,57,NA_V1,0
422,-19.62717471,149.6931829,NA,1_S_14,Slope,59352.71071,FALSE,24.91352201,19147100104,19147100104_1_S_14,31,48,NA_V1,0
423,-19.63474697,149.6853206,NA,1_S_15,Slope,91191.6438,FALSE,19.34224049,19147100104,19147100104_1_S_15,28,48,NA_V1,0
424,-19.60663058,149.6498449,NA,1_S_16,Slope,120311.3126,FALSE,26.87890625,19147100104,19147100104_1_S_16,28,60,NA_V1,0
425,-19.63574784,149.690763,NA,1_S_17,Slope,72292.41796,FALSE,19.72762646,19147100104,19147100104_1_S_17,29,47,NA_V1,0
426,-19.62819056,149.6589682,NA,1_S_18,Slope,48405.79004,FALSE,25.73613767,19147100104,19147100104_1_S_18,25,55,NA_V1,0
427,-19.62079405,149.6699505,NA,1_S_20,Slope,55696.06713,FALSE,20.73355818,19147100104,19147100104_1_S_20,29,54,NA_V1,0
428,-19.617365,149.6550348,NA,1_S_21,Slope,994.4753919,FALSE,35,19147100104,19147100104_1_S_21,27,57,NA_V1,0
429,-19.6384482,149.6561136,NA,1_S_6,Slope,213876.2204,FALSE,17.6892779,19147100104,19147100104_1_S_6,23,54,NA_V1,0
430,-19.61086432,149.7195686,NA,1_OF_1,Outer Flat,271193.4324,FALSE,58.73015873,19149100104,19149100104_1_OF_1,39,45,NA_V1,0
431,-19.60623243,149.7233314,NA,1_OF_4,Outer Flat,74922.35548,FALSE,49.3133583,19149100104,19149100104_1_OF_4,40,45,NA_V1,0
432,-19.60544848,149.7185496,NA,1_S_1,Slope,144205.1067,FALSE,20.99478147,19149100104,19149100104_1_S_1,40,46,NA_V1,0
433,-19.60842851,149.731226,NA,1_S_3,Slope,105096.1668,FALSE,19.12366548,19149100104,19149100104_1_S_3,41,43,NA_V1,0
434,-19.60426005,149.7257405,NA,1_S_4,Slope,117022.4236,FALSE,26.26501201,19149100104,19149100104_1_S_4,41,45,NA_V1,0
435,-19.61602248,149.7261341,NA,1_S_6,Slope,57028.91529,FALSE,26.54859967,19149100104,19149100104_1_S_6,39,43,NA_V1,0
436,-19.65480412,149.7195139,NA,1_C_1,Crest,77294.6104,FALSE,22.2705314,19155100104,19155100104_1_C_1,30,39,NA_V1,0
437,-19.654762,149.7181498,NA,1_SS_1,Sheltered Slope,2985.613628,FALSE,5.151515152,19155100104,19155100104_1_SS_1,30,39,NA_V1,0
438,-19.65484798,149.7191313,NA,1_S_1,Slope,212642.9751,FALSE,19.14456233,19155100104,19155100104_1_S_1,30,39,NA_V1,0
439,-19.65382537,149.7540763,NA,1_C_2,Crest,47111.26398,FALSE,33.46456693,19156100104,19156100104_1_C_2,36,32,NA_V1,0
440,-19.64721716,149.7564334,NA,1_OF_1,Outer Flat,165207.1767,FALSE,43.35031126,19156100104,19156100104_1_OF_1,37,33,NA_V1,0
441,-19.66466349,149.7499327,NA,1_OF_6,Outer Flat,54417.70901,FALSE,44.32989691,19156100104,19156100104_1_OF_6,33,31,NA_V1,0
442,-19.67653688,149.7478759,NA,1_OF_7,Outer Flat,26881.32061,FALSE,28.27586207,19156100104,19156100104_1_OF_7,30,30,NA_V1,0
443,-19.65886238,149.7439836,NA,1_P_1,Patch,3649.60127,FALSE,5,19156100104,19156100104_1_P_1,33,33,NA_V1,0
444,-19.65855202,149.7446393,NA,1_SS_1,Sheltered Slope,159586.7587,FALSE,32.76339023,19156100104,19156100104_1_SS_1,33,33,NA_V1,0
445,-19.65364986,149.7495767,NA,1_SS_2,Sheltered Slope,165881.8923,FALSE,36.11708145,19156100104,19156100104_1_SS_2,35,33,NA_V1,0
446,-19.66401039,149.749157,NA,1_SS_3,Sheltered Slope,45789.97704,FALSE,38.06352459,19156100104,19156100104_1_SS_3,33,31,NA_V1,0
447,-19.66894519,149.7454681,NA,1_SS_5,Sheltered Slope,97889.94905,FALSE,34.01728844,19156100104,19156100104_1_SS_5,31,31,NA_V1,0
448,-19.67465928,149.7478137,NA,1_SS_6,Sheltered Slope,49115.18842,FALSE,29.81695568,19156100104,19156100104_1_SS_6,30,30,NA_V1,0
449,-19.6492384,149.7522636,NA,1_SS_7,Sheltered Slope,61373.04751,FALSE,35.41856925,19156100104,19156100104_1_SS_7,36,33,NA_V1,0
450,-19.65556858,149.7533778,NA,1_S_3,Slope,25546.81392,FALSE,36.38888889,19156100104,19156100104_1_S_3,35,32,NA_V1,0
451,-19.6466863,149.7603651,NA,1_S_4,Slope,161558.8881,FALSE,26.66666667,19156100104,19156100104_1_S_4,38,32,NA_V1,0
452,-19.65997637,149.7626331,NA,1_S_5,Slope,63043.37928,FALSE,19.77037037,19156100104,19156100104_1_S_5,36,29,NA_V1,0
453,-19.67287688,149.7504758,NA,1_S_9,Slope,24889.0495,FALSE,26.7032967,19156100104,19156100104_1_S_9,31,30,NA_V1,0
454,-19.66391395,149.5741043,NA,1_IF_1,Inner Flat,53058.87184,FALSE,7.985865724,19157100104,19157100104_1_IF_1,4,66,NA_V1,0
455,-19.66567163,149.5758563,NA,1_OF_1,Outer Flat,239435.469,FALSE,19.22927209,19157100104,19157100104_1_OF_1,4,65,NA_V1,0
456,-19.66727178,149.5812928,NA,1_OF_2,Outer Flat,211255.6997,FALSE,42.84444444,19157100104,19157100104_1_OF_2,5,64,NA_V1,0
457,-19.66179561,149.5773199,NA,1_SS_1,Sheltered Slope,18901.86892,FALSE,18.1773399,19157100104,19157100104_1_SS_1,5,65,NA_V1,0
458,-19.661676,149.579348,NA,1_S_1,Slope,27855.52985,FALSE,24.76027397,19157100104,19157100104_1_S_1,5,65,NA_V1,0
459,-19.66982273,149.5848607,NA,1_S_3,Slope,77607.8404,FALSE,26.24849216,19157100104,19157100104_1_S_3,5,63,NA_V1,0
460,-19.67416774,149.7045083,NA,1_S_2,Slope,91247.75567,FALSE,13.02265705,19158100104,19158100104_1_S_2,23,38,NA_V1,0
461,-19.69026243,149.666155,NA,1_IF_1,Inner Flat,232289.7922,FALSE,25.32258065,19161100104,19161100104_1_IF_1,14,43,NA_V1,0
462,-19.6874584,149.6455811,NA,1_S_2,Slope,28535.38895,FALSE,35,19161100104,19161100104_1_S_2,11,48,NA_V1,0
463,-19.68255577,149.6580792,NA,1_S_3,Slope,96221.40134,FALSE,35,19161100104,19161100104_1_S_3,14,46,NA_V1,0
464,-19.6886271,149.6594152,NA,1_S_5,Slope,160604.5347,FALSE,35,19161100104,19161100104_1_S_5,13,45,NA_V1,0
465,-19.69181309,149.6691282,NA,1_S_9,Slope,52432.77712,FALSE,22.7570922,19161100104,19161100104_1_S_9,14,43,NA_V1,0
466,-19.6822564,149.7108744,NA,1_SS_1,Sheltered Slope,16924.57851,FALSE,17.85310734,19164100104,19164100104_1_SS_1,23,36,NA_V1,0
467,-19.69092706,149.7465266,NA,1_SS_2,Sheltered Slope,18588.27085,FALSE,16.53061224,19164100104,19164100104_1_SS_2,27,28,NA_V1,0
468,-19.66506425,149.7270459,NA,1_S_1,Slope,32515.64975,FALSE,17.9512894,19164100104,19164100104_1_S_1,29,35,NA_V1,0
469,-19.67919505,149.714995,NA,1_S_3,Slope,78315.36741,FALSE,16.91627358,19164100104,19164100104_1_S_3,24,36,NA_V1,0
470,-19.68289734,149.7348963,NA,1_S_4,Slope,663.7671949,FALSE,35,19164100104,19164100104_1_S_4,27,31,NA_V1,0
471,-19.69116491,149.7457146,NA,1_S_6,Slope,89622.08046,FALSE,22.89555326,19164100104,19164100104_1_S_6,27,28,NA_V1,0
472,-19.69113774,149.77867,NA,1_SS_1,Sheltered Slope,3651.659545,FALSE,25,19165100103,19165100103_1_SS_1,32,21,NA_V1,0
473,-19.69715547,149.7838853,NA,1_SS_3,Sheltered Slope,134461.0255,FALSE,34.98606272,19165100104,19165100104_1_SS_3,32,19,NA_V1,0
474,-19.69689816,149.7779708,NA,1_SS_4,Sheltered Slope,70382.93709,FALSE,33.96941489,19165100104,19165100104_1_SS_4,31,21,NA_V1,0
475,-19.68940805,149.7888875,NA,1_S_10,Slope,82661.02811,FALSE,34.80292793,19165100104,19165100104_1_S_10,34,20,NA_V1,0
476,-19.69588193,149.788304,NA,1_S_11,Slope,92960.38447,FALSE,27.77108434,19165100104,19165100104_1_S_11,33,19,NA_V1,0
477,-19.70643865,149.8331784,NA,1_S_12,Slope,56124.5861,FALSE,19.22948074,19165100104,19165100104_1_S_12,38,9,NA_V1,0
478,-19.68039805,149.7878366,NA,1_S_3,Slope,137086.7208,FALSE,20.96994536,19165100104,19165100104_1_S_3,36,21,NA_V1,0
479,-19.68382092,149.7981987,NA,1_S_5,Slope,60747.96176,FALSE,34.45820433,19165100104,19165100104_1_S_5,37,19,NA_V1,0
480,-19.71698562,149.8352553,NA,1_S_6,Slope,27900.53017,FALSE,35,19165100104,19165100104_1_S_6,36,7,NA_V1,0
481,-19.69000951,149.7770895,NA,1_S_8,Slope,17262.03046,FALSE,33.66492147,19165100104,19165100104_1_S_8,32,22,NA_V1,0
482,-19.71163785,149.6088784,NA,1_OF_1,Outer Flat,79982.61022,FALSE,33.95348837,19168100104,19168100104_1_OF_1,1,51,NA_V1,0
483,-19.71223074,149.6085941,NA,1_SS_1,Sheltered Slope,89939.60968,FALSE,20.21398747,19168100104,19168100104_1_SS_1,1,51,NA_V1,0
484,-19.71015341,149.6078587,NA,1_S_1,Slope,64714.65845,FALSE,19.68795356,19168100104,19168100104_1_S_1,1,52,NA_V1,0
485,-19.71248368,149.6129563,NA,1_S_2,Slope,70028.05443,FALSE,19.92647059,19168100104,19168100104_1_S_2,1,50,NA_V1,0
486,-19.71661469,149.6114588,NA,1_BR_1,Back Reef,1659.519776,FALSE,6.176470588,19169100104,19169100104_1_BR_1,1,50,NA_V1,0
487,-19.72329709,149.6136744,NA,1_C_2,Crest,171943.5436,FALSE,22.11275315,19169100104,19169100104_1_C_2,1,49,NA_V1,0
488,-19.71781559,149.6107409,NA,1_IF_1,Inner Flat,62730.74719,FALSE,15.09715994,19169100104,19169100104_1_IF_1,1,50,NA_V1,0
489,-19.71775242,149.6094928,NA,1_SS_1,Sheltered Slope,99240.2022,FALSE,35.625,19169100104,19169100104_1_SS_1,1,50,NA_V1,0
490,-19.72294194,149.6103109,NA,1_SS_2,Sheltered Slope,55432.63558,FALSE,39.58402662,19169100104,19169100104_1_SS_2,1,49,NA_V1,0
491,-19.71735547,149.6150901,NA,1_S_1,Slope,45471.86648,FALSE,26.97916667,19169100104,19169100104_1_S_1,1,49,NA_V1,0
492,-19.69872846,149.6768291,NA,1_S_1,Slope,26551.48235,FALSE,35,19170100104,19170100104_1_S_1,14,40,NA_V1,0
493,-19.70357953,149.6843013,NA,1_S_2,Slope,54767.49304,FALSE,35,19170100104,19170100104_1_S_2,14,38,NA_V1,0
494,-19.70856388,149.7427601,NA,1_S_1,Slope,39177.30038,FALSE,15.85918854,19171100104,19171100104_1_S_1,23,26,NA_V1,0
495,-19.71077057,149.7571448,NA,1_SS_1,Sheltered Slope,21250.35478,FALSE,16.97826087,19172100104,19172100104_1_SS_1,25,22,NA_V1,0
496,-19.71132544,149.7587827,NA,1_S_1,Slope,90979.26931,FALSE,22.89473684,19172100104,19172100104_1_S_1,25,22,NA_V1,0
497,-19.71145869,149.8053096,NA,1_S_1,Slope,8966.476027,FALSE,15,19174100104,19174100104_1_S_1,32,13,NA_V1,0
498,-19.7240808,149.707564,NA,1_SS_2,Sheltered Slope,25899.47436,FALSE,66.51459854,19177100104,19177100104_1_SS_2,14,30,NA_V1,0
499,-19.72601117,149.7004467,NA,1_SS_3,Sheltered Slope,121528.7235,FALSE,38.42709984,19177100104,19177100104_1_SS_3,12,31,NA_V1,0
500,-19.71781952,149.7143275,NA,1_S_1,Slope,79021.46336,FALSE,23.1547619,19177100104,19177100104_1_S_1,16,30,NA_V1,0
501,-19.72256748,149.7153305,NA,1_S_2,Slope,25899.58917,FALSE,18.21818182,19177100104,19177100104_1_S_2,15,29,NA_V1,0
502,-19.73158167,149.7031247,NA,1_S_4,Slope,35531.95839,FALSE,24.88341969,19177100104,19177100104_1_S_4,11,30,NA_V1,0
503,-19.73741496,149.7847378,NA,1_C_2,Crest,78396.77882,FALSE,10.50119332,19179100104,19179100104_1_C_2,24,13,NA_V1,0
504,-19.73456693,149.7806327,NA,1_SS_1,Sheltered Slope,20926.84659,FALSE,34.31506849,19179100104,19179100104_1_SS_1,24,14,NA_V1,0
505,-19.7408972,149.7795456,NA,1_SS_2,Sheltered Slope,41857.23278,FALSE,30.22988506,19179100104,19179100104_1_SS_2,22,13,NA_V1,0
506,-19.74493004,149.7816745,NA,1_SS_3,Sheltered Slope,61460.91849,FALSE,29.83606557,19179100104,19179100104_1_SS_3,22,12,NA_V1,0
507,-19.74560743,149.7827069,NA,1_S_2,Slope,48172.68575,FALSE,34.40545809,19179100104,19179100104_1_S_2,22,12,NA_V1,0
508,-19.73823229,149.7759275,NA,1_S_3,Slope,22588.51559,FALSE,24.05063291,19179100104,19179100104_1_S_3,22,14,NA_V1,0
509,-19.74835183,149.7967177,NA,1_S_4,Slope,64457.10505,FALSE,18.2630814,19179100104,19179100104_1_S_4,24,9,NA_V1,0
510,-19.73556127,149.7828628,NA,1_S_5,Slope,57799.17373,FALSE,36.80650685,19179100104,19179100104_1_S_5,24,13,NA_V1,0
511,-19.72215933,149.7750789,NA,1_S_6,Slope,21254.9645,FALSE,7.061403509,19179100104,19179100104_1_S_6,25,17,NA_V1,0
512,-19.753315,149.796031,NA,1_S_7,Slope,94698.46224,FALSE,35.02964427,19179100104,19179100104_1_S_7,23,8,NA_V1,0
513,-19.73100176,149.779707,NA,1_S_9,Slope,66430.93819,FALSE,19.49438202,19179100104,19179100104_1_S_9,24,15,NA_V1,0
514,-19.74958983,149.6876378,NA,1_IF_6,Inner Flat,26903.39186,FALSE,54.91525424,19180100104,19180100104_1_IF_6,5,30,NA_V1,0
515,-19.7461562,149.6759665,NA,1_OF_1,Outer Flat,38524.9879,FALSE,68.48635236,19180100104,19180100104_1_OF_1,4,33,NA_V1,0
516,-19.73449494,149.6922304,NA,1_OF_2,Outer Flat,124196.3962,FALSE,44.7467876,19180100104,19180100104_1_OF_2,9,31,NA_V1,0
517,-19.74863242,149.6869586,NA,1_OF_3,Outer Flat,103958.4032,FALSE,66.48599819,19180100104,19180100104_1_OF_3,5,30,NA_V1,0
518,-19.73360898,149.6796721,NA,1_OF_5,Outer Flat,116884.435,FALSE,26.98795181,19180100104,19180100104_1_OF_5,7,34,NA_V1,0
519,-19.73917806,149.6698294,NA,1_SS_1,Sheltered Slope,245069.8505,FALSE,21.68513565,19180100104,19180100104_1_SS_1,4,35,NA_V1,0
520,-19.73372538,149.6797068,NA,1_SS_2,Sheltered Slope,250704.265,FALSE,25.32282004,19180100104,19180100104_1_SS_2,7,34,NA_V1,0
521,-19.74437746,149.6856509,NA,1_SS_3,Sheltered Slope,306209.4604,FALSE,33.84533252,19180100104,19180100104_1_SS_3,6,31,NA_V1,0
522,-19.74314175,149.6777457,NA,1_SS_4,Sheltered Slope,194610.5955,FALSE,31.36189564,19180100104,19180100104_1_SS_4,5,33,NA_V1,0
523,-19.73767588,149.6777083,NA,1_SS_5,Sheltered Slope,151093.9853,FALSE,31.68831169,19180100104,19180100104_1_SS_5,6,34,NA_V1,0
524,-19.7475645,149.6811748,NA,1_SS_7,Sheltered Slope,115247.0947,FALSE,29.01385493,19180100104,19180100104_1_SS_7,4,32,NA_V1,0
525,-19.73932481,149.6924376,NA,1_SS_8,Sheltered Slope,207561.5476,FALSE,32.67825312,19180100104,19180100104_1_SS_8,8,31,NA_V1,0
526,-19.73532578,149.6968621,NA,1_S_1,Slope,44499.36841,FALSE,22.11864407,19180100104,19180100104_1_S_1,9,30,NA_V1,0
527,-19.73672564,149.6860303,NA,1_S_2,Slope,1660.39715,FALSE,35,19180100104,19180100104_1_S_2,7,32,NA_V1,0
528,-19.73648818,149.675389,NA,1_S_3,Slope,332.0666727,FALSE,35,19180100104,19180100104_1_S_3,6,34,NA_V1,0
529,-19.74736832,149.6814202,NA,1_S_5,Slope,35537.22041,FALSE,28.30708661,19180100104,19180100104_1_S_5,4,32,NA_V1,0
530,-19.74538235,149.6710821,NA,1_S_6,Slope,16273.04771,FALSE,34.30555556,19180100104,19180100104_1_S_6,3,34,NA_V1,0
531,-19.74785733,149.6944494,NA,1_S_7,Slope,68420.86088,FALSE,29.46896552,19180100104,19180100104_1_S_7,6,29,NA_V1,0
532,-19.75110978,149.6873039,NA,1_S_9,Slope,43511.29551,FALSE,35.91397849,19180100104,19180100104_1_S_9,5,30,NA_V1,0
533,-19.75641896,149.7361153,NA,1_SS_1,Sheltered Slope,15946.80296,FALSE,10.79545455,19182100104,19182100104_1_SS_1,12,19,NA_V1,0
534,-19.76073039,149.7328806,NA,1_SS_2,Sheltered Slope,150505.3778,FALSE,23.66810878,19182100104,19182100104_1_SS_2,10,19,NA_V1,0
535,-19.76079899,149.7301217,NA,1_S_1,Slope,56812.82998,FALSE,34.08094435,19182100104,19182100104_1_S_1,10,20,NA_V1,0
536,-19.7562495,149.7373383,NA,1_S_2,Slope,149169.2963,FALSE,27.90371725,19182100104,19182100104_1_S_2,12,19,NA_V1,0
537,-19.76434977,149.7350931,NA,1_S_4,Slope,93697.47792,FALSE,20.86241276,19182100104,19182100104_1_S_4,10,18,NA_V1,0
538,-19.74598616,149.7242608,NA,1_S_5,Slope,12622.23175,FALSE,35,19182100104,19182100104_1_S_5,12,23,NA_V1,0
539,-19.75089066,149.7315878,NA,1_S_6,Slope,46507.24642,FALSE,34.72,19182100104,19182100104_1_S_6,12,21,NA_V1,0
540,-19.76828221,149.7248814,NA,1_S_1,Slope,66121.25447,FALSE,22.01908957,19186100104,19186100104_1_S_1,7,20,NA_V1,0
541,-19.79403766,149.7580656,NA,1_C_3,Crest,129977.1299,FALSE,16.30986938,19188100104,19188100104_1_C_3,7,9,NA_V1,0
542,-19.78732843,149.7583681,NA,1_IF_1,Inner Flat,152235.4153,FALSE,42.01667696,19188100104,19188100104_1_IF_1,9,10,NA_V1,0
543,-19.78477806,149.7710059,NA,1_OF_1,Outer Flat,89746.27398,FALSE,63.00940439,19188100104,19188100104_1_OF_1,12,8,NA_V1,0
544,-19.78874781,149.7687497,NA,1_OF_2,Outer Flat,86426.46364,FALSE,54.98917749,19188100104,19188100104_1_OF_2,10,7,NA_V1,0
545,-19.78963494,149.7578362,NA,1_OF_3,Outer Flat,109027.7877,FALSE,41.16148532,19188100104,19188100104_1_OF_3,8,9,NA_V1,0
546,-19.77585169,149.7611282,NA,1_SS_1,Sheltered Slope,27584.36926,FALSE,19.13043478,19188100104,19188100104_1_SS_1,12,11,NA_V1,0
547,-19.78175028,149.7701439,NA,1_SS_2,Sheltered Slope,28584.56992,FALSE,5.144230769,19188100104,19188100104_1_SS_2,12,8,NA_V1,0
548,-19.78544357,149.759123,NA,1_SS_3,Sheltered Slope,178490.134,FALSE,21.8503937,19188100104,19188100104_1_SS_3,9,10,NA_V1,0
549,-19.78780662,149.7651373,NA,1_SS_4,Sheltered Slope,112351.6203,FALSE,23.82426778,19188100104,19188100104_1_SS_4,10,8,NA_V1,0
550,-19.77430194,149.7586518,NA,1_S_1,Slope,292784.4736,FALSE,26.35816165,19188100104,19188100104_1_S_1,12,12,NA_V1,0
551,-19.77829784,149.7690811,NA,1_S_4,Slope,64145.79972,FALSE,14.06841339,19188100104,19188100104_1_S_4,13,9,NA_V1,0
552,-19.83422439,149.7747497,NA,1_BR_1,Back Reef,16298.6378,FALSE,19.76047904,19194100104,19194100104_1_BR_1,2,1,NA_V1,0
553,-19.83198512,149.7734709,NA,1_C_4,Crest,106103.7355,FALSE,48.02110818,19194100104,19194100104_1_C_4,2,1,NA_V1,0
554,-19.82485211,149.776848,NA,1_OF_1,Outer Flat,284359.6806,FALSE,55.05100362,19194100104,19194100104_1_OF_1,4,1,NA_V1,0
555,-19.82953813,149.7742338,NA,1_OF_2,Outer Flat,143684.5654,FALSE,37.68680962,19194100104,19194100104_1_OF_2,3,1,NA_V1,0
556,-19.82027902,149.7772454,NA,1_OF_3,Outer Flat,70170.96479,FALSE,37.46666667,19194100104,19194100104_1_OF_3,5,1,NA_V1,0
557,-19.82017362,149.7754679,NA,1_SS_1,Sheltered Slope,32591.01879,FALSE,35.43785311,19194100104,19194100104_1_SS_1,5,1,NA_V1,0
558,-19.82495187,149.7734833,NA,1_SS_2,Sheltered Slope,55541.07061,FALSE,50.83191851,19194100104,19194100104_1_SS_2,4,1,NA_V1,0
559,-19.83036849,149.7715804,NA,1_SS_3,Sheltered Slope,37584.26573,FALSE,40.63938619,19194100104,19194100104_1_SS_3,2,1,NA_V1,0
560,-19.81749416,149.7777162,NA,1_S_1,Slope,85133.18559,FALSE,20.07760532,19194100104,19194100104_1_S_1,6,1,NA_V1,0
561,-19.82180971,149.7804949,NA,1_S_2,Slope,28268.81948,FALSE,33.08724832,19194100104,19194100104_1_S_2,6,1,NA_V1,0
562,-19.82616181,149.7805438,NA,1_S_3,Slope,30931.28101,FALSE,44.16666667,19194100104,19194100104_1_S_3,5,1,NA_V1,0
563,-19.83280679,149.7753781,NA,1_S_4,Slope,144689.4477,FALSE,32.27684347,19194100104,19194100104_1_S_4,2,1,NA_V1,0
564,-19.65940276,149.7075608,NA,1_SS_1,Sheltered Slope,16255.49741,FALSE,18.95705521,19252100104,19252100104_1_SS_1,27,40,NA_V1,0
565,-19.6591825,149.7089138,NA,1_S_1,Slope,57391.93643,FALSE,28.82799325,19252100104,19252100104_1_S_1,27,40,NA_V1,0
566,-19.71887645,149.7618616,NA,1_SS_1,Sheltered Slope,2656.635231,FALSE,30.2,19257100104,19257100104_1_SS_1,24,20,NA_V1,0
567,-19.73207409,149.7664611,NA,1_S_2,Slope,26571.63144,FALSE,6.146953405,19257100104,19257100104_1_S_2,22,17,NA_V1,0
