site_id,habitat,area,benthic,rubble,k,Reef,reef_siteid,sitedepth,lat,long
1_BR_1,Back Reef,4964.37915948499,Rock,False,3.9215686274509802,19139100104,19139100104_1_BR_1,-4.801941189111448,149.58579520360314,-19.519576139127544
1_C_1,Crest,166465.7813459467,Rock,False,38.20224719101124,19139100104,19139100104_1_C_1,-1.503680265872294,149.58958732735994,-19.515948139937052
1_C_2,Crest,76781.48637351347,Hard Substrate,False,58.232445520581116,19139100104,19139100104_1_C_2,-1.8150168841535395,149.58650043951104,-19.518567343521614
1_OF_1,Outer Flat,74463.47207235871,Rock,False,31.25,19139100104,19139100104_1_OF_1,-2.0122785986994027,149.5855922883714,-19.517519621232417
1_S_1,Slope,127412.34151084023,Rock,False,21.520940484937544,19139100104,19139100104_1_S_1,-9.006285256968859,149.59143853961052,-19.51449199185526
1_S_2,Slope,202539.2101837336,Rock,False,19.349235757295045,19139100104,19139100104_1_S_2,-9.5118529662745,149.58463949154805,-19.517247385972393
1_S_3,Slope,141650.75466432516,Rock,False,16.53386454183267,19139100104,19139100104_1_S_3,-7.577873651791372,149.589710997238,-19.51887280467926
1_BR_1,Back Reef,19533.92846749723,Rock,False,28.952380952380953,19141100104,19141100104_1_BR_1,-5.265906263142824,149.59395596744903,-19.54434689748005
1_BR_10,Back Reef,48021.78213297902,Hard Substrate,False,41.42574257425743,19141100104,19141100104_1_BR_10,-4.760350736795238,149.61167213598142,-19.561779872653997
1_BR_11,Back Reef,22186.649676448666,Rock,False,18.776824034334766,19141100104,19141100104_1_BR_11,-6.8567389265625875,149.58335716338132,-19.55984478694092
1_BR_12,Back Reef,18545.2782238652,Rock,False,6.532663316582915,19141100104,19141100104_1_BR_12,-5.118874334898151,149.58193373504452,-19.56482732453967
1_BR_13,Back Reef,8280.057502206415,Sand,False,7.954545454545454,19141100104,19141100104_1_BR_13,-3.242698795824166,149.60625805408623,-19.566843425296863
1_BR_2,Back Reef,24170.513236092404,Rock,False,16.249999999999996,19141100104,19141100104_1_BR_2,-7.591914980035079,149.58743455768476,-19.55006152691575
1_BR_3,Back Reef,10264.588628241327,Sand,False,39.729729729729726,19141100104,19141100104_1_BR_3,-6.282316838160599,149.599060798717,-19.550026944226136
1_BR_4,Back Reef,46027.22406921908,Rock,False,27.921810699588473,19141100104,19141100104_1_BR_4,-10.000896488517391,149.59557203600127,-19.554147659676833
1_BR_5,Back Reef,10264.683333400637,Rock,False,21.44859813084112,19141100104,19141100104_1_BR_5,-7.349990090521255,149.58374430953006,-19.554352673817267
1_BR_6,Back Reef,14570.761443458032,Hard Substrate,False,45.22292993630573,19141100104,19141100104_1_BR_6,-3.1511632463559,149.6085807545695,-19.555867554754126
1_BR_7,Back Reef,44043.31151113892,Sand,False,29.42184154175589,19141100104,19141100104_1_BR_7,-9.547975226028546,149.60063347364922,-19.55756493443592
1_BR_8,Back Reef,24504.810252967756,Sand,False,29.769230769230766,19141100104,19141100104_1_BR_8,-8.079512001037598,149.58945540121044,-19.558823115790116
1_BR_9,Back Reef,14239.800329798833,Hard Substrate,False,38.01948051948052,19141100104,19141100104_1_BR_9,-10.281197264080955,149.5967943835619,-19.55964781967869
1_C_1,Crest,94728.28909604345,Rock,False,31.651829871414442,19141100104,19141100104_1_C_1,-1.5403793852590222,149.5985036443436,-19.572022001040487
1_C_10,Crest,47692.40658239974,Hard Substrate,False,52.2,19141100104,19141100104_1_C_10,-1.5567031564210592,149.5882954967355,-19.570070141986886
1_C_11,Crest,44051.893655490596,Rock,False,31.556503198294244,19141100104,19141100104_1_C_11,-1.5768249972300097,149.61014058606517,-19.56911972722143
1_C_12,Crest,64916.855551642366,Rock,False,32.65895953757225,19141100104,19141100104_1_C_12,-1.5027788009511711,149.59306812947517,-19.57132130570383
1_C_2,Crest,106943.02320793224,Hard Substrate,False,55.28384279475983,19141100104,19141100104_1_C_2,-1.5639119566978406,149.60003499112037,-19.544908473903533
1_C_3,Crest,57963.96626215009,Rock,False,31.07890499194847,19141100104,19141100104_1_C_3,-1.5634758597817915,149.60399256984434,-19.57175185033399
1_C_4,Crest,138414.28649126133,Rock,False,25.407608695652176,19141100104,19141100104_1_C_4,-1.5042031702802916,149.60793852254898,-19.55194980778427
1_C_5,Crest,103627.56297426391,Rock,False,33.96739130434783,19141100104,19141100104_1_C_5,-1.873774664083809,149.5958101139181,-19.54282041480142
1_C_6,Crest,117875.02696551429,Rock,False,15.14670896114195,19141100104,19141100104_1_C_6,-1.5972358419647281,149.6042222424408,-19.547477523602115
1_C_7,Crest,140099.24383562058,Rock,False,13.93168117883456,19141100104,19141100104_1_C_7,-1.5336181947529146,149.61670662509331,-19.564688694373988
1_C_8,Crest,112931.80608898075,Rock,False,27.866611433305717,19141100104,19141100104_1_C_8,-1.519573944974953,149.61474647898157,-19.559677187001878
1_C_9,Crest,72854.7029357613,Rock,False,22.322580645161292,19141100104,19141100104_1_C_9,-1.4887295094995552,149.61150843487127,-19.556041639551196
1_IF_1,Inner Flat,145071.11625927035,Hard Substrate,False,48.6765655261459,19141100104,19141100104_1_IF_1,-2.155237929738801,149.60292927346137,-19.569847537570258
1_IF_10,Inner Flat,50013.20973561378,Hard Substrate,False,56.63551401869159,19141100104,19141100104_1_IF_10,-1.8283979997634887,149.5990587203645,-19.570927919337795
1_IF_2,Inner Flat,107625.71438459447,Hard Substrate,False,47.382198952879584,19141100104,19141100104_1_IF_2,-2.5928803329565087,149.59220704781433,-19.560296097346153
1_IF_3,Inner Flat,197679.90659539495,Hard Substrate,False,57.87842951750237,19141100104,19141100104_1_IF_3,-2.775881820134442,149.60061189754958,-19.551016484403107
1_IF_4,Inner Flat,160633.11706533562,Sand,False,37.50731421884143,19141100104,19141100104_1_IF_4,-1.929754974237129,149.59392444737844,-19.569798925106316
1_IF_5,Inner Flat,137764.02888804115,Hard Substrate,False,50.41893732970027,19141100104,19141100104_1_IF_5,-2.6568689669011047,149.6063217072226,-19.558521270128825
1_IF_6,Inner Flat,286805.238813085,Sand,False,41.65580182529335,19141100104,19141100104_1_IF_6,-2.274955603673646,149.58792133177272,-19.567289824174107
1_IF_7,Inner Flat,225881.14040754642,Hard Substrate,False,46.577529021558874,19141100104,19141100104_1_IF_7,-2.3765395806986165,149.61041083409359,-19.566220076646886
1_IF_8,Inner Flat,152654.9095954853,Hard Substrate,False,58.92440073755378,19141100104,19141100104_1_IF_8,-3.0141581379835376,149.60392321575665,-19.55376079635843
1_IF_9,Inner Flat,160613.7964239684,Hard Substrate,False,59.343878148799064,19141100104,19141100104_1_IF_9,-2.3997632428493083,149.58767001500695,-19.562761130505468
1_OF_1,Outer Flat,112278.85815991042,Rock,False,37.40585774058577,19141100104,19141100104_1_OF_1,-2.0610537927407226,149.61456583371907,-19.565667854241138
1_OF_10,Outer Flat,38083.46921124356,Rock,False,39.6551724137931,19141100104,19141100104_1_OF_10,-2.429281577311064,149.5945300264145,-19.56071601468926
1_OF_11,Outer Flat,59613.05026743701,Hard Substrate,False,73.9268680445151,19141100104,19141100104_1_OF_11,-2.7344175067413534,149.60664481555423,-19.562746900241258
1_OF_12,Outer Flat,31790.472904230002,Rock,False,8.308605341246292,19141100104,19141100104_1_OF_12,-2.3535745388232403,149.58309594303785,-19.561350327595274
1_OF_2,Outer Flat,86116.13809172437,Rock,False,30.970556161395855,19141100104,19141100104_1_OF_2,-1.8057459415803099,149.60697357244882,-19.569592145084336
1_OF_3,Outer Flat,121845.26004405599,Hard Substrate,False,76.28304821150856,19141100104,19141100104_1_OF_3,-1.9795272278510305,149.59901039298342,-19.54693042998801
1_OF_4,Outer Flat,188759.6147144544,Hard Substrate,False,75.14940239043824,19141100104,19141100104_1_OF_4,-2.0466892559607865,149.6085003792959,-19.5566485247841
1_OF_5,Outer Flat,175825.12267624307,Rock,False,45.5167820990943,19141100104,19141100104_1_OF_5,-2.197228050354269,149.6037323366363,-19.549978484143022
1_OF_6,Outer Flat,108957.54561833106,Rock,False,42.68502581755594,19141100104,19141100104_1_OF_6,-1.9946556223031566,149.5836850375801,-19.5670365715781
1_OF_7,Outer Flat,117901.54156841896,Hard Substrate,False,67.79794790844515,19141100104,19141100104_1_OF_7,-2.2614081313709,149.61207194990772,-19.56155583643275
1_OF_8,Outer Flat,27148.539939758368,Rock,False,24.914675767918087,19141100104,19141100104_1_OF_8,-2.021245417140779,149.5922438906941,-19.543948270649423
1_OF_9,Outer Flat,83783.77127858019,Hard Substrate,False,40.69119286510591,19141100104,19141100104_1_OF_9,-2.8884052707136965,149.59964337718966,-19.55960877435815
1_P_1,Patch,1986.647212876007,Rock,False,13.636363636363637,19141100104,19141100104_1_P_1,-2.178450030088425,149.58777772347895,-19.551038464577598
1_P_2,Patch,662.2700533997267,NaN,False,35.0,19141100104,19141100104_1_P_2,-11.571333249409994,149.6008376488635,-19.553726681385612
1_SS_1,Sheltered Slope,150331.7555672396,Rock,False,34.78637770897832,19141100104,19141100104_1_SS_1,-14.337574699303486,149.59449603045803,-19.553571474609594
1_SS_2,Sheltered Slope,146699.73952339124,Hard Substrate,False,35.69693094629156,19141100104,19141100104_1_SS_2,-11.753832332390308,149.6025021893764,-19.556675745021945
1_SS_3,Sheltered Slope,133449.21851302963,Rock,False,33.633169360505974,19141100104,19141100104_1_SS_3,-13.649723323561796,149.58934973650906,-19.55743670167416
1_SS_4,Sheltered Slope,128816.273027224,Rock,False,24.866329479768787,19141100104,19141100104_1_SS_4,-11.786774672900036,149.58227859743798,-19.560791218618526
1_SS_5,Sheltered Slope,89400.28418255411,Rock,False,26.206715634837355,19141100104,19141100104_1_SS_5,-11.44399052639166,149.58578180746352,-19.55243705063398
1_SS_6,Sheltered Slope,216241.3925607847,Sand,False,32.03679653679654,19141100104,19141100104_1_SS_6,-11.132808605058294,149.59580763515976,-19.558283532172048
1_SS_7,Sheltered Slope,18546.162012350745,Hard Substrate,False,41.375,19141100104,19141100104_1_SS_7,-10.967989272612302,149.60800312353004,-19.56196146079434
1_SS_8,Sheltered Slope,4967.688172131777,Rock,False,2.1428571428571423,19141100104,19141100104_1_SS_8,-6.72540378341308,149.58251383301044,-19.5675884056331
1_SS_9,Sheltered Slope,662.1608294807374,NaN,False,34.99999999999999,19141100104,19141100104_1_SS_9,-16.88479995727539,149.59037853133455,-19.544533782959764
1_S_1,Slope,57301.10125531629,Rock,False,28.5209003215434,19141100104,19141100104_1_S_1,-11.902881953285505,149.61090916675533,-19.569578052472327
1_S_10,Slope,28485.272913007066,Rock,False,28.48184818481848,19141100104,19141100104_1_S_10,-11.431790032844951,149.60030597456958,-19.57294302627632
1_S_11,Slope,69195.9914352349,Rock,False,31.21067031463748,19141100104,19141100104_1_S_11,-13.840729349614648,149.58578394451777,-19.54582756417444
1_S_12,Slope,104319.45748670539,Rock,False,13.591359135913592,19141100104,19141100104_1_S_12,-9.343824340737953,149.6156442258876,-19.558298396614344
1_S_13,Slope,47012.47104858933,Rock,False,23.641851106639837,19141100104,19141100104_1_S_13,-11.129846504525728,149.59146516359456,-19.542846880140615
1_S_14,Slope,1324.5197650734335,NaN,False,35.0,19141100104,19141100104_1_S_14,-19.056999842325848,149.5920017897276,-19.554753222550456
1_S_15,Slope,42390.193917690776,Rock,False,22.929515418502202,19141100104,19141100104_1_S_15,-11.81523040035103,149.58158182419666,-19.566564604494754
1_S_16,Slope,66239.56460379204,Rock,False,25.664780763790663,19141100104,19141100104_1_S_16,-11.046347432106687,149.58718046868628,-19.570457034842757
1_S_2,Slope,36766.043775434606,Rock,False,36.06410256410256,19141100104,19141100104_1_S_2,-11.91870263331833,149.6055556913038,-19.572011501607573
1_S_3,Slope,117538.8608943061,Rock,False,19.277733439744612,19141100104,19141100104_1_S_3,-8.5735675987999,149.60286853868521,-19.544751575778
1_S_4,Slope,43389.17258577328,Rock,False,26.142241379310345,19141100104,19141100104_1_S_4,-10.88814736276433,149.59422524380935,-19.57246094315657
1_S_5,Slope,129478.02798066661,Rock,False,19.956678700361007,19141100104,19141100104_1_S_5,-9.817663537754733,149.6114826267262,-19.553501369774
1_S_6,Slope,96342.56287272554,Rock,False,20.49562682215743,19141100104,19141100104_1_S_6,-10.273801035906008,149.59678846413507,-19.541649519057582
1_S_7,Slope,84104.49710439378,Rock,False,16.63355408388521,19141100104,19141100104_1_S_7,-9.428071338003175,149.60756912274988,-19.548913755887124
1_S_8,Slope,58275.61098179547,Rock,False,21.78006329113924,19141100104,19141100104_1_S_8,-8.447965022150454,149.58359318567835,-19.552804643338003
1_S_9,Slope,141424.81723406352,Rock,False,19.68976897689769,19141100104,19141100104_1_S_9,-9.787088552216833,149.6180751490303,-19.56474267709394
1_BR_1,Back Reef,17225.521121320315,Rock,False,11.016042780748663,19142100104,19142100104_1_BR_1,-9.45816470594967,149.65345639048346,-19.56798747558987
1_BR_2,Back Reef,51678.931001706515,Rock,False,26.880650994575046,19142100104,19142100104_1_BR_2,-6.158278226156643,149.6595000754564,-19.569810927809176
1_BR_3,Back Reef,5631.847129408736,Rock,False,21.454545454545453,19142100104,19142100104_1_BR_3,-9.895618230646306,149.6524624667154,-19.573604341257703
1_BR_4,Back Reef,44064.95031890273,Rock,False,25.73560767590618,19142100104,19142100104_1_BR_4,-10.046508102018706,149.6648465833352,-19.57717020747311
1_BR_5,Back Reef,15241.185419198126,Hard Substrate,False,39.65625,19142100104,19142100104_1_BR_5,-7.694589390659964,149.66947770799678,-19.57922938486082
1_C_1,Crest,25838.35303618852,Rock,False,21.11111111111111,19142100104,19142100104_1_C_1,-1.8144904210649688,149.65825136374943,-19.567048542484855
1_C_2,Crest,169282.4114363701,Rock,False,18.64218141346689,19142100104,19142100104_1_C_2,-1.8755000013906347,149.66396680226447,-19.569084450281064
1_C_3,Crest,81833.53001680691,Hard Substrate,False,51.0250569476082,19142100104,19142100104_1_C_3,-1.675002432797657,149.66854734274423,-19.575099916509515
1_C_4,Crest,107020.38226528745,Rock,False,35.870516185476816,19142100104,19142100104_1_C_4,-1.5588615260824394,149.66968633281186,-19.579681164238067
1_OF_1,Outer Flat,30476.333067588042,Rock,False,33.333333333333336,19142100104,19142100104_1_OF_1,-2.0600366616249084,149.65807079954735,-19.56785291871892
1_OF_2,Outer Flat,64607.568943410646,Hard Substrate,False,50.21645021645022,19142100104,19142100104_1_OF_2,-2.2056635644084723,149.66821156899042,-19.57754466992426
1_P_1,Patch,1325.0856136186048,Rock,False,50.0,19142100104,19142100104_1_P_1,-1.873999970299857,149.65451201999645,-19.570173724681176
1_SS_1,Sheltered Slope,7289.264521135483,Rock,False,32.467532467532465,19142100104,19142100104_1_SS_1,-8.821306667327882,149.66761426741562,-19.57968844839498
1_S_1,Slope,103692.69147822121,Rock,False,31.158371040723974,19142100104,19142100104_1_S_1,-12.428053495485031,149.65960385053373,-19.5722204043636
1_S_2,Slope,157344.7165620108,Rock,False,24.296362552176507,19142100104,19142100104_1_S_2,-10.790839768974937,149.65521793347864,-19.565858221345408
1_S_3,Slope,344527.6278634826,Rock,False,27.58414766558089,19142100104,19142100104_1_S_3,-11.599154436729364,149.65367925925494,-19.571480747173663
1_S_4,Slope,113975.61347871972,Rock,False,26.211745244003307,19142100104,19142100104_1_S_4,-12.411335130103,149.66400358383075,-19.57930848345834
1_S_5,Slope,125905.93732804107,Rock,False,23.248882265275707,19142100104,19142100104_1_S_5,-8.571200661616457,149.6706929767323,-19.57922086310269
1_S_6,Slope,151721.35876480397,Rock,False,10.53921568627451,19142100104,19142100104_1_S_6,-7.670336887289915,149.66444422915444,-19.5673870023161
1_S_7,Slope,90114.43292564293,Rock,False,13.333333333333334,19142100104,19142100104_1_S_7,-7.8026966293206375,149.66923832350074,-19.573484075775035
1_S_8,Slope,205405.92535444954,Rock,False,29.15525114155251,19142100104,19142100104_1_S_8,-12.265931224357791,149.66387805356666,-19.574067278047725
1_BR_1,Back Reef,15907.345663716085,Rock,False,34.588235294117645,19143100104,19143100104_1_BR_1,-14.71135480326991,149.708550696789,-19.585686796295914
1_S_1,Slope,60315.70569717046,Rock,False,34.7265625,19143100104,19143100104_1_S_1,-14.30066723494694,149.70880430589057,-19.586043529455058
1_C_1,Crest,81812.8308468908,Rock,False,11.022727272727273,19144100104,19144100104_1_C_1,-1.4871271388163485,149.56848858977125,-19.581007113809026
1_OF_1,Outer Flat,75851.78844906436,Rock,False,25.628140703517587,19144100104,19144100104_1_OF_1,-1.9750682400280408,149.56815285188642,-19.582049361076685
1_S_1,Slope,121890.90998755209,Rock,False,17.012696041822256,19144100104,19144100104_1_S_1,-8.18944006784886,149.56772631462738,-19.581033165480292
1_BR_1,Back Reef,16229.154151256662,Rock,False,19.166666666666664,19145100104,19145100104_1_BR_1,-10.2398424726544,149.5075181686957,-19.59178483403672
1_S_1,Slope,195402.24412637623,Rock,False,14.137178865729519,19145100104,19145100104_1_S_1,-9.394125457823746,149.50919963830552,-19.58772812961462
1_S_2,Slope,75515.66445638612,Rock,False,18.019801980198018,19145100104,19145100104_1_S_2,-11.31756564180325,149.50687946149594,-19.592332769068882
1_BR_1,Back Reef,18556.064327947795,Rock,False,23.737373737373737,19146100104,19146100104_1_BR_1,-7.401821063694201,149.62434316842626,-19.595987139976145
1_BR_2,Back Reef,1325.535638868343,NaN,False,34.99999999999999,19146100104,19146100104_1_BR_2,-15.180727178400213,149.6365674026481,-19.598577389547405
1_BR_3,Back Reef,3645.7230086112395,NaN,False,35.0,19146100104,19146100104_1_BR_3,-11.994419313246205,149.64757918225524,-19.60571414938906
1_BR_4,Back Reef,7292.619445247576,Rock,False,33.58108108108108,19146100104,19146100104_1_BR_4,-12.894507500662732,149.63129373833166,-19.621055628905097
1_C_1,Crest,145470.26807662193,Rock,False,18.624269954574952,19146100104,19146100104_1_C_1,-1.3943515564743623,149.6271222378443,-19.59726930666743
1_C_2,Crest,126253.38328632666,Rock,False,13.214550853749072,19146100104,19146100104_1_C_2,-1.3729605067868558,149.63209868663876,-19.597447528040373
1_C_3,Crest,118629.93274214072,Rock,False,18.844022169437846,19146100104,19146100104_1_C_3,-1.4627508335189277,149.6218225919015,-19.598785907337152
1_C_4,Crest,56027.86954370234,Rock,False,5.695142378559464,19146100104,19146100104_1_C_4,-1.5040656011155311,149.63756422786446,-19.628839218317566
1_IF_1,Inner Flat,23195.87220529234,Rock,False,11.6,19146100104,19146100104_1_IF_1,-1.6590434789657593,149.6239567347105,-19.598507376183022
1_IF_2,Inner Flat,107077.95144941704,Hard Substrate,False,49.045138888888886,19146100104,19146100104_1_IF_2,-1.8813114029262992,149.6364334055394,-19.62584647464349
1_OF_1,Outer Flat,76547.32045390923,Rock,False,31.143552311435524,19146100104,19146100104_1_OF_1,-1.52202358845802,149.63010944212957,-19.597915885227614
1_OF_2,Outer Flat,95433.72242619656,Rock,False,35.386119257086996,19146100104,19146100104_1_OF_2,-1.4424662505849994,149.6265354546369,-19.597353186700232
1_OF_3,Outer Flat,84868.21812865417,Rock,False,42.73224043715847,19146100104,19146100104_1_OF_3,-2.0144489309850044,149.63717059193164,-19.62691647423752
1_SS_1,Sheltered Slope,8947.1869505574,Rock,False,15.170454545454545,19146100104,19146100104_1_SS_1,-3.613999993613597,149.6289419854302,-19.598968440850637
1_SS_2,Sheltered Slope,4639.006595578045,Rock,False,3.9215686274509802,19146100104,19146100104_1_SS_2,-4.390191509368572,149.61975975687915,-19.596934983176546
1_SS_3,Sheltered Slope,128953.80807395931,Rock,False,22.08667152221413,19146100104,19146100104_1_SS_3,-6.984727120267856,149.63541268122563,-19.623962686936373
1_SS_4,Sheltered Slope,71939.41365025286,Rock,False,28.998682476943348,19146100104,19146100104_1_SS_4,-6.896944139099395,149.63854059921817,-19.626925036775436
1_S_1,Slope,80524.47623676062,Rock,False,20.017441860465112,19146100104,19146100104_1_S_1,-9.620442292476312,149.63381101847483,-19.597627496567554
1_S_10,Slope,36134.808647186495,Rock,False,24.2219387755102,19146100104,19146100104_1_S_10,-10.501658961952078,149.6340629241009,-19.62669571610847
1_S_11,Slope,41100.714909878094,NaN,False,34.99999999999999,19146100104,19146100104_1_S_11,-14.08658376926093,149.6251897831366,-19.617069347410016
1_S_12,Slope,16904.62619274808,Rock,False,22.939560439560438,19146100104,19146100104_1_S_12,-10.845565218362749,149.63993443134953,-19.614817337066107
1_S_2,Slope,60982.917885685805,Rock,False,34.94648318042813,19146100104,19146100104_1_S_2,-13.691784122138964,149.64666792969848,-19.60583385935351
1_S_3,Slope,9277.86068682326,Rock,False,27.193877551020407,19146100104,19146100104_1_S_3,-10.874655548731486,149.62419222843207,-19.59470892625793
1_S_4,Slope,141161.59877064778,Rock,False,20.486666666666668,19146100104,19146100104_1_S_4,-9.607902242353065,149.6205204883444,-19.598394456878438
1_S_5,Slope,113991.1126301554,Rock,False,16.582792207792206,19146100104,19146100104_1_S_5,-8.841424159847747,149.6290994641253,-19.597261981374594
1_S_6,Slope,78563.10057640495,Rock,False,23.75595238095238,19146100104,19146100104_1_S_6,-11.446604983074458,149.6316026032915,-19.6225242575712
1_S_7,Slope,54694.96330001252,Rock,False,19.594127806563037,19146100104,19146100104_1_S_7,-8.555729521796817,149.634715405119,-19.620653121893827
1_S_8,Slope,75920.63753718976,Rock,False,18.366336633663366,19146100104,19146100104_1_S_8,-7.0273409513129055,149.64014538640038,-19.629366871325203
1_S_9,Slope,78212.76015391015,NaN,False,34.99999999999999,19146100104,19146100104_1_S_9,-14.761826079824697,149.64200432708137,-19.602882928543426
1_BR_1,Back Reef,19555.286765568424,Rock,False,29.646226415094336,19147100104,19147100104_1_BR_1,-8.638727268787346,149.65013402507913,-19.608584792926575
1_BR_10,Back Reef,15919.073937578127,Rock,False,28.51851851851852,19147100104,19147100104_1_BR_10,-12.307701268753448,149.69073609002382,-19.642376820490494
1_BR_11,Back Reef,8291.358875846956,Rock,False,20.055555555555557,19147100104,19147100104_1_BR_11,-7.802687530219555,149.68101326983023,-19.64617540717698
1_BR_2,Back Reef,14584.55581279844,Rubble,True,13.2,19147100104,19147100104_1_BR_2,-5.3676413651170405,149.65367888410918,-19.612392672021645
1_BR_3,Back Reef,29502.24138013227,Hard Substrate,False,41.767515923566876,19147100104,19147100104_1_BR_3,-7.008979859768144,149.65610743346883,-19.615830786413543
1_BR_4,Back Reef,19229.479409629013,Sand,False,33.0392156862745,19147100104,19147100104_1_BR_4,-9.374027177043583,149.66505334166354,-19.625939700424567
1_BR_5,Back Reef,8289.05594796408,NaN,False,34.99999999999999,19147100104,19147100104_1_BR_5,-14.531282082582132,149.68353249259638,-19.625762717328268
1_BR_6,Back Reef,6962.203202683944,Rock,False,23.6,19147100104,19147100104_1_BR_6,-7.8703787850611135,149.65200331434167,-19.627044234784265
1_BR_7,Back Reef,31170.716068289243,Rock,False,20.913173652694606,19147100104,19147100104_1_BR_7,-8.870212902561311,149.685676399675,-19.63410052433536
1_BR_8,Back Reef,32829.99899408687,Rock,False,30.383480825958703,19147100104,19147100104_1_BR_8,-11.91054167961463,149.69128593223053,-19.63552935306385
1_BR_9,Back Reef,32495.23942337092,Rock,False,16.516034985422742,19147100104,19147100104_1_BR_9,-7.662613684514601,149.6539815275154,-19.63745648634037
1_C_1,Crest,148828.95811098535,Rock,False,39.19597989949749,19147100104,19147100104_1_C_1,-1.5351707978449807,149.65798899117465,-19.611463421118035
1_C_2,Crest,112384.37518769456,Rock,False,36.57522859517872,19147100104,19147100104_1_C_2,-1.5008619774268974,149.6682052205962,-19.619728573487127
1_C_3,Crest,111380.66055189027,Rock,False,31.191885038038883,19147100104,19147100104_1_C_3,-1.4772926393488366,149.66349967572856,-19.61498129243748
1_C_4,Crest,70313.15594952134,Rock,False,27.005347593582886,19147100104,19147100104_1_C_4,-1.5307031245055525,149.68089184610804,-19.64867436209987
1_C_5,Crest,112692.29128226545,Rock,False,22.75,19147100104,19147100104_1_C_5,-1.6620743356974779,149.6533811607121,-19.608324576035756
1_C_6,Crest,120688.86740250373,Rock,False,39.504260263361736,19147100104,19147100104_1_C_6,-1.4360457583394106,149.6884493072625,-19.6247277509124
1_C_7,Crest,123047.59627501294,Rock,False,6.12088752869166,19147100104,19147100104_1_C_7,-1.5522588996825482,149.68669026998205,-19.64705686580796
1_C_8,Crest,45427.034952383954,Rock,False,17.87784679089027,19147100104,19147100104_1_C_8,-1.48717256932132,149.69273865759968,-19.628312773013146
1_IF_1,Inner Flat,156507.27099894965,Hard Substrate,False,67.38609112709833,19147100104,19147100104_1_IF_1,-1.7605031863898988,149.688321992184,-19.6291396646083
1_IF_2,Inner Flat,164766.9095043959,Hard Substrate,False,63.445139283683915,19147100104,19147100104_1_IF_2,-2.4325624644066197,149.66392942860443,-19.621950579854104
1_IF_3,Inner Flat,112376.59893910028,Hard Substrate,False,58.43071786310517,19147100104,19147100104_1_IF_3,-2.38438175123703,149.66029288707404,-19.616671848040298
1_IF_4,Inner Flat,64673.6677074302,Sand,False,23.741007194244606,19147100104,19147100104_1_IF_4,-1.7086114551260745,149.68233600124137,-19.647042271248775
1_IF_5,Inner Flat,24864.99671229534,Hard Substrate,False,47.95539033457249,19147100104,19147100104_1_IF_5,-2.40018400144577,149.6560641353107,-19.62603734773843
1_OF_1,Outer Flat,126693.01752416743,Rock,False,33.82461311717023,19147100104,19147100104_1_OF_1,-1.6984795281267542,149.68544627747283,-19.645721824469188
1_OF_10,Outer Flat,109381.71729213325,Hard Substrate,False,57.02054794520548,19147100104,19147100104_1_OF_10,-1.8729296179532569,149.65367947956793,-19.610796182688052
1_OF_11,Outer Flat,14593.090127556585,Rock,False,38.064516129032256,19147100104,19147100104_1_OF_11,-1.6002534244158497,149.67991688439787,-19.64789500198717
1_OF_2,Outer Flat,290086.2060255371,Rock,False,41.647819063004846,19147100104,19147100104_1_OF_2,-1.9883779682924334,149.66623909691788,-19.62229260284026
1_OF_3,Outer Flat,136571.78640774684,Rock,False,37.43131868131868,19147100104,19147100104_1_OF_3,-1.6241699520642525,149.66038431086986,-19.61461458758232
1_OF_4,Outer Flat,122999.37664484559,Hard Substrate,False,56.207159177456205,19147100104,19147100104_1_OF_4,-2.153326895309915,149.6610232044669,-19.625165676336284
1_OF_5,Outer Flat,161458.5435746312,Sand,False,31.30081300813008,19147100104,19147100104_1_OF_5,-2.1673246962788664,149.656072573435,-19.626844074241752
1_OF_6,Outer Flat,235087.08255189005,Rock,False,40.079840319361274,19147100104,19147100104_1_OF_6,-1.6723057334337013,149.68838516243156,-19.627485037767546
1_OF_7,Outer Flat,158834.85776907252,Rock,False,45.07955215085445,19147100104,19147100104_1_OF_7,-1.8238341701989198,149.69165082510926,-19.631275924274448
1_OF_8,Outer Flat,75583.2501784102,Rock,False,46.54320987654321,19147100104,19147100104_1_OF_8,-1.7327247350773913,149.66401985921888,-19.61817268837906
1_OF_9,Outer Flat,108073.5793939759,Hard Substrate,False,61.31830008673027,19147100104,19147100104_1_OF_9,-2.4842020466340986,149.65875610121353,-19.621261435918562
1_P_1,Patch,4973.698995268904,Rock,False,46.15384615384615,19147100104,19147100104_1_P_1,-1.9471886810266748,149.65554253696124,-19.63619444427688
1_SS_1,Sheltered Slope,103096.70192209398,Rock,False,27.019927536231883,19147100104,19147100104_1_SS_1,-9.403412115017494,149.65495384128815,-19.619283195411906
1_SS_10,Sheltered Slope,95172.19595340313,Rock,False,11.877450980392156,19147100104,19147100104_1_SS_10,-5.154192231282466,149.6897945359577,-19.63465152213258
1_SS_11,Sheltered Slope,83908.80325985234,Rock,False,24.12290502793296,19147100104,19147100104_1_SS_11,-9.156234018909053,149.6796908765431,-19.64670161210647
1_SS_12,Sheltered Slope,34480.19508072967,Sand,False,24.486486486486488,19147100104,19147100104_1_SS_12,-5.652934287956783,149.66387252562075,-19.625700594222085
1_SS_2,Sheltered Slope,184693.41955001745,Rock,False,19.524291497975703,19147100104,19147100104_1_SS_2,-9.383577181092392,149.68493905955734,-19.630546456357816
1_SS_3,Sheltered Slope,97468.22227984108,Rock,False,36.388888888888886,19147100104,19147100104_1_SS_3,-8.632738550379873,149.65510530674268,-19.62438926142365
1_SS_4,Sheltered Slope,90825.06474883668,Rock,False,30.348004094165812,19147100104,19147100104_1_SS_4,-8.447308207389609,149.65422582990405,-19.61466086564607
1_SS_5,Sheltered Slope,93856.77036535274,Rock,False,24.88395560040363,19147100104,19147100104_1_SS_5,-9.079162908775885,149.6840780211131,-19.644376972823178
1_SS_6,Sheltered Slope,30493.208842994645,Rock,False,32.23076923076923,19147100104,19147100104_1_SS_6,-11.801698645219108,149.64956450294943,-19.609231617894473
1_SS_7,Sheltered Slope,69296.83294556849,Rock,False,26.67574931880109,19147100104,19147100104_1_SS_7,-10.294182373091067,149.684729422651,-19.625813524528002
1_SS_8,Sheltered Slope,35809.98863211321,Rock,False,39.14728682170543,19147100104,19147100104_1_SS_8,-3.3522750648181554,149.65386180902303,-19.635309748792434
1_SS_9,Sheltered Slope,50394.04598524468,Rock,False,41.91509433962264,19147100104,19147100104_1_SS_9,-7.591083665040075,149.65328712074862,-19.628091788583323
1_S_1,Slope,192687.03958873264,Rock,False,23.895067698259187,19147100104,19147100104_1_S_1,-11.179423036342467,149.68863337664104,-19.642841775399823
1_S_10,Slope,101784.67692936538,Rock,False,20.47838086476541,19147100104,19147100104_1_S_10,-9.860317405064901,149.66386476075314,-19.626958761989506
1_S_11,Slope,54393.778416213114,Rock,False,23.940170940170937,19147100104,19147100104_1_S_11,-10.855666684921674,149.68734385830243,-19.64791483642616
1_S_12,Slope,28506.851191764697,Rock,False,36.14006514657981,19147100104,19147100104_1_S_12,-8.414657043205702,149.66156547014901,-19.612206199703667
1_S_13,Slope,65314.57755453838,Rock,False,23.870503597122298,19147100104,19147100104_1_S_13,-11.877004868855453,149.66817317275147,-19.62591668476964
1_S_14,Slope,59352.710713013075,Rock,False,24.913522012578614,19147100104,19147100104_1_S_14,-10.328216760517,149.6931829026207,-19.627174714033956
1_S_15,Slope,91191.64379759459,Rock,False,19.34224049331963,19147100104,19147100104_1_S_15,-10.131390041014107,149.6853206497178,-19.63474696810573
1_S_16,Slope,120311.31256671716,Rock,False,26.878906249999993,19147100104,19147100104_1_S_16,-11.659130151141179,149.6498448728769,-19.606630575991495
1_S_17,Slope,72292.41795975808,Rock,False,19.72762645914397,19147100104,19147100104_1_S_17,-9.720499990181734,149.6907629711804,-19.63574784139287
1_S_18,Slope,48405.79003936192,Rock,False,25.736137667304014,19147100104,19147100104_1_S_18,-10.688091292249675,149.65896821625356,-19.62819055596555
1_S_19,Slope,59682.114552590996,Rock,False,22.37089201877934,19147100104,19147100104_1_S_19,-10.703236745440075,149.6651959042974,-19.631186891560773
1_S_2,Slope,107754.6628516065,Rock,False,30.281873373807457,19147100104,19147100104_1_S_2,-10.949200582253784,149.68632717562755,-19.623074793115805
1_S_20,Slope,55696.067132862285,Rock,False,20.733558178752105,19147100104,19147100104_1_S_20,-8.534298299848475,149.66995047264533,-19.620794049505715
1_S_21,Slope,994.4753918536007,NaN,False,34.99999999999999,19147100104,19147100104_1_S_21,-15.76966667175293,149.65503483512856,-19.61736500332193
1_S_22,Slope,994.8574104919098,NaN,False,34.99999999999999,19147100104,19147100104_1_S_22,-16.361400032043456,149.66284291020324,-19.642897692138558
1_S_3,Slope,44414.722240009345,Rock,False,15.928270042194093,19147100104,19147100104_1_S_3,-9.324044708925134,149.6562684987456,-19.6087638140812
1_S_4,Slope,30845.243234323803,Rock,False,22.591463414634145,19147100104,19147100104_1_S_4,-9.483695630245784,149.68043812302528,-19.649524693569816
1_S_5,Slope,68642.33528562263,Rock,False,16.46657571623465,19147100104,19147100104_1_S_5,-9.573107943720725,149.69367752946593,-19.63267075144091
1_S_6,Slope,213876.22038385598,Rock,False,17.689277899343544,19147100104,19147100104_1_S_6,-7.641441141568028,149.65611359324586,-19.63844820071831
1_S_7,Slope,91514.4413703098,Rock,False,21.740246406570844,19147100104,19147100104_1_S_7,-6.291278828565377,149.65090440947756,-19.636033351031802
1_S_8,Slope,91169.56940701278,Rock,False,28.691446028513237,19147100104,19147100104_1_S_8,-12.505117386781334,149.67729417352115,-19.619380137365493
1_S_9,Slope,52708.681926200166,Rock,False,32.22423146473779,19147100104,19147100104_1_S_9,-8.438789975436437,149.6667604273308,-19.616591463735723
1_BR_1,Back Reef,22874.211413517594,Rock,False,11.612244897959183,19149100104,19149100104_1_BR_1,-4.874831101629469,149.71805860919613,-19.606490554913353
1_BR_2,Back Reef,19560.073592347093,Hard Substrate,False,38.72549019607843,19149100104,19149100104_1_BR_2,-3.3895306112814922,149.72303736264593,-19.60884082458422
1_C_1,Crest,126308.07782708341,Rock,False,18.994826311899484,19149100104,19149100104_1_C_1,-1.7601933684420568,149.72613667067267,-19.606096589471804
1_C_2,Crest,46080.01859828597,Rock,False,18.29268292682927,19149100104,19149100104_1_C_2,-1.4883333325902104,149.71840682920038,-19.60654099848087
1_C_3,Crest,62993.020568600856,Rock,False,22.55639097744361,19149100104,19149100104_1_C_3,-1.543454832018083,149.73079642781147,-19.610368243722885
1_IF_1,Inner Flat,263576.6160697704,Hard Substrate,False,66.10953058321479,19149100104,19149100104_1_IF_1,-2.0862377504409606,149.7216777532382,-19.612648493296415
1_OF_1,Outer Flat,271193.4323657127,Hard Substrate,False,58.73015873015873,19149100104,19149100104_1_OF_1,-2.0218296637881696,149.71956860020876,-19.610864316512227
1_OF_2,Outer Flat,214835.9175622547,Hard Substrate,False,52.74869109947644,19149100104,19149100104_1_OF_2,-1.9933695223213685,149.72799926099097,-19.609881926922753
1_OF_3,Outer Flat,225455.24776572036,Hard Substrate,False,52.865168539325836,19149100104,19149100104_1_OF_3,-2.046984076394491,149.72598721387698,-19.613558420840075
1_OF_4,Outer Flat,74922.35547937173,Rock,False,49.313358302122346,19149100104,19149100104_1_OF_4,-1.8311644376599214,149.72333139020324,-19.606232427943635
1_P_1,Patch,2984.1142729301937,Rock,False,12.5,19149100104,19149100104_1_P_1,-1.929806447798206,149.7330845441361,-19.615431063570306
1_SS_1,Sheltered Slope,58018.161840039305,Rock,False,25.32414910858995,19149100104,19149100104_1_SS_1,-9.620112490228244,149.71657157870342,-19.611574049222007
1_SS_2,Sheltered Slope,5305.010404985398,Rock,False,40.35087719298246,19149100104,19149100104_1_SS_2,-1.6286730697521796,149.72611062153635,-19.615959730478103
1_S_1,Slope,144205.1066556368,Rock,False,20.994781474233527,19149100104,19149100104_1_S_1,-10.502328906119455,149.71854957481244,-19.605448484383835
1_S_2,Slope,315643.9683715212,Rock,False,18.32393111638955,19149100104,19149100104_1_S_2,-8.959674944928318,149.731958099605,-19.61365919384288
1_S_3,Slope,105096.16683121817,Rock,False,19.123665480427047,19149100104,19149100104_1_S_3,-7.810664720432733,149.73122599285898,-19.608428506329087
1_S_4,Slope,117022.42362425709,Rock,False,26.265012009607688,19149100104,19149100104_1_S_4,-9.818040719685149,149.72574051770104,-19.604260054132556
1_S_5,Slope,23208.213947163895,Hard Substrate,False,40.622489959839356,19149100104,19149100104_1_S_5,-12.733331858584311,149.71805480307776,-19.614140355066095
1_S_6,Slope,57028.9152944223,Rock,False,26.548599670510708,19149100104,19149100104_1_S_6,-8.25880427038118,149.72613414607144,-19.61602248058942
1_S_1,Slope,125676.76101146126,Rock,False,18.93759286775631,19150100104,19150100104_1_S_1,-9.416554183705703,149.72464171349313,-19.624430085313026
1_C_1,Crest,100839.99665391352,Rock,False,25.652985074626866,19153100104,19153100104_1_C_1,-1.5355287722888447,149.7582215231434,-19.640171570371287
1_SS_1,Sheltered Slope,16917.22351760324,Rock,False,23.174157303370787,19153100104,19153100104_1_SS_1,-4.497479772981191,149.7558288427472,-19.640673709936163
1_S_1,Slope,112118.10585158458,Rock,False,26.324278438030557,19153100104,19153100104_1_S_1,-10.403997229873587,149.7602139340265,-19.63967834544859
1_BR_1,Back Reef,3317.1906820540316,Rock,False,29.705882352941178,19155100104,19155100104_1_BR_1,-10.856266625722249,149.71732789541267,-19.651558465378994
1_C_1,Crest,77294.610396781,Rock,False,22.270531400966185,19155100104,19155100104_1_C_1,-1.462561134819512,149.71951385714988,-19.654804121168404
1_SS_1,Sheltered Slope,2985.613628349267,Rock,False,5.151515151515151,19155100104,19155100104_1_SS_1,-2.588531244546175,149.7181497796704,-19.654762002650713
1_S_1,Slope,212642.97513844306,Rock,False,19.144562334217504,19155100104,19155100104_1_S_1,-8.812964976463116,149.7191312987223,-19.654847978296797
1_BR_1,Back Reef,2322.298296284862,Rock,False,40.18518518518518,19156100104,19156100104_1_BR_1,-8.540227163921703,149.75429927940033,-19.651068632895022
1_BR_2,Back Reef,5972.552404502407,Rock,False,29.35483870967742,19156100104,19156100104_1_BR_2,-12.900017236841135,149.76293764426427,-19.66016708528592
1_BR_3,Back Reef,9290.046543880831,Rubble,True,26.73469387755102,19156100104,19156100104_1_BR_3,-12.549089935388459,149.74657183165107,-19.659431081418152
1_BR_4,Back Reef,5641.113304958213,Rock,False,7.8125,19156100104,19156100104_1_BR_4,-3.010206904904596,149.74585568929254,-19.66882421029347
1_BR_5,Back Reef,5973.982188664842,Rock,False,30.08196721311475,19156100104,19156100104_1_BR_5,-6.690912292714705,149.76279879245524,-19.677318872292215
1_BR_6,Back Reef,4646.17085904954,Rock,False,29.347826086956523,19156100104,19156100104_1_BR_6,-6.878346944341854,149.74536260323387,-19.677376832874515
1_BR_7,Back Reef,8960.861473060213,Rock,False,25.638297872340427,19156100104,19156100104_1_BR_7,-11.854000000726609,149.75226455083,-19.67887701764529
1_C_1,Crest,113789.35408337368,Rock,False,47.15993404781533,19156100104,19156100104_1_C_1,-1.7278192953059548,149.7597859126909,-19.647744616595137
1_C_2,Crest,47111.26398380939,Rock,False,33.46456692913386,19156100104,19156100104_1_C_2,-1.6124819529790535,149.75407632938828,-19.653825366306336
1_C_3,Crest,94231.70151401171,Hard Substrate,False,57.59682224428997,19156100104,19156100104_1_C_3,-1.5270732517201935,149.75064504466312,-19.661581856351678
1_C_4,Crest,81632.47237708373,Rock,False,21.518987341772153,19156100104,19156100104_1_C_4,-1.6743439046348014,149.74990439277406,-19.669846748464938
1_C_5,Crest,47125.14305778127,Rock,False,15.873015873015873,19156100104,19156100104_1_C_5,-1.576029411133598,149.7486195094636,-19.676158169716974
1_IF_1,Inner Flat,79619.65597207798,Hard Substrate,False,56.11764705882353,19156100104,19156100104_1_IF_1,-1.8181931828007554,149.75476877627923,-19.64916438236785
1_OF_1,Outer Flat,165207.17674994702,Rock,False,43.35031126202603,19156100104,19156100104_1_OF_1,-1.8515507868584584,149.75643337700615,-19.647217159952277
1_OF_2,Outer Flat,66024.12968072481,Rock,False,25.17882689556509,19156100104,19156100104_1_OF_2,-1.8865609768687226,149.7514460640282,-19.656608772680812
1_OF_3,Outer Flat,186446.21925897105,Rock,False,47.95943915873811,19156100104,19156100104_1_OF_3,-2.759742797311622,149.75373227167043,-19.650755985826013
1_OF_4,Outer Flat,89575.05316873593,Hard Substrate,False,61.42335766423357,19156100104,19156100104_1_OF_4,-2.376854747100915,149.74777461157169,-19.653137095233006
1_OF_5,Outer Flat,54753.662706529256,Rock,False,35.102739726027394,19156100104,19156100104_1_OF_5,-1.9017211001947385,149.7491370993248,-19.670254427003584
1_OF_6,Outer Flat,54417.7090148367,Rock,False,44.329896907216494,19156100104,19156100104_1_OF_6,-1.8602058303377884,149.7499327484888,-19.66466349327149
1_OF_7,Outer Flat,26881.320605063345,Rock,False,28.275862068965516,19156100104,19156100104_1_OF_7,-2.2126007467063507,149.74787589060566,-19.676536880322942
1_P_1,Patch,3649.601270296611,Rock,False,5.0,19156100104,19156100104_1_P_1,-2.2852571623665945,149.74398364266008,-19.658862382172014
1_SS_1,Sheltered Slope,159586.75870725652,Rock,False,32.76339022954679,19156100104,19156100104_1_SS_1,-9.856682080088687,149.74463928039143,-19.658552019198346
1_SS_2,Sheltered Slope,165881.89225094905,Rock,False,36.1170814479638,19156100104,19156100104_1_SS_2,-12.48834448966318,149.74957672505562,-19.653649855894656
1_SS_3,Sheltered Slope,45789.97703974368,Rock,False,38.06352459016394,19156100104,19156100104_1_SS_3,-11.348299755145572,149.7491569510091,-19.664010386225396
1_SS_4,Sheltered Slope,24216.507867790293,Rock,False,34.63178294573643,19156100104,19156100104_1_SS_4,-11.177540461053239,149.75667571962958,-19.645366241724414
1_SS_5,Sheltered Slope,97889.94905482605,Rock,False,34.017288444040034,19156100104,19156100104_1_SS_5,-7.411270904036807,149.74546809013938,-19.668945191225923
1_SS_6,Sheltered Slope,49115.18842148781,Rock,False,29.816955684007706,19156100104,19156100104_1_SS_6,-9.005773904271749,149.74781368765585,-19.674659281228298
1_SS_7,Sheltered Slope,61373.04751280788,Rock,False,35.41856925418569,19156100104,19156100104_1_SS_7,-11.879867550158343,149.7522636071242,-19.6492384033113
1_S_1,Slope,84267.51504343422,Rock,False,35.099889012208656,19156100104,19156100104_1_S_1,-12.471064734226037,149.75747297551092,-19.65139992143841
1_S_10,Slope,78654.72944100294,Rock,False,22.719714964370546,19156100104,19156100104_1_S_10,-8.76668264272917,149.7502611220525,-19.677778606811106
1_S_11,Slope,51433.54657113319,Rock,False,22.027272727272727,19156100104,19156100104_1_S_11,-7.538990172515449,149.74137782451268,-19.669684227540806
1_S_2,Slope,48446.62318155728,Rock,False,29.739884393063583,19156100104,19156100104_1_S_2,-10.58295679942063,149.75096581866288,-19.666768926401584
1_S_3,Slope,25546.8139228113,Rock,False,36.388888888888886,19156100104,19156100104_1_S_3,-11.830413471294355,149.7533778451605,-19.65556858455098
1_S_4,Slope,161558.88813540293,Rock,False,26.66666666666666,19156100104,19156100104_1_S_4,-9.758685417336933,149.7603650850022,-19.646686299515686
1_S_5,Slope,63043.37928490527,Rock,False,19.77037037037037,19156100104,19156100104_1_S_5,-10.089761111842348,149.76263313296624,-19.65997636820379
1_S_6,Slope,67699.32392537734,Rock,False,32.28472222222222,19156100104,19156100104_1_S_6,-9.318114283160558,149.76427086532112,-19.670838338001925
1_S_7,Slope,53764.17182008596,Hard Substrate,False,41.20659722222222,19156100104,19156100104_1_S_7,-7.998701338917895,149.76321806617966,-19.675000520940568
1_S_8,Slope,57068.87609473057,Rock,False,31.062602965403624,19156100104,19156100104_1_S_8,-11.798757163740747,149.75163781094167,-19.660063640735167
1_S_9,Slope,24889.049497677945,Rock,False,26.7032967032967,19156100104,19156100104_1_S_9,-10.517206861027356,149.75047581746233,-19.67287688077611
1_BR_1,Back Reef,16580.68297954928,Rock,False,8.478260869565217,19157100104,19157100104_1_BR_1,-5.419521486100975,149.5738868390218,-19.66304179386561
1_C_1,Crest,201310.8907103832,Rock,False,13.767441860465116,19157100104,19157100104_1_C_1,-1.42936855250053,149.5788776864047,-19.669432319014497
1_C_2,Crest,119389.57661461458,Rock,False,6.072555205047319,19157100104,19157100104_1_C_2,-1.4237899161186538,149.57552463175324,-19.667829499531088
1_C_3,Crest,208941.06946322275,Rock,False,17.105850826261722,19157100104,19157100104_1_C_3,-1.2947192155235283,149.58352760405384,-19.66907882210638
1_C_4,Crest,71629.69804948661,Rock,False,10.714285714285714,19157100104,19157100104_1_C_4,-1.3899553673370446,149.57664725500274,-19.663518855260687
1_IF_1,Inner Flat,53058.871838337276,Sand,False,7.985865724381625,19157100104,19157100104_1_IF_1,-1.2849320727699207,149.57410426430806,-19.663913953288247
1_IF_2,Inner Flat,61020.20306557277,Sand,False,9.58904109589041,19157100104,19157100104_1_IF_2,-1.6084901963184082,149.5806374612104,-19.665261588684874
1_OF_1,Outer Flat,239435.4690247383,Rock,False,19.229272090307514,19157100104,19157100104_1_OF_1,-1.3565244399375331,149.57585634931277,-19.66567162880519
1_OF_2,Outer Flat,211255.69970377767,Rock,False,42.84444444444444,19157100104,19157100104_1_OF_2,-1.4183962161941168,149.58129282247802,-19.667271780163745
1_SS_1,Sheltered Slope,18901.868921811692,Rock,False,18.177339901477833,19157100104,19157100104_1_SS_1,-7.544315526829684,149.57731987598376,-19.661795606757014
1_SS_2,Sheltered Slope,33495.0229880414,Rock,False,10.849582172701949,19157100104,19157100104_1_SS_2,-7.162766668290803,149.5732573066152,-19.66755537700308
1_S_1,Slope,27855.52984743286,Rock,False,24.76027397260274,19157100104,19157100104_1_S_1,-11.34328472571865,149.57934802235914,-19.661675997465842
1_S_2,Slope,53724.10341940494,Rock,False,25.18453427065026,19157100104,19157100104_1_S_2,-11.17331690037273,149.58328937214748,-19.664346381565863
1_S_3,Slope,77607.84039749671,Rock,False,26.248492159227986,19157100104,19157100104_1_S_3,-11.572715422415987,149.5848607400781,-19.669822730274642
1_S_4,Slope,28853.32208998641,Rock,False,24.316666666666663,19157100104,19157100104_1_S_4,-11.213527393259414,149.57458745013554,-19.67014040499802
1_S_5,Slope,35819.595314410515,Rock,False,19.350132625994696,19157100104,19157100104_1_S_5,-8.758685562495806,149.57870198407716,-19.67249410875605
1_BR_1,Back Reef,1990.6745678749867,NaN,False,35.0,19158100104,19158100104_1_BR_1,-14.631166670057508,149.6912173450683,-19.67063660003315
1_BR_2,Back Reef,995.404898263514,NaN,False,34.99999999999999,19158100104,19158100104_1_BR_2,-12.090199947357178,149.70311932673482,-19.672686133191498
1_P_1,Patch,1659.072259448003,Sand,False,15.789473684210526,19158100104,19158100104_1_P_1,-1.3523888919088576,149.70458657982394,-19.675103719954844
1_S_1,Slope,23224.694748056587,NaN,False,34.99999999999999,19158100104,19158100104_1_S_1,-13.00526066723033,149.6917234823498,-19.671002487454732
1_S_2,Slope,91247.7556698802,Rock,False,13.022657054582902,19158100104,19158100104_1_S_2,-6.812539605668228,149.70450827096624,-19.674167744490838
1_BR_1,Back Reef,26209.16611337755,NaN,False,34.99999999999999,19161100104,19161100104_1_BR_1,-14.438482660124201,149.65219544137614,-19.676119433758586
1_BR_2,Back Reef,6634.921355523169,NaN,False,35.0,19161100104,19161100104_1_BR_2,-16.84323893020402,149.64347388047887,-19.6748524696403
1_BR_3,Back Reef,34507.181611113716,NaN,False,35.0,19161100104,19161100104_1_BR_3,-15.801089548708788,149.6579769408908,-19.682987735484012
1_BR_4,Back Reef,29532.737149511464,Sand,False,33.34374999999999,19161100104,19161100104_1_BR_4,-14.324959835081197,149.6617620343299,-19.68827534165588
1_BR_5,Back Reef,12608.774078739807,NaN,False,34.99999999999999,19161100104,19161100104_1_BR_5,-16.666834848736404,149.64688563888632,-19.68779267373342
1_BR_6,Back Reef,13273.282526445575,NaN,False,34.99999999999999,19161100104,19161100104_1_BR_6,-15.96790547258272,149.65690947469625,-19.690197949132884
1_C_1,Crest,82296.71629682835,Rock,False,21.3302752293578,19161100104,19161100104_1_C_1,-1.60254578712659,149.6670177719843,-19.68984996782431
1_IF_1,Inner Flat,232289.792162708,Sand,False,25.322580645161292,19161100104,19161100104_1_IF_1,-1.7070548641697,149.66615498606376,-19.690262430838036
1_S_1,Slope,146646.11319822678,NaN,False,35.0,19161100104,19161100104_1_S_1,-14.780480517465648,149.654701509619,-19.679175836019475
1_S_2,Slope,28535.38895097561,NaN,False,35.0,19161100104,19161100104_1_S_2,-15.172133573125846,149.64558114054802,-19.687458400578237
1_S_3,Slope,96221.40134269604,NaN,False,35.0,19161100104,19161100104_1_S_3,-14.450053431030012,149.65807915611836,-19.682555773592167
1_S_4,Slope,145672.07014972484,Rock,False,22.230031948881788,19161100104,19161100104_1_S_4,-9.606300412282161,149.6647600355066,-19.68724485714965
1_S_5,Slope,160604.53473340487,NaN,False,35.0,19161100104,19161100104_1_S_5,-16.492549880586488,149.6594152419032,-19.688627104747674
1_S_6,Slope,169903.66813824,Rock,False,20.570876999448426,19161100104,19161100104_1_S_6,-9.811907685790542,149.66239649930802,-19.69127337946466
1_S_7,Slope,43126.63717513345,NaN,False,34.99999999999999,19161100104,19161100104_1_S_7,-15.626585102767395,149.6423218278151,-19.674543223728175
1_S_8,Slope,42132.92620615335,NaN,False,34.99999999999999,19161100104,19161100104_1_S_8,-14.383913847818329,149.65082761718372,-19.675093265645266
1_S_9,Slope,52432.77711502649,Rock,False,22.75709219858156,19161100104,19161100104_1_S_9,-11.390148683070203,149.66912822758448,-19.691813088765958
1_BR_1,Back Reef,8626.779990035575,Rock,False,10.888888888888888,19164100104,19164100104_1_BR_1,-9.560012489557266,149.72834532404386,-19.666244884550515
1_BR_2,Back Reef,331.8760697892867,NaN,False,35.0,19164100104,19164100104_1_BR_2,-16.006999969482422,149.73480276301322,-19.68129391457217
1_BR_3,Back Reef,5642.900992737152,Rock,False,2.2580645161290325,19164100104,19164100104_1_BR_3,-4.053948258531505,149.7462972314465,-19.691398068760726
1_BR_4,Back Reef,11287.719642976765,Rock,False,27.839999999999996,19164100104,19164100104_1_BR_4,-10.92334861492892,149.74797930874155,-19.70318271875753
1_C_1,Crest,72676.77189337648,Rock,False,10.95360824742268,19164100104,19164100104_1_C_1,-1.6177890416694014,149.71192386357478,-19.682640878336098
1_C_2,Crest,94270.80547742313,Rock,False,15.179282868525897,19164100104,19164100104_1_C_2,-1.392287686277347,149.74850460764594,-19.69177044366135
1_P_2,Patch,4313.949662303552,Rock,False,10.416666666666666,19164100104,19164100104_1_P_2,-2.6885581376940704,149.71551565747254,-19.678533637756967
1_SS_1,Sheltered Slope,16924.57851408329,Rock,False,17.853107344632768,19164100104,19164100104_1_SS_1,-7.46637652023339,149.71087437768924,-19.682256404191275
1_SS_2,Sheltered Slope,18588.270850101486,Rock,False,16.53061224489796,19164100104,19164100104_1_SS_2,-4.900160200688061,149.74652662262633,-19.690927061590155
1_S_1,Slope,32515.649754303973,Rock,False,17.951289398280803,19164100104,19164100104_1_S_1,-10.459446545666868,149.72704587042432,-19.665064253256208
1_S_2,Slope,97559.2085154131,Rock,False,14.768563162970104,19164100104,19164100104_1_S_2,-8.535110740507802,149.73240517935253,-19.6727967362375
1_S_3,Slope,78315.36741095502,Rock,False,16.916273584905657,19164100104,19164100104_1_S_3,-7.04859185688139,149.7149949943687,-19.679195054048645
1_S_4,Slope,663.7671948689967,NaN,False,34.99999999999999,19164100104,19164100104_1_S_4,-15.891749620437622,149.73489625075436,-19.6828973427862
1_S_5,Slope,33186.19424311258,Rock,False,28.778089887640448,19164100104,19164100104_1_S_5,-9.191587219702317,149.71141628349056,-19.6837387155058
1_S_6,Slope,89622.08045901544,Rock,False,22.89555325749741,19164100104,19164100104_1_S_6,-8.247305934015474,149.74571458782765,-19.691164908070274
1_S_7,Slope,72366.03369388077,Rock,False,25.412903225806453,19164100104,19164100104_1_S_7,-9.01054451152356,149.75183507352045,-19.694192907018103
1_S_8,Slope,61418.1757020331,Rock,False,24.345509893455095,19164100104,19164100104_1_S_8,-6.904608325958252,149.7472882960304,-19.70299562821308
1_BR_1,Back Reef,11615.716228344478,Rock,False,25.74803149606299,19165100104,19165100104_1_BR_1,-10.717068370590862,149.77772150252397,-19.67163534856535
1_BR_2,Back Reef,5974.604044018313,Rock,False,25.234374999999996,19165100104,19165100104_1_BR_2,-10.510018175298518,149.78919280041754,-19.67864992619391
1_BR_3,Back Reef,2323.6801841943525,NaN,False,34.99999999999999,19165100104,19165100104_1_BR_3,-15.866200141906738,149.79862565999625,-19.68334235689658
1_BR_4,Back Reef,11619.264037431683,Rock,False,34.20168067226891,19165100104,19165100104_1_BR_4,-10.150788960106876,149.78460799276164,-19.691904505685137
1_BR_5,Back Reef,9296.656091198325,Rock,False,24.95,19165100104,19165100104_1_BR_5,-6.867804126641185,149.78057808157962,-19.702435624290572
1_BR_6,Back Reef,4649.39952100208,Rock,False,20.416666666666664,19165100104,19165100104_1_BR_6,-10.38031248251597,149.83359632963578,-19.706738720872202
1_BR_7,Back Reef,2657.2010517236777,NaN,False,35.0,19165100104,19165100104_1_BR_7,-14.548000088444462,149.8355634581677,-19.717122448050628
1_C_1,Crest,95272.67249301728,Rock,False,25.602171767028633,19165100104,19165100104_1_C_1,-1.7399325622019954,149.78719268326245,-19.687325732561163
1_C_2,Crest,77020.68286358565,Hard Substrate,False,51.03532277710109,19165100104,19165100104_1_C_2,-1.2727477358507153,149.7871018236149,-19.69277782186694
1_C_3,Crest,162019.19823031034,Rock,False,35.632183908045974,19165100104,19165100104_1_C_3,-1.4427733754225929,149.78467032286179,-19.69784181536435
1_C_4,Crest,95283.80179934576,Rock,False,27.531956735496557,19165100104,19165100104_1_C_4,-1.5065836813534652,149.77752074962996,-19.697935409643808
1_OF_1,Outer Flat,74368.15563831758,Hard Substrate,False,51.698113207547166,19165100104,19165100104_1_OF_1,-2.0269612802841634,149.78217981544304,-19.697154032220862
1_SS_1,Sheltered Slope,17925.77497553127,Rock,False,23.969849246231156,19165100104,19165100104_1_SS_1,-9.221905378194956,149.78616067204885,-19.68718884680172
1_SS_2,Sheltered Slope,52784.07554784417,Rock,False,28.53097345132743,19165100104,19165100104_1_SS_2,-10.125219585615046,149.7826775312951,-19.69156187811757
1_SS_3,Sheltered Slope,134461.02546785772,Rock,False,34.98606271777003,19165100104,19165100104_1_SS_3,-10.755235056082407,149.78388529993478,-19.697155466177104
1_SS_4,Sheltered Slope,70382.93709484208,Rock,False,33.96941489361702,19165100104,19165100104_1_SS_4,-9.378249246504769,149.77797076974016,-19.696898161493937
1_S_1,Slope,26235.005752855912,NaN,False,35.0,19165100104,19165100104_1_S_1,-14.373218863818778,149.81041665208207,-19.709627258001007
1_S_10,Slope,82661.0281057125,Rock,False,34.802927927927925,19165100104,19165100104_1_S_10,-11.411172064895926,149.78888750757164,-19.68940804924132
1_S_11,Slope,92960.38447205722,Rock,False,27.771084337349393,19165100104,19165100104_1_S_11,-9.879248871044679,149.78830399172355,-19.69588193291447
1_S_12,Slope,56124.58609587932,Rock,False,19.229480737018424,19165100104,19165100104_1_S_12,-11.087137536045343,149.83317844077797,-19.706438649876354
1_S_13,Slope,40836.848050871864,Rock,False,34.39080459770115,19165100104,19165100104_1_S_13,-11.414073490721034,149.7773316058051,-19.69961703319457
1_S_14,Slope,33189.4534092173,Rock,False,31.5,19165100104,19165100104_1_S_14,-13.823673354784647,149.7810111468822,-19.674523103562123
1_S_15,Slope,25895.290217604488,Rock,False,34.49640287769784,19165100104,19165100104_1_S_15,-15.514852480810196,149.8092220538712,-19.688792823665814
1_S_2,Slope,156998.00698350696,Rock,False,26.176293622141998,19165100104,19165100104_1_S_2,-7.598738861480029,149.77410894117628,-19.681544302308932
1_S_3,Slope,137086.72080788948,Rock,False,20.969945355191257,19165100104,19165100104_1_S_3,-9.000319941945019,149.78783663444727,-19.680398052310952
1_S_4,Slope,145363.83226758428,Rock,False,22.448119325551232,19165100104,19165100104_1_S_4,-7.868318013251881,149.77521690166057,-19.67292487027483
1_S_5,Slope,60747.96176305693,Rock,False,34.45820433436533,19165100104,19165100104_1_S_5,-13.642103436897541,149.79819872630833,-19.6838209217454
1_S_6,Slope,27900.530172494706,NaN,False,34.99999999999999,19165100104,19165100104_1_S_6,-13.728791026926752,149.83525533486775,-19.716985619304605
1_S_7,Slope,134801.6184699568,Rock,False,28.102240896358545,19165100104,19165100104_1_S_7,-7.395718177764515,149.78379355881174,-19.701744691924965
1_S_8,Slope,17262.03046415979,Rock,False,33.66492146596859,19165100104,19165100104_1_S_8,-12.174662647477115,149.77708946780066,-19.690009512039488
1_S_9,Slope,30871.3618682269,Rock,False,28.876923076923077,19165100104,19165100104_1_S_9,-11.491389835891077,149.78676989456113,-19.685179204569938
1_BR_1,Back Reef,2654.976352425758,Hard Substrate,False,49.48275862068966,19168100104,19168100104_1_BR_1,-12.125230688315172,149.6068263815492,-19.71083746625928
1_BR_2,Back Reef,5310.259207101539,Rock,False,19.913793103448278,19168100104,19168100104_1_BR_2,-10.785509460377243,149.61458943924094,-19.71310398270801
1_IF_1,Inner Flat,38166.8065664568,Rock,False,31.862745098039216,19168100104,19168100104_1_IF_1,-1.7617023526532842,149.6114331788129,-19.71258283732093
1_OF_1,Outer Flat,79982.61021864507,Rock,False,33.95348837209303,19168100104,19168100104_1_OF_1,-1.7343000011518597,149.6088783697909,-19.711637847509838
1_SS_1,Sheltered Slope,89939.60967942467,Rock,False,20.213987473903966,19168100104,19168100104_1_SS_1,-6.425547201343228,149.6085941006532,-19.712230735189003
1_S_1,Slope,64714.65844540065,Rock,False,19.687953555878085,19168100104,19168100104_1_S_1,-10.253088037735262,149.60785872608332,-19.71015341400164
1_S_2,Slope,70028.05442918418,Rock,False,19.92647058823529,19168100104,19168100104_1_S_2,-9.097536492074848,149.61295625360768,-19.712483684177407
1_BR_1,Back Reef,1659.5197760388255,Rock,False,6.1764705882352935,19169100104,19169100104_1_BR_1,-4.497200020154318,149.61145877235742,-19.716614694415288
1_C_1,Crest,297731.9443670525,Rock,False,8.437990580847723,19169100104,19169100104_1_C_1,-1.449615178030557,149.61287382372464,-19.719669595055247
1_C_2,Crest,171943.54355677543,Rock,False,22.112753147235907,19169100104,19169100104_1_C_2,-1.4566734102420036,149.61367442014028,-19.723297093065245
1_IF_1,Inner Flat,62730.7471888843,Sand,False,15.097159940209268,19169100104,19169100104_1_IF_1,-1.5759072011947632,149.6107409001385,-19.717815585718075
1_SS_1,Sheltered Slope,99240.2022041236,Rock,False,35.625,19169100104,19169100104_1_SS_1,-9.458986612627045,149.60949281990696,-19.717752421581963
1_SS_2,Sheltered Slope,55432.635576245375,Rock,False,39.58402662229617,19169100104,19169100104_1_SS_2,-10.069570921622148,149.61031086333037,-19.722941937753017
1_S_1,Slope,45471.86647945084,Rock,False,26.979166666666668,19169100104,19169100104_1_S_1,-12.728393110735663,149.61509010059177,-19.71735547093729
1_S_2,Slope,57425.74052533088,Rock,False,32.3089430894309,19169100104,19169100104_1_S_2,-9.721343685329723,149.6150558938591,-19.72368952691396
1_BR_1,Back Reef,2986.991783968173,NaN,False,35.0,19170100104,19170100104_1_BR_1,-15.115800031026204,149.67606618193906,-19.69771075752155
1_BR_2,Back Reef,3983.036421751138,NaN,False,34.99999999999999,19170100104,19170100104_1_BR_2,-16.025166670481365,149.6835834691079,-19.702779264262904
1_S_1,Slope,26551.48234872287,NaN,False,35.0,19170100104,19170100104_1_S_1,-15.397529160466176,149.67682913806036,-19.698728461710544
1_S_2,Slope,54767.493035354186,NaN,False,35.0,19170100104,19170100104_1_S_2,-14.972972393976395,149.68430127673474,-19.703579531120152
1_S_3,Slope,9294.946215408854,NaN,False,34.99999999999999,19170100104,19170100104_1_S_3,-17.258353698544386,149.6947760822214,-19.709341939312495
1_BR_1,Back Reef,7636.197148395237,Rock,False,18.8125,19171100104,19171100104_1_BR_1,-9.958533334732056,149.7419086825247,-19.70823606959445
1_P_1,Patch,4980.1787001639605,Rock,False,33.333333333333336,19171100104,19171100104_1_P_1,-1.7364509643292894,149.74320342452353,-19.708653442255155
1_S_1,Slope,39177.3003818742,Rock,False,15.859188544152744,19171100104,19171100104_1_S_1,-4.525325640959617,149.74276010878572,-19.70856388108559
1_BR_1,Back Reef,5644.474188230466,Rock,False,32.33333333333333,19172100104,19172100104_1_BR_1,-5.237622607429072,149.76026450827297,-19.708121720842062
1_C_1,Crest,23906.66957539227,Rock,False,9.862745098039216,19172100104,19172100104_1_C_1,-1.1859079519029567,149.75696225600797,-19.7108745023957
1_OF_1,Outer Flat,39511.90265542315,Rock,False,24.85611510791367,19172100104,19172100104_1_OF_1,-2.084569271100258,149.75908033805672,-19.709456420207612
1_SS_1,Sheltered Slope,21250.35477903858,Rock,False,16.978260869565215,19172100104,19172100104_1_SS_1,-4.444512074120379,149.75714477956788,-19.710770566491675
1_S_1,Slope,90979.26930686831,Rock,False,22.894736842105264,19172100104,19172100104_1_S_1,-7.580931679239262,149.75878271673434,-19.7113254385986
1_BR_1,Back Reef,10293.703920185566,Rock,False,15.787037037037036,19173100104,19173100104_1_BR_1,-9.19829407860251,149.76630383201015,-19.712561302369327
1_S_1,Slope,65414.22677754192,Rock,False,11.466763005780345,19173100104,19173100104_1_S_1,-9.408357472559336,149.76545106970372,-19.71210155841081
1_BR_1,Back Reef,2324.644790327642,NaN,False,35.0,19174100104,19174100104_1_BR_1,-11.867217312688412,149.80493383974294,-19.71163094705079
1_BR_2,Back Reef,6974.906680471264,Rock,False,15.866666666666664,19174100104,19174100104_1_BR_2,-10.415939323829882,149.8126112104626,-19.71986842790452
1_S_1,Slope,8966.476026554126,Rock,False,14.999999999999998,19174100104,19174100104_1_S_1,-9.69076468523811,149.80530956137895,-19.71145869365578
1_S_2,Slope,100305.40148775093,Rock,False,15.154784240150093,19174100104,19174100104_1_S_2,-10.513611066080358,149.8104620229169,-19.720076930173352
1_BR_1,Back Reef,332.07073508482426,Hard Substrate,False,100.0,19177100104,19177100104_1_BR_1,-1.6323333183924358,149.70149483775864,-19.731181480622688
1_C_1,Crest,241419.81337786932,Rock,False,24.50581395348837,19177100104,19177100104_1_C_1,-1.6002365606101314,149.71020647840518,-19.73042655900197
1_C_2,Crest,150085.75167575432,Rock,False,35.74051026757934,19177100104,19177100104_1_C_2,-1.5488593299388886,149.71322647400984,-19.723519097262244
1_C_3,Crest,73045.20360773476,Rock,False,35.65891472868217,19177100104,19177100104_1_C_3,-1.5120558561681077,149.7130342701965,-19.718274705683594
1_C_4,Crest,82022.6358703794,Rock,False,31.45977011494253,19177100104,19177100104_1_C_4,-1.630263483261361,149.70454709127992,-19.73147670720619
1_IF_1,Inner Flat,488415.38874203013,Sand,False,34.2200956937799,19177100104,19177100104_1_IF_1,-1.99012755533758,149.71024764801933,-19.720195056510775
1_IF_2,Inner Flat,121201.37206696719,Hard Substrate,False,61.74652241112828,19177100104,19177100104_1_IF_2,-1.880304348380767,149.70132368769305,-19.728584764181026
1_IF_3,Inner Flat,176987.5041445759,Sand,False,11.95995785036881,19177100104,19177100104_1_IF_3,-1.648927158988983,149.70915996290267,-19.726853275716156
1_OF_1,Outer Flat,19256.68636164069,Rock,False,3.4313725490196076,19177100104,19177100104_1_OF_1,-1.8997447900474072,149.71038430761442,-19.71634584543542
1_OF_2,Outer Flat,32872.31187818386,Hard Substrate,False,85.35211267605634,19177100104,19177100104_1_OF_2,-2.106475459651713,149.70777348979325,-19.72381780491349
1_OF_3,Outer Flat,98289.04087813897,Rock,False,48.82213812677388,19177100104,19177100104_1_OF_3,-1.9926561565874552,149.70296456018673,-19.727984382471476
1_SS_1,Sheltered Slope,80015.74472666113,Rock,False,29.501173708920188,19177100104,19177100104_1_SS_1,-8.27229149773698,149.70715316634204,-19.717908114244874
1_SS_2,Sheltered Slope,25899.474360648077,Hard Substrate,False,66.51459854014598,19177100104,19177100104_1_SS_2,-8.604594595644004,149.70756402884146,-19.724080799739706
1_SS_3,Sheltered Slope,121528.72350022616,Rock,False,38.4270998415214,19177100104,19177100104_1_SS_3,-8.760928438486237,149.70044665921307,-19.7260111666241
1_SS_4,Sheltered Slope,52135.24413565127,Hard Substrate,False,51.20751341681574,19177100104,19177100104_1_SS_4,-7.745292549607402,149.70665593782337,-19.730150423799216
1_S_1,Slope,79021.46335679386,Rock,False,23.154761904761905,19177100104,19177100104_1_S_1,-8.181383131412101,149.71432746262724,-19.71781952036
1_S_2,Slope,25899.589173420332,Rock,False,18.218181818181815,19177100104,19177100104_1_S_2,-8.468859913284213,149.71533049957762,-19.722567482542093
1_S_3,Slope,22912.411063020118,Rock,False,28.11715481171548,19177100104,19177100104_1_S_3,-8.051337704846734,149.71255774359742,-19.727094751234812
1_S_4,Slope,35531.958391836844,Rock,False,24.883419689119172,19177100104,19177100104_1_S_4,-7.827032968893156,149.70312469653823,-19.73158166697384
1_S_5,Slope,35533.073380712885,Rock,False,25.89095744680851,19177100104,19177100104_1_S_5,-10.162321827877527,149.71107020135983,-19.731958250851665
1_BR_1,Back Reef,5977.987132938579,Rock,False,9.754098360655735,19179100104,19179100104_1_BR_1,-8.227421049486127,149.775543823826,-19.722391338110167
1_BR_2,Back Reef,5646.36043620389,Rock,False,32.131147540983605,19179100104,19179100104_1_BR_2,-11.884142926761083,149.7797132686773,-19.727575657296555
1_BR_3,Back Reef,8968.711316002067,Rock,False,32.8125,19179100104,19179100104_1_BR_3,-5.996946814212393,149.78425110412317,-19.734228268933236
1_BR_4,Back Reef,664.3554938160814,Rock,False,30.0,19179100104,19179100104_1_BR_4,-10.053833405176798,149.77518327294615,-19.737040830341115
1_BR_5,Back Reef,5315.37056383444,Rock,False,32.18181818181818,19179100104,19179100104_1_BR_5,-8.76489797903567,149.7868877341396,-19.741442366103033
1_BR_6,Back Reef,6977.295876823366,Rock,False,16.05263157894737,19179100104,19179100104_1_BR_6,-10.239000021521726,149.79677480372044,-19.74813677524749
1_BR_7,Back Reef,19272.073728791904,NaN,False,34.99999999999999,19179100104,19179100104_1_BR_7,-12.916336761237426,149.79680814819582,-19.75353014869983
1_C_1,Crest,58130.24112265231,Rock,False,14.732704402515724,19179100104,19179100104_1_C_1,-1.6393217414358388,149.78203494917489,-19.7343791653491
1_C_2,Crest,78396.77881747158,Rock,False,10.501193317422434,19179100104,19179100104_1_C_2,-1.5742646298032377,149.78473778656146,-19.73741495818426
1_C_3,Crest,61790.34984790534,Rock,False,2.43161094224924,19179100104,19179100104_1_C_3,-1.4508395506072083,149.78060292860172,-19.74193323201839
1_C_4,Crest,97342.24195925193,Rock,False,7.763409961685824,19179100104,19179100104_1_C_4,-1.6077287637589532,149.78267952390127,-19.745757292911446
1_OF_1,Outer Flat,51490.3718705019,Rock,False,38.669064748201436,19179100104,19179100104_1_OF_1,-2.066984343202147,149.77813167655157,-19.740292962265972
1_P_1,Patch,3985.8696550512686,Rock,False,4.651162790697675,19179100104,19179100104_1_P_1,-2.632813952689947,149.77975502177955,-19.731232672416773
1_SS_1,Sheltered Slope,20926.846592621878,Rock,False,34.31506849315068,19179100104,19179100104_1_SS_1,-11.508047860987643,149.7806326780588,-19.734566933684782
1_SS_2,Sheltered Slope,41857.23278120719,Rock,False,30.229885057471265,19179100104,19179100104_1_SS_2,-11.398218479131978,149.7795455910803,-19.7408972024118
1_SS_3,Sheltered Slope,61460.9184858012,Rock,False,29.83606557377049,19179100104,19179100104_1_SS_3,-10.17738234914298,149.78167450810682,-19.74493003696046
1_S_1,Slope,74080.35296117561,Rock,False,29.58808618504436,19179100104,19179100104_1_S_1,-9.19877841245242,149.78148936639755,-19.740149461353983
1_S_10,Slope,42845.02971318457,Rock,False,19.402173913043477,19179100104,19179100104_1_S_10,-9.940443636987993,149.77880106155237,-19.726308562712966
1_S_2,Slope,48172.685747644864,Rock,False,34.40545808966861,19179100104,19179100104_1_S_2,-8.800839589560095,149.78270686617813,-19.745607429824634
1_S_3,Slope,22588.51558696665,Rock,False,24.050632911392405,19179100104,19179100104_1_S_3,-8.25436935768471,149.77592746125717,-19.738232292795292
1_S_4,Slope,64457.10504564643,Rock,False,18.263081395348838,19179100104,19179100104_1_S_4,-9.863894500882607,149.79671774359747,-19.74835182811957
1_S_5,Slope,57799.17372799711,Rock,False,36.80650684931507,19179100104,19179100104_1_S_5,-10.134253177461744,149.7828628492855,-19.735561271885302
1_S_6,Slope,21254.964499760885,Rock,False,7.061403508771929,19179100104,19179100104_1_S_6,-7.791606474805762,149.7750788504287,-19.722159332443187
1_S_7,Slope,94698.46223640349,Rock,False,35.0296442687747,19179100104,19179100104_1_S_7,-12.901804413979884,149.79603102659306,-19.753314998225644
1_S_8,Slope,77069.20968123898,Rock,False,25.0,19179100104,19179100104_1_S_8,-9.113113342261896,149.78594490409526,-19.73824415092316
1_S_9,Slope,66430.9381903382,Rock,False,19.494382022471907,19179100104,19179100104_1_S_9,-5.931445479207321,149.77970699480886,-19.731001763538863
1_BR_1,Back Reef,7969.573004056234,NaN,False,35.0,19180100104,19180100104_1_BR_1,-14.118762481212617,149.68486364156763,-19.73399569820166
1_BR_2,Back Reef,3320.782218097709,NaN,False,35.0,19180100104,19180100104_1_BR_2,-15.569058895111084,149.69683799466105,-19.733899346582476
1_BR_3,Back Reef,30218.868703562766,Rock,False,29.851485148514847,19180100104,19180100104_1_BR_3,-11.129580192598466,149.6776643440979,-19.737856244904442
1_BR_4,Back Reef,15275.541581930593,Rock,False,1.46875,19180100104,19180100104_1_BR_4,-8.28444371949758,149.6697675605645,-19.740062876150713
1_BR_5,Back Reef,17601.80569909187,Rock,False,38.776041666666664,19180100104,19180100104_1_BR_5,-10.33618782633576,149.68640679179668,-19.743150456218274
1_BR_6,Back Reef,22915.372396385763,Rock,False,39.049586776859506,19180100104,19180100104_1_BR_6,-10.204941174023832,149.6779335302216,-19.744580077787724
1_BR_7,Back Reef,37861.274942340795,Rock,False,35.86034912718204,19180100104,19180100104_1_BR_7,-13.554645135518044,149.68219681343695,-19.74564458551856
1_C_1,Crest,49481.40927096363,Rock,False,9.81132075471698,19180100104,19180100104_1_C_1,-1.6923333301622199,149.69704132495744,-19.736398736286997
1_C_2,Crest,47494.55994452443,Rock,False,15.94488188976378,19180100104,19180100104_1_C_2,-1.4627267006090132,149.69501303700193,-19.745491076339395
1_C_3,Crest,67088.31875420595,Rock,False,20.608575380359614,19180100104,19180100104_1_C_3,-1.5974187760345981,149.676855434009,-19.747769017357477
1_C_4,Crest,177697.26610863348,Rock,False,11.105235325224749,19180100104,19180100104_1_C_4,-1.5649809195805344,149.69151686500848,-19.74948807240709
1_C_5,Crest,29892.777350907214,Rock,False,17.46031746031746,19180100104,19180100104_1_C_5,-1.4973593243097856,149.6861028865855,-19.75024247401935
1_IF_1,Inner Flat,170691.24868468707,Hard Substrate,False,44.48087431693989,19180100104,19180100104_1_IF_1,-1.9284885764191846,149.6937983126084,-19.735900631265306
1_IF_2,Inner Flat,249404.5369863822,Sand,False,17.85983421250942,19180100104,19180100104_1_IF_2,-1.8833270532095838,149.67340484806783,-19.74343792909139
1_IF_3,Inner Flat,188288.91717584291,Sand,False,27.81655034895314,19180100104,19180100104_1_IF_3,-1.856916798845927,149.673127308405,-19.73974502492643
1_IF_4,Inner Flat,227172.9949370874,Sand,False,21.97938144329897,19180100104,19180100104_1_IF_4,-1.8323619545739636,149.69169096981727,-19.745082310924207
1_IF_5,Inner Flat,38850.950339914765,Sand,False,13.559322033898304,19180100104,19180100104_1_IF_5,-1.8922635668007903,149.6795061398103,-19.733940874770376
1_IF_6,Inner Flat,26903.391860183794,Hard Substrate,False,54.91525423728814,19180100104,19180100104_1_IF_6,-1.6302647091010039,149.68763780275046,-19.749589826696866
1_OF_1,Outer Flat,38524.98790109996,Hard Substrate,False,68.4863523573201,19180100104,19180100104_1_OF_1,-1.9252030849456787,149.67596645573252,-19.746156200266395
1_OF_2,Outer Flat,124196.39624434244,Rock,False,44.746787603930464,19180100104,19180100104_1_OF_2,-2.12351524896836,149.69223036253717,-19.734494935133988
1_OF_3,Outer Flat,103958.40315416688,Hard Substrate,False,66.48599819331527,19180100104,19180100104_1_OF_3,-2.136063097995736,149.68695862782377,-19.748632423899487
1_OF_4,Outer Flat,56129.82788282586,Rock,False,28.47682119205298,19180100104,19180100104_1_OF_4,-1.9340500923303456,149.68074904937038,-19.74874108907922
1_OF_5,Outer Flat,116884.43502721842,Rock,False,26.987951807228917,19180100104,19180100104_1_OF_5,-2.4129297930287987,149.67967211370322,-19.733608978026865
1_OF_6,Outer Flat,34869.56344224606,Rock,False,38.97849462365591,19180100104,19180100104_1_OF_6,-2.355207492020357,149.6880077650732,-19.738774802811996
1_OF_7,Outer Flat,39851.29353186255,Rock,False,30.33175355450237,19180100104,19180100104_1_OF_7,-2.614154221703164,149.67625931182343,-19.742222696641814
1_P_1,Patch,5645.609824172687,Rock,False,28.548387096774192,19180100104,19180100104_1_P_1,-2.1835636138916015,149.6931742097733,-19.73833252876583
1_SS_1,Sheltered Slope,245069.8504952658,Rock,False,21.685135651509363,19180100104,19180100104_1_SS_1,-8.873643574787446,149.66982939224016,-19.73917805997631
1_SS_10,Sheltered Slope,17601.426960070152,Rock,False,37.3469387755102,19180100104,19180100104_1_SS_10,-3.8195251173147278,149.6713123978599,-19.745193234777005
1_SS_11,Sheltered Slope,213536.76271517202,Rock,False,36.516878562034194,19180100104,19180100104_1_SS_11,-11.412289802634909,149.68843117340748,-19.739414160519207
1_SS_2,Sheltered Slope,250704.26498774718,Rock,False,25.32282003710575,19180100104,19180100104_1_SS_2,-10.724457165353101,149.67970680324308,-19.733725380480664
1_SS_3,Sheltered Slope,306209.46040031314,Rock,False,33.845332519829164,19180100104,19180100104_1_SS_3,-8.82914458005142,149.68565094055583,-19.74437745983216
1_SS_4,Sheltered Slope,194610.59546057926,Rock,False,31.361895643848733,19180100104,19180100104_1_SS_4,-8.937877174165623,149.67774568954775,-19.74314174643825
1_SS_5,Sheltered Slope,151093.9852760993,Rock,False,31.68831168831169,19180100104,19180100104_1_SS_5,-10.665609349534662,149.67770829989666,-19.737675880792672
1_SS_6,Sheltered Slope,172344.92534683505,Rock,False,31.30010834236186,19180100104,19180100104_1_SS_6,-12.011623563456702,149.68779235422534,-19.734513286948165
1_SS_7,Sheltered Slope,115247.09470627736,Rock,False,29.013854930725348,19180100104,19180100104_1_SS_7,-9.903905092898476,149.68117483414792,-19.747564496032645
1_SS_8,Sheltered Slope,207561.54755599145,Rock,False,32.67825311942959,19180100104,19180100104_1_SS_8,-8.324129589787322,149.69243760116711,-19.739324813830464
1_SS_9,Sheltered Slope,41508.420836561825,Rock,False,26.327231121281464,19180100104,19180100104_1_SS_9,-8.979188598710905,149.693037943992,-19.732452117484108
1_S_1,Slope,44499.368412336335,Rock,False,22.11864406779661,19180100104,19180100104_1_S_1,-10.025452924416204,149.69686209236232,-19.73532578273674
1_S_2,Slope,1660.3971500210464,NaN,False,35.0,19180100104,19180100104_1_S_2,-18.478000005086262,149.68603025807266,-19.73672564145351
1_S_3,Slope,332.0666727460921,NaN,False,34.99999999999999,19180100104,19180100104_1_S_3,-18.256000518798828,149.67538898881537,-19.73648817574241
1_S_4,Slope,105609.68775128713,Rock,False,29.288224956063267,19180100104,19180100104_1_S_4,-9.611943837562341,149.6931788799986,-19.740763217837703
1_S_5,Slope,35537.22040883778,Rock,False,28.30708661417323,19180100104,19180100104_1_S_5,-12.379488998572732,149.68142020247592,-19.747368323383714
1_S_6,Slope,16273.04771057982,Rock,False,34.30555555555556,19180100104,19180100104_1_S_6,-12.854356213659049,149.67108206178372,-19.74538235302681
1_S_7,Slope,68420.8608841924,Rock,False,29.468965517241376,19180100104,19180100104_1_S_7,-10.010970500190702,149.69444942530134,-19.747857332557725
1_S_8,Slope,22252.009403202217,Rock,False,33.170212765957444,19180100104,19180100104_1_S_8,-9.617279802987335,149.67540851283727,-19.747929894174245
1_S_9,Slope,43511.29550742684,Rock,False,35.913978494623656,19180100104,19180100104_1_S_9,-10.754197645187379,149.68730386287916,-19.751109782247244
1_BR_1,Back Reef,4650.322262397967,NaN,False,34.99999999999999,19182100104,19182100104_1_BR_1,-13.639704552563755,149.72459630122853,-19.746313148966337
1_BR_2,Back Reef,4982.850665519014,Rock,False,21.38888888888889,19182100104,19182100104_1_BR_2,-11.379200000762939,149.73202819518963,-19.74979742788922
1_BR_3,Back Reef,9302.388304571155,Rock,False,32.52525252525252,19182100104,19182100104_1_BR_3,-13.648880403974783,149.7294442356464,-19.758657921334088
1_BR_4,Back Reef,20268.22435309412,Rock,False,32.52358490566037,19182100104,19182100104_1_BR_4,-12.1397499851152,149.73982370216422,-19.764411020153794
1_C_1,Crest,61793.895205752924,Rock,False,15.105740181268882,19182100104,19182100104_1_C_1,-1.5095970885267536,149.73779328836576,-19.756064134634524
1_C_2,Crest,134894.17776261223,Rock,False,11.02635228848821,19182100104,19182100104_1_C_2,-1.5431650683734026,149.7349260519834,-19.762462793688417
1_OF_1,Outer Flat,61133.364420458674,Rock,False,44.15384615384615,19182100104,19182100104_1_OF_1,-1.8598229523564949,149.73240079701282,-19.761946602983823
1_SS_1,Sheltered Slope,15946.802963369526,Rock,False,10.795454545454545,19182100104,19182100104_1_SS_1,-1.743086946676977,149.73611534880513,-19.75641895963481
1_SS_2,Sheltered Slope,150505.37779091392,Rock,False,23.668108776266997,19182100104,19182100104_1_SS_2,-9.25674795966005,149.73288058600292,-19.760730394423426
1_S_1,Slope,56812.82998083765,Rock,False,34.080944350758855,19182100104,19182100104_1_S_1,-11.783513255643122,149.73012168020944,-19.760798991203888
1_S_2,Slope,149169.2963000741,Rock,False,27.903717245581962,19182100104,19182100104_1_S_2,-10.652925043615676,149.7373382574777,-19.756249502719534
1_S_3,Slope,154167.88128963625,Rock,False,25.846480582524272,19182100104,19182100104_1_S_3,-12.236505712815944,149.73900619994487,-19.76295448963001
1_S_4,Slope,93697.47791540017,Rock,False,20.862412761714854,19182100104,19182100104_1_S_4,-9.155637872025773,149.735093141444,-19.764349772978974
1_S_5,Slope,12622.231747145299,NaN,False,35.0,19182100104,19182100104_1_S_5,-15.897123843167735,149.72426077012386,-19.745986155238196
1_S_6,Slope,46507.24642081745,Rock,False,34.72,19182100104,19182100104_1_S_6,-14.567342046887179,149.73158776944902,-19.7508906551256
1_S_7,Slope,33221.0154978456,NaN,False,35.0,19182100104,19182100104_1_S_7,-15.818466445508475,149.72323508052406,-19.756222333802874
1_S_8,Slope,76398.69889834197,Rock,False,21.443361753958587,19182100104,19182100104_1_S_8,-11.516087413485584,149.71602629809385,-19.748848843366957
1_C_1,Crest,57482.885270535946,Rock,False,8.26580226904376,19186100104,19186100104_1_C_1,-1.4779671849570333,149.72531760005282,-19.7689168181401
1_SS_1,Sheltered Slope,8306.663543667179,Rock,False,14.606741573033707,19186100104,19186100104_1_SS_1,-1.6595185148863145,149.7247528983075,-19.768080964362063
1_S_1,Slope,66121.2544730613,Rock,False,22.01908957415565,19186100104,19186100104_1_S_1,-9.560979445901099,149.72488141128503,-19.76828220598878
1_BR_1,Back Reef,20272.871499045286,Hard Substrate,False,48.55450236966825,19188100104,19188100104_1_BR_1,-9.757116526075936,149.76236732965668,-19.77563870497028
1_BR_2,Back Reef,17946.544290371705,Hard Substrate,False,40.23560209424083,19188100104,19188100104_1_BR_2,-10.772239109744197,149.75702938898297,-19.777161034867067
1_BR_3,Back Reef,17947.634608757216,Sand,False,31.536458333333332,19188100104,19188100104_1_BR_3,-7.100392025302757,149.76670066981765,-19.77927685490222
1_BR_4,Back Reef,20939.75900211651,Sand,False,30.045045045045047,19188100104,19188100104_1_BR_4,-9.781488375885543,149.75696164374887,-19.784488415286326
1_BR_5,Back Reef,27256.601163580082,Rubble,True,29.880546075085324,19188100104,19188100104_1_BR_5,-10.055477439460898,149.76454964552778,-19.787147642751602
1_BR_6,Back Reef,3324.151296450291,Rock,False,14.545454545454545,19188100104,19188100104_1_BR_6,-3.9822580660543134,149.75618847747444,-19.79291567097774
1_C_1,Crest,97398.0999366045,Rock,False,19.44980694980695,19188100104,19188100104_1_C_1,-1.4896981526449231,149.76766210753186,-19.79057482892482
1_C_2,Crest,133952.5420323126,Rock,False,20.27777777777778,19188100104,19188100104_1_C_2,-1.4219925187377673,149.7727099438505,-19.783259680197755
1_C_3,Crest,129977.12988457503,Rock,False,16.309869375907112,19188100104,19188100104_1_C_3,-1.5328009218366947,149.75806555701752,-19.79403765817273
1_C_4,Crest,114000.05512177153,Rock,False,16.695473251028808,19188100104,19188100104_1_C_4,-1.5208687673820702,149.7685952524828,-19.778415876448186
1_C_5,Crest,76786.58004509564,Rock,False,6.825876662636034,19188100104,19188100104_1_C_5,-1.38602864726757,149.7716126222243,-19.788070614326678
1_IF_1,Inner Flat,152235.41527733766,Hard Substrate,False,42.01667696108709,19188100104,19188100104_1_IF_1,-2.347373680848824,149.75836805838838,-19.787328430322994
1_IF_2,Inner Flat,138282.1258693938,Sand,False,22.99062290689886,19188100104,19188100104_1_IF_2,-1.693880399039568,149.75665372240528,-19.791466685535855
1_OF_1,Outer Flat,89746.27398471162,Hard Substrate,False,63.009404388714735,19188100104,19188100104_1_OF_1,-1.5721813108817622,149.77100585427104,-19.784778055411074
1_OF_2,Outer Flat,86426.4636401278,Hard Substrate,False,54.989177489177486,19188100104,19188100104_1_OF_2,-2.0405516076252,149.76874974780716,-19.788747809626546
1_OF_3,Outer Flat,109027.78769832198,Rock,False,41.16148531951641,19188100104,19188100104_1_OF_3,-1.9102497707237809,149.75783616695796,-19.78963493520266
1_P_1,Patch,3987.979004327208,Rock,False,4.651162790697675,19188100104,19188100104_1_P_1,-1.3971707326609915,149.7592146921238,-19.774082558564
1_SS_1,Sheltered Slope,27584.36926212348,Rock,False,19.130434782608695,19188100104,19188100104_1_SS_1,-4.923373622990353,149.76112824109578,-19.77585168575817
1_SS_2,Sheltered Slope,28584.56992170913,Sand,False,5.144230769230769,19188100104,19188100104_1_SS_2,-4.930107636584176,149.77014392081625,-19.781750284815676
1_SS_3,Sheltered Slope,178490.13396966085,Sand,False,21.8503937007874,19188100104,19188100104_1_SS_3,-9.123823791240602,149.7591229692863,-19.785443569709084
1_SS_4,Sheltered Slope,112351.62033761945,Rock,False,23.824267782426777,19188100104,19188100104_1_SS_4,-9.223712130770114,149.76513732967314,-19.787806621299598
1_SS_5,Sheltered Slope,63821.396797591355,Rock,False,25.829662261380324,19188100104,19188100104_1_SS_5,-8.327142176658244,149.75596243388185,-19.790359992929417
1_S_1,Slope,292784.473562249,Rock,False,26.358161648177493,19188100104,19188100104_1_S_1,-10.214442999899997,149.7586518309605,-19.774301942423474
1_S_2,Slope,68795.46471440699,Rock,False,35.02038043478261,19188100104,19188100104_1_S_2,-13.36575986909657,149.7554509377898,-19.777926554578336
1_S_3,Slope,83086.04858177854,Hard Substrate,False,31.2004530011325,19188100104,19188100104_1_S_3,-7.86704674956324,149.7649087600354,-19.77548642850419
1_S_4,Slope,64145.79971825192,Rock,False,14.068413391557497,19188100104,19188100104_1_S_4,-6.60812889807713,149.76908108709114,-19.778297837317233
1_S_5,Slope,50194.475964199286,Rock,False,18.555758683729433,19188100104,19188100104_1_S_5,-8.256500002826273,149.7545051808885,-19.79301076954485
1_S_6,Slope,25263.85825196188,Rock,False,30.0,19188100104,19188100104_1_S_6,-8.207750023901463,149.7659923725521,-19.791499922546542
1_S_7,Slope,54508.696098716464,Rock,False,34.7008547008547,19188100104,19188100104_1_S_7,-13.693908248691384,149.75551664750049,-19.783302609428578
1_S_8,Slope,25596.886003003456,Rock,False,23.509090909090904,19188100104,19188100104_1_S_8,-9.721346771044116,149.76032300780463,-19.79454237103627
1_S_9,Slope,17948.800790711306,Rock,False,21.0880829015544,19188100104,19188100104_1_S_9,-5.123615374931922,149.77328880970538,-19.782421822240536
1_C_1,Crest,65514.98841463355,Rock,False,15.340909090909092,19194100104,19194100104_1_C_1,-1.4611249994940874,149.77880400126136,-19.819823376892902
1_C_2,Crest,130041.87450863281,Rock,False,27.81791907514451,19194100104,19194100104_1_C_2,-1.1857163724672053,149.7795169228618,-19.82498761913204
1_C_3,Crest,111088.33166532684,Rock,False,46.80672268907563,19194100104,19194100104_1_C_3,-1.3543131772146328,149.77585230897563,-19.828427960473753
1_IF_1,Inner Flat,34255.677117212676,Rock,False,33.24324324324324,19194100104,19194100104_1_IF_1,-1.6437768068866454,149.77499422122634,-19.824191618062617
1_OF_1,Outer Flat,284359.68056836585,Hard Substrate,False,55.05100361961171,19194100104,19194100104_1_OF_1,-1.1798695180132615,149.77684796292732,-19.82485211230729
1_OF_3,Outer Flat,70170.96478636516,Rock,False,37.46666666666667,19194100104,19194100104_1_OF_3,-1.699392352495923,149.77724541357517,-19.820279021121046
1_SS_1,Sheltered Slope,32591.018787338864,Rock,False,35.43785310734463,19194100104,19194100104_1_SS_1,-11.373777048602985,149.77546785001866,-19.820173620871728
1_SS_2,Sheltered Slope,55541.07060785638,Hard Substrate,False,50.83191850594227,19194100104,19194100104_1_SS_2,-9.714560536032948,149.77348325201427,-19.824951874470713
1_S_1,Slope,85133.18559498293,Rock,False,20.07760532150776,19194100104,19194100104_1_S_1,-10.096221040226652,149.77771620203544,-19.817494164593025
1_S_2,Slope,28268.819482879713,Rock,False,33.08724832214765,19194100104,19194100104_1_S_2,-9.692496353257312,149.78049487558795,-19.821809714735032
1_S_3,Slope,30931.281007665675,Hard Substrate,False,44.166666666666664,19194100104,19194100104_1_S_3,-9.675900986400276,149.7805437756144,-19.8261618084152
1_C_1,Crest,71988.88355281763,Rock,False,40.49159120310479,19252100104,19252100104_1_C_1,-1.588771905620506,149.70841991758655,-19.659451482528375
1_SS_1,Sheltered Slope,16255.497407349292,Rock,False,18.957055214723926,19252100104,19252100104_1_SS_1,-6.1155345994721415,149.70756083434588,-19.659402755557664
1_S_1,Slope,57391.93642709078,Rock,False,28.827993254637438,19252100104,19252100104_1_S_1,-8.194875003441291,149.70891375560402,-19.659182503723265
1_BR_1,Back Reef,15940.68399106199,Rock,False,11.965317919075144,19257100104,19257100104_1_BR_1,-6.458763982938684,149.76402950328523,-19.72230278903302
1_BR_2,Back Reef,5314.28062002128,Rock,False,11.271186440677965,19257100104,19257100104_1_BR_2,-8.937754748002538,149.76666705994805,-19.731406166818363
1_C_1,Crest,43503.1478158948,Rock,False,6.400862068965517,19257100104,19257100104_1_C_1,-1.5336751737340144,149.76234680529043,-19.71999582432679
1_P_1,Patch,3984.995351348538,Rock,False,13.333333333333334,19257100104,19257100104_1_P_1,-1.4272749930620194,149.76855375726836,-19.718083885520265
1_SS_1,Sheltered Slope,2656.6352311358787,Rock,False,30.2,19257100104,19257100104_1_SS_1,-3.6751481471238314,149.76186161092323,-19.71887645196376
1_S_2,Slope,26571.631438443437,Rock,False,6.14695340501792,19257100104,19257100104_1_S_2,-8.29140836591939,149.7664611155629,-19.73207408734372
