"","siteref","x","y","site_id","habitat","area","rubble","k","Reef","reef_siteid","long","lat"
"1","L_1",35,86,"1_BR_1","Back Reef",4964.37915948499,FALSE,3.92156862745098,19139100104,"19139100104_1_BR_1",149.585795203603,-19.5195761391275
"2","L_2",37,86,"1_C_1","Crest",166465.781345947,FALSE,38.2022471910112,19139100104,"19139100104_1_C_1",149.58958732736,-19.5159481399371
"3","L_2",37,86,"1_S_1","Slope",127412.34151084,FALSE,21.5209404849375,19139100104,"19139100104_1_S_1",149.591438539611,-19.5144919918553
"4","L_3",36,86,"1_C_2","Crest",76781.4863735135,FALSE,58.2324455205811,19139100104,"19139100104_1_C_2",149.586500439511,-19.5185673435216
"5","L_3",36,86,"1_S_3","Slope",141650.754664325,FALSE,16.5338645418327,19139100104,"19139100104_1_S_3",149.589710997238,-19.5188728046793
"6","L_4",36,87,"1_OF_1","Outer Flat",74463.4720723587,FALSE,31.25,19139100104,"19139100104_1_OF_1",149.585592288371,-19.5175196212324
"7","L_4",36,87,"1_S_2","Slope",202539.210183734,FALSE,19.349235757295,19139100104,"19139100104_1_S_2",149.584639491548,-19.5172473859724
"8","L_5",32,81,"1_BR_1","Back Reef",19533.9284674972,FALSE,28.952380952381,19141100104,"19141100104_1_BR_1",149.593955967449,-19.5443468974801
"9","L_6",31,74,"1_BR_10","Back Reef",48021.782132979,FALSE,41.4257425742574,19141100104,"19141100104_1_BR_10",149.611672135981,-19.561779872654
"10","L_6",31,74,"1_OF_7","Outer Flat",117901.541568419,FALSE,67.7979479084452,19141100104,"19141100104_1_OF_7",149.612071949908,-19.5615558364327
"11","L_7",27,80,"1_BR_11","Back Reef",22186.6496764487,FALSE,18.7768240343348,19141100104,"19141100104_1_BR_11",149.583357163381,-19.5598447869409
"12","L_8",25,80,"1_BR_12","Back Reef",18545.2782238652,FALSE,6.53266331658291,19141100104,"19141100104_1_BR_12",149.581933735045,-19.5648273245397
"13","L_9",29,75,"1_BR_13","Back Reef",8280.05750220641,FALSE,7.95454545454545,19141100104,"19141100104_1_BR_13",149.606258054086,-19.5668434252969
"14","L_10",29,81,"1_BR_2","Back Reef",24170.5132360924,FALSE,16.25,19141100104,"19141100104_1_BR_2",149.587434557685,-19.5500615269158
"15","L_10",29,81,"1_P_1","Patch",1986.64721287601,FALSE,13.6363636363636,19141100104,"19141100104_1_P_1",149.587777723479,-19.5510384645776
"16","L_10",29,81,"1_SS_5","Sheltered Slope",89400.2841825541,FALSE,26.2067156348374,19141100104,"19141100104_1_SS_5",149.585781807464,-19.552437050634
"17","L_11",31,79,"1_BR_3","Back Reef",10264.5886282413,FALSE,39.7297297297297,19141100104,"19141100104_1_BR_3",149.599060798717,-19.5500269442261
"18","L_12",30,79,"1_BR_4","Back Reef",46027.2240692191,FALSE,27.9218106995885,19141100104,"19141100104_1_BR_4",149.595572036001,-19.5541476596768
"19","L_12",30,79,"1_SS_1","Sheltered Slope",150331.75556724,FALSE,34.7863777089783,19141100104,"19141100104_1_SS_1",149.594496030458,-19.5535714746096
"20","L_13",28,81,"1_BR_5","Back Reef",10264.6833334006,FALSE,21.4485981308411,19141100104,"19141100104_1_BR_5",149.58374430953,-19.5543526738173
"21","L_13",28,81,"1_S_8","Slope",58275.6109817955,FALSE,21.7800632911392,19141100104,"19141100104_1_S_8",149.583593185678,-19.552804643338
"22","L_14",32,76,"1_BR_6","Back Reef",14570.761443458,FALSE,45.2229299363057,19141100104,"19141100104_1_BR_6",149.608580754569,-19.5558675547541
"23","L_14",32,76,"1_OF_4","Outer Flat",188759.614714454,FALSE,75.1494023904382,19141100104,"19141100104_1_OF_4",149.608500379296,-19.5566485247841
"24","L_15",30,77,"1_BR_7","Back Reef",44043.3115111389,FALSE,29.4218415417559,19141100104,"19141100104_1_BR_7",149.600633473649,-19.5575649344359
"25","L_16",28,79,"1_BR_8","Back Reef",24504.8102529678,FALSE,29.7692307692308,19141100104,"19141100104_1_BR_8",149.58945540121,-19.5588231157901
"26","L_16",28,79,"1_SS_3","Sheltered Slope",133449.21851303,FALSE,33.633169360506,19141100104,"19141100104_1_SS_3",149.589349736509,-19.5574367016742
"27","L_17",29,78,"1_BR_9","Back Reef",14239.8003297988,FALSE,38.0194805194805,19141100104,"19141100104_1_BR_9",149.596794383562,-19.5596478196787
"28","L_17",29,78,"1_SS_6","Sheltered Slope",216241.392560785,FALSE,32.0367965367965,19141100104,"19141100104_1_SS_6",149.59580763516,-19.558283532172
"29","L_18",27,75,"1_C_1","Crest",94728.2890960434,FALSE,31.6518298714144,19141100104,"19141100104_1_C_1",149.598503644344,-19.5720220010405
"30","L_18",27,75,"1_IF_10","Inner Flat",50013.2097356138,FALSE,56.6355140186916,19141100104,"19141100104_1_IF_10",149.599058720364,-19.5709279193378
"31","L_18",27,75,"1_S_10","Slope",28485.2729130071,FALSE,28.4818481848185,19141100104,"19141100104_1_S_10",149.60030597457,-19.5729430262763
"32","L_19",25,77,"1_C_10","Crest",47692.4065823997,FALSE,52.2,19141100104,"19141100104_1_C_10",149.588295496735,-19.5700701419869
"33","L_20",29,73,"1_C_11","Crest",44051.8936554906,FALSE,31.5565031982942,19141100104,"19141100104_1_C_11",149.610140586065,-19.5691197272214
"34","L_20",29,73,"1_S_1","Slope",57301.1012553163,FALSE,28.5209003215434,19141100104,"19141100104_1_S_1",149.610909166755,-19.5695780524723
"35","L_21",26,76,"1_C_12","Crest",64916.8555516424,FALSE,32.6589595375723,19141100104,"19141100104_1_C_12",149.593068129475,-19.5713213057038
"36","L_21",26,76,"1_IF_4","Inner Flat",160633.117065336,FALSE,37.5073142188414,19141100104,"19141100104_1_IF_4",149.593924447378,-19.5697989251063
"37","L_21",26,76,"1_S_4","Slope",43389.1725857733,FALSE,26.1422413793103,19141100104,"19141100104_1_S_4",149.594225243809,-19.5724609431566
"38","L_22",33,79,"1_C_2","Crest",106943.023207932,FALSE,55.2838427947598,19141100104,"19141100104_1_C_2",149.60003499112,-19.5449084739035
"39","L_22",33,79,"1_S_3","Slope",117538.860894306,FALSE,19.2777334397446,19141100104,"19141100104_1_S_3",149.602868538685,-19.544751575778
"40","L_23",28,74,"1_C_3","Crest",57963.9662621501,FALSE,31.0789049919485,19141100104,"19141100104_1_C_3",149.603992569844,-19.571751850334
"41","L_23",28,74,"1_S_2","Slope",36766.0437754346,FALSE,36.0641025641026,19141100104,"19141100104_1_S_2",149.605555691304,-19.5720115016076
"42","L_24",32,77,"1_C_4","Crest",138414.286491261,FALSE,25.4076086956522,19141100104,"19141100104_1_C_4",149.607938522549,-19.5519498077843
"43","L_25",32,80,"1_C_5","Crest",103627.562974264,FALSE,33.9673913043478,19141100104,"19141100104_1_C_5",149.595810113918,-19.5428204148014
"44","L_26",33,78,"1_C_6","Crest",117875.026965514,FALSE,15.146708961142,19141100104,"19141100104_1_C_6",149.604222242441,-19.5474775236021
"45","L_27",31,73,"1_C_7","Crest",140099.243835621,FALSE,13.9316811788346,19141100104,"19141100104_1_C_7",149.616706625093,-19.564688694374
"46","L_27",31,73,"1_OF_1","Outer Flat",112278.85815991,FALSE,37.4058577405858,19141100104,"19141100104_1_OF_1",149.614565833719,-19.5656678542411
"47","L_28",32,74,"1_C_8","Crest",112931.806088981,FALSE,27.8666114333057,19141100104,"19141100104_1_C_8",149.614746478982,-19.5596771870019
"48","L_28",32,74,"1_S_12","Slope",104319.457486705,FALSE,13.5913591359136,19141100104,"19141100104_1_S_12",149.615644225888,-19.5582983966143
"49","L_29",32,75,"1_C_9","Crest",72854.7029357613,FALSE,22.3225806451613,19141100104,"19141100104_1_C_9",149.611508434871,-19.5560416395512
"50","L_30",28,75,"1_IF_1","Inner Flat",145071.11625927,FALSE,48.6765655261459,19141100104,"19141100104_1_IF_1",149.602929273461,-19.5698475375703
"51","L_31",28,78,"1_IF_2","Inner Flat",107625.714384594,FALSE,47.3821989528796,19141100104,"19141100104_1_IF_2",149.592207047814,-19.5602960973462
"52","L_31",28,78,"1_OF_10","Outer Flat",38083.4692112436,FALSE,39.6551724137931,19141100104,"19141100104_1_OF_10",149.594530026415,-19.5607160146893
"53","L_32",31,78,"1_IF_3","Inner Flat",197679.906595395,FALSE,57.8784295175024,19141100104,"19141100104_1_IF_3",149.60061189755,-19.5510164844031
"54","L_32",31,78,"1_P_2","Patch",662.270053399727,FALSE,35,19141100104,"19141100104_1_P_2",149.600837648863,-19.5537266813856
"55","L_33",31,76,"1_IF_5","Inner Flat",137764.028888041,FALSE,50.4189373297003,19141100104,"19141100104_1_IF_5",149.606321707223,-19.5585212701288
"56","L_34",26,78,"1_IF_6","Inner Flat",286805.238813085,FALSE,41.6558018252934,19141100104,"19141100104_1_IF_6",149.587921331773,-19.5672898241741
"57","L_35",30,74,"1_IF_7","Inner Flat",225881.140407546,FALSE,46.5775290215589,19141100104,"19141100104_1_IF_7",149.610410834094,-19.5662200766469
"58","L_36",31,77,"1_IF_8","Inner Flat",152654.909595485,FALSE,58.9244007375538,19141100104,"19141100104_1_IF_8",149.603923215757,-19.5537607963584
"59","L_36",31,77,"1_SS_2","Sheltered Slope",146699.739523391,FALSE,35.6969309462916,19141100104,"19141100104_1_SS_2",149.602502189376,-19.5566757450219
"60","L_37",27,79,"1_IF_9","Inner Flat",160613.796423968,FALSE,59.3438781487991,19141100104,"19141100104_1_IF_9",149.587670015007,-19.5627611305055
"61","L_38",30,75,"1_OF_11","Outer Flat",59613.050267437,FALSE,73.9268680445151,19141100104,"19141100104_1_OF_11",149.606644815554,-19.5627469002413
"62","L_38",30,75,"1_SS_7","Sheltered Slope",18546.1620123507,FALSE,41.375,19141100104,"19141100104_1_SS_7",149.60800312353,-19.5619614607943
"63","L_39",26,80,"1_OF_12","Outer Flat",31790.47290423,FALSE,8.30860534124629,19141100104,"19141100104_1_OF_12",149.583095943038,-19.5613503275953
"64","L_39",26,80,"1_SS_4","Sheltered Slope",128816.273027224,FALSE,24.8663294797688,19141100104,"19141100104_1_SS_4",149.582278597438,-19.5607912186185
"65","L_40",29,74,"1_OF_2","Outer Flat",86116.1380917244,FALSE,30.9705561613959,19141100104,"19141100104_1_OF_2",149.606973572449,-19.5695921450843
"66","L_41",32,79,"1_OF_3","Outer Flat",121845.260044056,FALSE,76.2830482115086,19141100104,"19141100104_1_OF_3",149.599010392983,-19.546930429988
"67","L_42",32,78,"1_OF_5","Outer Flat",175825.122676243,FALSE,45.5167820990943,19141100104,"19141100104_1_OF_5",149.603732336636,-19.549978484143
"68","L_43",25,79,"1_OF_6","Outer Flat",108957.545618331,FALSE,42.6850258175559,19141100104,"19141100104_1_OF_6",149.58368503758,-19.5670365715781
"69","L_43",25,79,"1_SS_8","Sheltered Slope",4967.68817213178,FALSE,2.14285714285714,19141100104,"19141100104_1_SS_8",149.58251383301,-19.5675884056331
"70","L_43",25,79,"1_S_15","Slope",42390.1939176908,FALSE,22.9295154185022,19141100104,"19141100104_1_S_15",149.581581824197,-19.5665646044948
"71","L_44",31,81,"1_OF_8","Outer Flat",27148.5399397584,FALSE,24.9146757679181,19141100104,"19141100104_1_OF_8",149.592243890694,-19.5439482706494
"72","L_44",31,81,"1_SS_9","Sheltered Slope",662.160829480737,FALSE,35,19141100104,"19141100104_1_SS_9",149.590378531335,-19.5445337829598
"73","L_44",31,81,"1_S_13","Slope",47012.4710485893,FALSE,23.6418511066398,19141100104,"19141100104_1_S_13",149.591465163595,-19.5428468801406
"74","L_45",29,77,"1_OF_9","Outer Flat",83783.7712785802,FALSE,40.6911928651059,19141100104,"19141100104_1_OF_9",149.59964337719,-19.5596087743581
"75","L_46",30,82,"1_S_11","Slope",69195.9914352349,FALSE,31.2106703146375,19141100104,"19141100104_1_S_11",149.585783944518,-19.5458275641744
"76","L_47",29,79,"1_S_14","Slope",1324.51976507343,FALSE,35,19141100104,"19141100104_1_S_14",149.592001789728,-19.5547532225505
"77","L_48",25,78,"1_S_16","Slope",66239.564603792,FALSE,25.6647807637907,19141100104,"19141100104_1_S_16",149.587180468686,-19.5704570348428
"78","L_49",33,76,"1_S_5","Slope",129478.027980667,FALSE,19.956678700361,19141100104,"19141100104_1_S_5",149.611482626726,-19.553501369774
"79","L_50",33,80,"1_S_6","Slope",96342.5628727255,FALSE,20.4956268221574,19141100104,"19141100104_1_S_6",149.596788464135,-19.5416495190576
"80","L_51",33,77,"1_S_7","Slope",84104.4971043938,FALSE,16.6335540838852,19141100104,"19141100104_1_S_7",149.60756912275,-19.5489137558871
"81","L_52",32,73,"1_S_9","Slope",141424.817234064,FALSE,19.6897689768977,19141100104,"19141100104_1_S_9",149.61807514903,-19.5647426770939
"82","L_53",37,65,"1_BR_1","Back Reef",17225.5211213203,FALSE,11.0160427807487,19142100104,"19142100104_1_BR_1",149.653456390483,-19.5679874755899
"83","L_53",37,65,"1_P_1","Patch",1325.0856136186,FALSE,50,19142100104,"19142100104_1_P_1",149.654512019996,-19.5701737246812
"84","L_54",37,64,"1_BR_2","Back Reef",51678.9310017065,FALSE,26.880650994575,19142100104,"19142100104_1_BR_2",149.659500075456,-19.5698109278092
"85","L_55",35,64,"1_BR_3","Back Reef",5631.84712940874,FALSE,21.4545454545455,19142100104,"19142100104_1_BR_3",149.652462466715,-19.5736043412577
"86","L_56",37,61,"1_BR_4","Back Reef",44064.9503189027,FALSE,25.7356076759062,19142100104,"19142100104_1_BR_4",149.664846583335,-19.5771702074731
"87","L_56",37,61,"1_OF_2","Outer Flat",64607.5689434106,FALSE,50.2164502164502,19142100104,"19142100104_1_OF_2",149.66821156899,-19.5775446699243
"88","L_57",37,60,"1_BR_5","Back Reef",15241.1854191981,FALSE,39.65625,19142100104,"19142100104_1_BR_5",149.669477707997,-19.5792293848608
"89","L_57",37,60,"1_C_4","Crest",107020.382265287,FALSE,35.8705161854768,19142100104,"19142100104_1_C_4",149.669686332812,-19.5796811642381
"90","L_57",37,60,"1_SS_1","Sheltered Slope",7289.26452113548,FALSE,32.4675324675325,19142100104,"19142100104_1_SS_1",149.667614267416,-19.579688448395
"91","L_57",37,60,"1_S_5","Slope",125905.937328041,FALSE,23.2488822652757,19142100104,"19142100104_1_S_5",149.670692976732,-19.5792208631027
"92","L_58",38,64,"1_C_1","Crest",25838.3530361885,FALSE,21.1111111111111,19142100104,"19142100104_1_C_1",149.658251363749,-19.5670485424849
"93","L_58",38,64,"1_OF_1","Outer Flat",30476.333067588,FALSE,33.3333333333333,19142100104,"19142100104_1_OF_1",149.658070799547,-19.5678529187189
"94","L_59",38,63,"1_C_2","Crest",169282.41143637,FALSE,18.6421814134669,19142100104,"19142100104_1_C_2",149.663966802264,-19.5690844502811
"95","L_60",38,61,"1_C_3","Crest",81833.5300168069,FALSE,51.0250569476082,19142100104,"19142100104_1_C_3",149.668547342744,-19.5750999165095
"96","L_60",38,61,"1_S_7","Slope",90114.4329256429,FALSE,13.3333333333333,19142100104,"19142100104_1_S_7",149.669238323501,-19.573484075775
"97","L_61",37,63,"1_S_1","Slope",103692.691478221,FALSE,31.158371040724,19142100104,"19142100104_1_S_1",149.659603850534,-19.5722204043636
"98","L_62",38,65,"1_S_2","Slope",157344.716562011,FALSE,24.2963625521765,19142100104,"19142100104_1_S_2",149.655217933479,-19.5658582213454
"99","L_63",36,64,"1_S_3","Slope",344527.627863483,FALSE,27.5841476655809,19142100104,"19142100104_1_S_3",149.653679259255,-19.5714807471737
"100","L_64",36,61,"1_S_4","Slope",113975.61347872,FALSE,26.2117452440033,19142100104,"19142100104_1_S_4",149.664003583831,-19.5793084834583
"101","L_65",39,63,"1_S_6","Slope",151721.358764804,FALSE,10.5392156862745,19142100104,"19142100104_1_S_6",149.664444229154,-19.5673870023161
"102","L_66",37,62,"1_S_8","Slope",205405.92535445,FALSE,29.1552511415525,19142100104,"19142100104_1_S_8",149.663878053567,-19.5740672780477
"103","L_67",42,51,"1_BR_1","Back Reef",15907.3456637161,FALSE,34.5882352941176,19143100104,"19143100104_1_BR_1",149.708550696789,-19.5856867962959
"104","L_67",42,51,"1_S_1","Slope",60315.7056971705,FALSE,34.7265625,19143100104,"19143100104_1_S_1",149.708804305891,-19.5860435294551
"105","L_68",20,79,"1_C_1","Crest",81812.8308468908,FALSE,11.0227272727273,19144100104,"19144100104_1_C_1",149.568488589771,-19.581007113809
"106","L_68",20,79,"1_OF_1","Outer Flat",75851.7884490644,FALSE,25.6281407035176,19144100104,"19144100104_1_OF_1",149.568152851886,-19.5820493610767
"107","L_69",20,80,"1_S_1","Slope",121890.909987552,FALSE,17.0126960418223,19144100104,"19144100104_1_S_1",149.567726314627,-19.5810331654803
"108","L_70",8,89,"1_BR_1","Back Reef",16229.1541512567,FALSE,19.1666666666667,19145100104,"19145100104_1_BR_1",149.507518168696,-19.5917848340367
"109","L_71",9,89,"1_S_1","Slope",195402.244126376,FALSE,14.1371788657295,19145100104,"19145100104_1_S_1",149.509199638306,-19.5877281296146
"110","L_72",7,89,"1_S_2","Slope",75515.6644563861,FALSE,18.019801980198,19145100104,"19145100104_1_S_2",149.506879461496,-19.5923327690689
"111","L_73",26,66,"1_BR_1","Back Reef",18556.0643279478,FALSE,23.7373737373737,19146100104,"19146100104_1_BR_1",149.624343168426,-19.5959871399761
"112","L_73",26,66,"1_C_1","Crest",145470.268076622,FALSE,18.624269954575,19146100104,"19146100104_1_C_1",149.627122237844,-19.5972693066674
"113","L_73",26,66,"1_IF_1","Inner Flat",23195.8722052923,FALSE,11.6,19146100104,"19146100104_1_IF_1",149.623956734711,-19.598507376183
"114","L_73",26,66,"1_OF_2","Outer Flat",95433.7224261966,FALSE,35.386119257087,19146100104,"19146100104_1_OF_2",149.626535454637,-19.5973531867002
"115","L_74",28,64,"1_BR_2","Back Reef",1325.53563886834,FALSE,35,19146100104,"19146100104_1_BR_2",149.636567402648,-19.5985773895474
"116","L_75",28,60,"1_BR_3","Back Reef",3645.72300861124,FALSE,35,19146100104,"19146100104_1_BR_3",149.647579182255,-19.6057141493891
"117","L_75",28,60,"1_S_2","Slope",60982.9178856858,FALSE,34.9464831804281,19146100104,"19146100104_1_S_2",149.646667929698,-19.6058338593535
"118","L_75",28,60,"1_S_16","Slope",120311.312566717,FALSE,26.87890625,19147100104,"19147100104_1_S_16",149.649844872877,-19.6066305759915
"119","L_76",22,61,"1_BR_4","Back Reef",7292.61944524758,FALSE,33.5810810810811,19146100104,"19146100104_1_BR_4",149.631293738332,-19.6210556289051
"120","L_76",22,61,"1_S_6","Slope",78563.1005764049,FALSE,23.7559523809524,19146100104,"19146100104_1_S_6",149.631602603291,-19.6225242575712
"121","L_77",27,65,"1_C_2","Crest",126253.383286327,FALSE,13.2145508537491,19146100104,"19146100104_1_C_2",149.632098686639,-19.5974475280404
"122","L_77",27,65,"1_OF_1","Outer Flat",76547.3204539092,FALSE,31.1435523114355,19146100104,"19146100104_1_OF_1",149.63010944213,-19.5979158852276
"123","L_77",27,65,"1_S_5","Slope",113991.112630155,FALSE,16.5827922077922,19146100104,"19146100104_1_S_5",149.629099464125,-19.5972619813746
"124","L_78",25,66,"1_C_3","Crest",118629.932742141,FALSE,18.8440221694378,19146100104,"19146100104_1_C_3",149.621822591901,-19.5987859073372
"125","L_79",22,59,"1_C_4","Crest",56027.8695437023,FALSE,5.69514237855946,19146100104,"19146100104_1_C_4",149.637564227864,-19.6288392183176
"126","L_79",22,59,"1_IF_2","Inner Flat",107077.951449417,FALSE,49.0451388888889,19146100104,"19146100104_1_IF_2",149.636433405539,-19.6258464746435
"127","L_79",22,59,"1_OF_3","Outer Flat",84868.2181286542,FALSE,42.7322404371585,19146100104,"19146100104_1_OF_3",149.637170591932,-19.6269164742375
"128","L_79",22,59,"1_SS_4","Sheltered Slope",71939.4136502529,FALSE,28.9986824769433,19146100104,"19146100104_1_SS_4",149.638540599218,-19.6269250367754
"129","L_80",26,65,"1_SS_1","Sheltered Slope",8947.1869505574,FALSE,15.1704545454545,19146100104,"19146100104_1_SS_1",149.62894198543,-19.5989684408506
"130","L_81",25,67,"1_SS_2","Sheltered Slope",4639.00659557804,FALSE,3.92156862745098,19146100104,"19146100104_1_SS_2",149.619759756879,-19.5969349831765
"131","L_81",25,67,"1_S_4","Slope",141161.598770648,FALSE,20.4866666666667,19146100104,"19146100104_1_S_4",149.620520488344,-19.5983944568784
"132","L_82",22,60,"1_SS_3","Sheltered Slope",128953.808073959,FALSE,22.0866715222141,19146100104,"19146100104_1_SS_3",149.635412681226,-19.6239626869364
"133","L_82",22,60,"1_S_10","Slope",36134.8086471865,FALSE,24.2219387755102,19146100104,"19146100104_1_S_10",149.634062924101,-19.6266957161085
"134","L_83",27,64,"1_S_1","Slope",80524.4762367606,FALSE,20.0174418604651,19146100104,"19146100104_1_S_1",149.633811018475,-19.5976274965676
"135","L_84",22,63,"1_S_11","Slope",41100.7149098781,FALSE,35,19146100104,"19146100104_1_S_11",149.625189783137,-19.61706934741
"136","L_85",25,60,"1_S_12","Slope",16904.6261927481,FALSE,22.9395604395604,19146100104,"19146100104_1_S_12",149.63993443135,-19.6148173370661
"137","L_86",26,67,"1_S_3","Slope",9277.86068682326,FALSE,27.1938775510204,19146100104,"19146100104_1_S_3",149.624192228432,-19.5947089262579
"138","L_87",23,60,"1_S_7","Slope",54694.9633000125,FALSE,19.594127806563,19146100104,"19146100104_1_S_7",149.634715405119,-19.6206531218938
"139","L_88",22,58,"1_S_8","Slope",75920.6375371898,FALSE,18.3663366336634,19146100104,"19146100104_1_S_8",149.6401453864,-19.6293668713252
"140","L_89",28,62,"1_S_9","Slope",78212.7601539101,FALSE,35,19146100104,"19146100104_1_S_9",149.642004327081,-19.6028829285434
"141","L_90",28,59,"1_BR_1","Back Reef",19555.2867655684,FALSE,29.6462264150943,19147100104,"19147100104_1_BR_1",149.650134025079,-19.6085847929266
"142","L_90",28,59,"1_C_5","Crest",112692.291282265,FALSE,22.75,19147100104,"19147100104_1_C_5",149.653381160712,-19.6083245760358
"143","L_90",28,59,"1_SS_6","Sheltered Slope",30493.2088429946,FALSE,32.2307692307692,19147100104,"19147100104_1_SS_6",149.649564502949,-19.6092316178945
"144","L_91",28,46,"1_BR_10","Back Reef",15919.0739375781,FALSE,28.5185185185185,19147100104,"19147100104_1_BR_10",149.690736090024,-19.6423768204905
"145","L_92",25,47,"1_BR_11","Back Reef",8291.35887584696,FALSE,20.0555555555556,19147100104,"19147100104_1_BR_11",149.68101326983,-19.646175407177
"146","L_92",25,47,"1_C_4","Crest",70313.1559495213,FALSE,27.0053475935829,19147100104,"19147100104_1_C_4",149.680891846108,-19.6486743620999
"147","L_92",25,47,"1_IF_4","Inner Flat",64673.6677074302,FALSE,23.7410071942446,19147100104,"19147100104_1_IF_4",149.682336001241,-19.6470422712488
"148","L_92",25,47,"1_OF_11","Outer Flat",14593.0901275566,FALSE,38.0645161290323,19147100104,"19147100104_1_OF_11",149.679916884398,-19.6478950019872
"149","L_93",28,58,"1_BR_2","Back Reef",14584.5558127984,TRUE,13.2,19147100104,"19147100104_1_BR_2",149.653678884109,-19.6123926720216
"150","L_93",28,58,"1_OF_10","Outer Flat",109381.717292133,FALSE,57.0205479452055,19147100104,"19147100104_1_OF_10",149.653679479568,-19.6107961826881
"151","L_94",27,57,"1_BR_3","Back Reef",29502.2413801323,FALSE,41.7675159235669,19147100104,"19147100104_1_BR_3",149.656107433469,-19.6158307864135
"152","L_94",27,57,"1_S_21","Slope",994.475391853601,FALSE,35,19147100104,"19147100104_1_S_21",149.655034835129,-19.6173650033219
"153","L_95",27,54,"1_BR_4","Back Reef",19229.479409629,FALSE,33.0392156862745,19147100104,"19147100104_1_BR_4",149.665053341664,-19.6259397004246
"154","L_95",27,54,"1_SS_12","Sheltered Slope",34480.1950807297,FALSE,24.4864864864865,19147100104,"19147100104_1_SS_12",149.663872525621,-19.6257005942221
"155","L_96",30,50,"1_BR_5","Back Reef",8289.05594796408,FALSE,35,19147100104,"19147100104_1_BR_5",149.683532492596,-19.6257627173283
"156","L_96",30,50,"1_SS_7","Sheltered Slope",69296.8329455685,FALSE,26.6757493188011,19147100104,"19147100104_1_SS_7",149.684729422651,-19.625813524528
"157","L_97",24,56,"1_BR_6","Back Reef",6962.20320268394,FALSE,23.6,19147100104,"19147100104_1_BR_6",149.652003314342,-19.6270442347843
"158","L_97",24,56,"1_SS_9","Sheltered Slope",50394.0459852447,FALSE,41.9150943396226,19147100104,"19147100104_1_SS_9",149.653287120749,-19.6280917885833
"159","L_98",28,48,"1_BR_7","Back Reef",31170.7160682892,FALSE,20.9131736526946,19147100104,"19147100104_1_BR_7",149.685676399675,-19.6341005243354
"160","L_98",28,48,"1_S_15","Slope",91191.6437975946,FALSE,19.3422404933196,19147100104,"19147100104_1_S_15",149.685320649718,-19.6347469681057
"161","L_99",29,47,"1_BR_8","Back Reef",32829.9989940869,FALSE,30.3834808259587,19147100104,"19147100104_1_BR_8",149.691285932231,-19.6355293530638
"162","L_99",29,47,"1_S_17","Slope",72292.4179597581,FALSE,19.727626459144,19147100104,"19147100104_1_S_17",149.69076297118,-19.6357478413929
"163","L_100",23,54,"1_BR_9","Back Reef",32495.2394233709,FALSE,16.5160349854227,19147100104,"19147100104_1_BR_9",149.653981527515,-19.6374564863404
"164","L_100",23,54,"1_P_1","Patch",4973.6989952689,FALSE,46.1538461538462,19147100104,"19147100104_1_P_1",149.655542536961,-19.6361944442769
"165","L_100",23,54,"1_SS_8","Sheltered Slope",35809.9886321132,FALSE,39.1472868217054,19147100104,"19147100104_1_SS_8",149.653861809023,-19.6353097487924
"166","L_100",23,54,"1_S_6","Slope",213876.220383856,FALSE,17.6892778993435,19147100104,"19147100104_1_S_6",149.656113593246,-19.6384482007183
"167","L_101",29,57,"1_C_1","Crest",148828.958110985,FALSE,39.1959798994975,19147100104,"19147100104_1_C_1",149.657988991175,-19.611463421118
"168","L_101",29,57,"1_S_12","Slope",28506.8511917647,FALSE,36.1400651465798,19147100104,"19147100104_1_S_12",149.661565470149,-19.6122061997037
"169","L_102",29,54,"1_C_2","Crest",112384.375187695,FALSE,36.5752285951787,19147100104,"19147100104_1_C_2",149.668205220596,-19.6197285734871
"170","L_102",29,54,"1_S_20","Slope",55696.0671328623,FALSE,20.7335581787521,19147100104,"19147100104_1_S_20",149.669950472645,-19.6207940495057
"171","L_103",29,56,"1_C_3","Crest",111380.66055189,FALSE,31.1918850380389,19147100104,"19147100104_1_C_3",149.663499675729,-19.6149812924375
"172","L_104",31,49,"1_C_6","Crest",120688.867402504,FALSE,39.5042602633617,19147100104,"19147100104_1_C_6",149.688449307262,-19.6247277509124
"173","L_105",26,46,"1_C_7","Crest",123047.596275013,FALSE,6.12088752869166,19147100104,"19147100104_1_C_7",149.686690269982,-19.647056865808
"174","L_105",26,46,"1_S_11","Slope",54393.7784162131,FALSE,23.9401709401709,19147100104,"19147100104_1_S_11",149.687343858302,-19.6479148364262
"175","L_106",31,48,"1_C_8","Crest",45427.034952384,FALSE,17.8778467908903,19147100104,"19147100104_1_C_8",149.6927386576,-19.6283127730131
"176","L_106",31,48,"1_S_14","Slope",59352.7107130131,FALSE,24.9135220125786,19147100104,"19147100104_1_S_14",149.693182902621,-19.627174714034
"177","L_107",30,49,"1_IF_1","Inner Flat",156507.27099895,FALSE,67.3860911270983,19147100104,"19147100104_1_IF_1",149.688321992184,-19.6291396646083
"178","L_107",30,49,"1_OF_6","Outer Flat",235087.08255189,FALSE,40.0798403193613,19147100104,"19147100104_1_OF_6",149.688385162432,-19.6274850377675
"179","L_108",27,55,"1_IF_2","Inner Flat",164766.909504396,FALSE,63.4451392836839,19147100104,"19147100104_1_IF_2",149.663929428604,-19.6219505798541
"180","L_109",28,56,"1_IF_3","Inner Flat",112376.5989391,FALSE,58.4307178631052,19147100104,"19147100104_1_IF_3",149.660292887074,-19.6166718480403
"181","L_109",28,56,"1_OF_3","Outer Flat",136571.786407747,FALSE,37.4313186813187,19147100104,"19147100104_1_OF_3",149.66038431087,-19.6146145875823
"182","L_110",25,55,"1_IF_5","Inner Flat",24864.9967122953,FALSE,47.9553903345725,19147100104,"19147100104_1_IF_5",149.656064135311,-19.6260373477384
"183","L_110",25,55,"1_OF_5","Outer Flat",161458.543574631,FALSE,31.3008130081301,19147100104,"19147100104_1_OF_5",149.656072573435,-19.6268440742418
"184","L_110",25,55,"1_S_18","Slope",48405.7900393619,FALSE,25.736137667304,19147100104,"19147100104_1_S_18",149.658968216254,-19.6281905559655
"185","L_111",26,47,"1_OF_1","Outer Flat",126693.017524167,FALSE,33.8246131171702,19147100104,"19147100104_1_OF_1",149.685446277473,-19.6457218244692
"186","L_111",26,47,"1_SS_5","Sheltered Slope",93856.7703653527,FALSE,24.8839556004036,19147100104,"19147100104_1_SS_5",149.684078021113,-19.6443769728232
"187","L_112",28,54,"1_OF_2","Outer Flat",290086.206025537,FALSE,41.6478190630048,19147100104,"19147100104_1_OF_2",149.666239096918,-19.6222926028403
"188","L_113",26,55,"1_OF_4","Outer Flat",122999.376644846,FALSE,56.2071591774562,19147100104,"19147100104_1_OF_4",149.661023204467,-19.6251656763363
"189","L_114",30,48,"1_OF_7","Outer Flat",158834.857769073,FALSE,45.0795521508544,19147100104,"19147100104_1_OF_7",149.691650825109,-19.6312759242744
"190","L_115",28,55,"1_OF_8","Outer Flat",75583.2501784102,FALSE,46.5432098765432,19147100104,"19147100104_1_OF_8",149.664019859219,-19.6181726883791
"191","L_116",27,56,"1_OF_9","Outer Flat",108073.579393976,FALSE,61.3183000867303,19147100104,"19147100104_1_OF_9",149.658756101214,-19.6212614359186
"192","L_117",26,57,"1_SS_1","Sheltered Slope",103096.701922094,FALSE,27.0199275362319,19147100104,"19147100104_1_SS_1",149.654953841288,-19.6192831954119
"193","L_118",29,48,"1_SS_10","Sheltered Slope",95172.1959534031,FALSE,11.8774509803922,19147100104,"19147100104_1_SS_10",149.689794535958,-19.6346515221326
"194","L_119",25,48,"1_SS_11","Sheltered Slope",83908.8032598523,FALSE,24.122905027933,19147100104,"19147100104_1_SS_11",149.679690876543,-19.6467016121065
"195","L_120",29,49,"1_SS_2","Sheltered Slope",184693.419550017,FALSE,19.5242914979757,19147100104,"19147100104_1_SS_2",149.684939059557,-19.6305464563578
"196","L_121",25,56,"1_SS_3","Sheltered Slope",97468.2222798411,FALSE,36.3888888888889,19147100104,"19147100104_1_SS_3",149.655105306743,-19.6243892614237
"197","L_122",27,58,"1_SS_4","Sheltered Slope",90825.0647488367,FALSE,30.3480040941658,19147100104,"19147100104_1_SS_4",149.654225829904,-19.6146608656461
"198","L_123",27,46,"1_S_1","Slope",192687.039588733,FALSE,23.8950676982592,19147100104,"19147100104_1_S_1",149.688633376641,-19.6428417753998
"199","L_124",26,54,"1_S_10","Slope",101784.676929365,FALSE,20.4783808647654,19147100104,"19147100104_1_S_10",149.663864760753,-19.6269587619895
"200","L_125",27,53,"1_S_13","Slope",65314.5775545384,FALSE,23.8705035971223,19147100104,"19147100104_1_S_13",149.668173172751,-19.6259166847696
"201","L_126",26,53,"1_S_19","Slope",59682.114552591,FALSE,22.3708920187793,19147100104,"19147100104_1_S_19",149.665195904297,-19.6311868915608
"202","L_127",31,50,"1_S_2","Slope",107754.662851606,FALSE,30.2818733738075,19147100104,"19147100104_1_S_2",149.686327175628,-19.6230747931158
"203","L_128",23,52,"1_S_22","Slope",994.85741049191,FALSE,35,19147100104,"19147100104_1_S_22",149.662842910203,-19.6428976921386
"204","L_129",29,58,"1_S_3","Slope",44414.7222400093,FALSE,15.9282700421941,19147100104,"19147100104_1_S_3",149.656268498746,-19.6087638140812
"205","L_130",24,47,"1_S_4","Slope",30845.2432343238,FALSE,22.5914634146341,19147100104,"19147100104_1_S_4",149.680438123025,-19.6495246935698
"206","L_131",30,47,"1_S_5","Slope",68642.3352856226,FALSE,16.4665757162347,19147100104,"19147100104_1_S_5",149.693677529466,-19.6326707514409
"207","L_132",22,55,"1_S_7","Slope",91514.4413703098,FALSE,21.7402464065708,19147100104,"19147100104_1_S_7",149.650904409478,-19.6360333510318
"208","L_133",30,52,"1_S_8","Slope",91169.5694070128,FALSE,28.6914460285132,19147100104,"19147100104_1_S_8",149.677294173521,-19.6193801373655
"209","L_134",29,55,"1_S_9","Slope",52708.6819262002,FALSE,32.2242314647378,19147100104,"19147100104_1_S_9",149.666760427331,-19.6165914637357
"210","L_135",39,46,"1_BR_1","Back Reef",22874.2114135176,FALSE,11.6122448979592,19149100104,"19149100104_1_BR_1",149.718058609196,-19.6064905549134
"211","L_136",40,45,"1_BR_2","Back Reef",19560.0735923471,FALSE,38.7254901960784,19149100104,"19149100104_1_BR_2",149.723037362646,-19.6088408245842
"212","L_136",40,45,"1_OF_4","Outer Flat",74922.3554793717,FALSE,49.3133583021223,19149100104,"19149100104_1_OF_4",149.723331390203,-19.6062324279436
"213","L_137",41,45,"1_C_1","Crest",126308.077827083,FALSE,18.9948263118995,19149100104,"19149100104_1_C_1",149.726136670673,-19.6060965894718
"214","L_137",41,45,"1_S_4","Slope",117022.423624257,FALSE,26.2650120096077,19149100104,"19149100104_1_S_4",149.725740517701,-19.6042600541326
"215","L_138",40,46,"1_C_2","Crest",46080.018598286,FALSE,18.2926829268293,19149100104,"19149100104_1_C_2",149.7184068292,-19.6065409984809
"216","L_138",40,46,"1_S_1","Slope",144205.106655637,FALSE,20.9947814742335,19149100104,"19149100104_1_S_1",149.718549574812,-19.6054484843838
"217","L_139",41,43,"1_C_3","Crest",62993.0205686009,FALSE,22.5563909774436,19149100104,"19149100104_1_C_3",149.730796427811,-19.6103682437229
"218","L_139",41,43,"1_S_3","Slope",105096.166831218,FALSE,19.123665480427,19149100104,"19149100104_1_S_3",149.731225992859,-19.6084285063291
"219","L_140",39,45,"1_IF_1","Inner Flat",263576.61606977,FALSE,66.1095305832148,19149100104,"19149100104_1_IF_1",149.721677753238,-19.6126484932964
"220","L_140",39,45,"1_OF_1","Outer Flat",271193.432365713,FALSE,58.7301587301587,19149100104,"19149100104_1_OF_1",149.719568600209,-19.6108643165122
"221","L_141",40,44,"1_OF_2","Outer Flat",214835.917562255,FALSE,52.7486910994764,19149100104,"19149100104_1_OF_2",149.727999260991,-19.6098819269228
"222","L_142",39,44,"1_OF_3","Outer Flat",225455.24776572,FALSE,52.8651685393258,19149100104,"19149100104_1_OF_3",149.725987213877,-19.6135584208401
"223","L_143",40,42,"1_P_1","Patch",2984.11427293019,FALSE,12.5,19149100104,"19149100104_1_P_1",149.733084544136,-19.6154310635703
"224","L_144",38,46,"1_SS_1","Sheltered Slope",58018.1618400393,FALSE,25.3241491085899,19149100104,"19149100104_1_SS_1",149.716571578703,-19.611574049222
"225","L_145",39,43,"1_SS_2","Sheltered Slope",5305.0104049854,FALSE,40.3508771929825,19149100104,"19149100104_1_SS_2",149.726110621536,-19.6159597304781
"226","L_145",39,43,"1_S_6","Slope",57028.9152944223,FALSE,26.5485996705107,19149100104,"19149100104_1_S_6",149.726134146071,-19.6160224805894
"227","L_146",40,43,"1_S_2","Slope",315643.968371521,FALSE,18.3239311163895,19149100104,"19149100104_1_S_2",149.731958099605,-19.6136591938429
"228","L_147",38,45,"1_S_5","Slope",23208.2139471639,FALSE,40.6224899598394,19149100104,"19149100104_1_S_5",149.718054803078,-19.6141403550661
"229","L_148",37,42,"1_S_1","Slope",125676.761011461,FALSE,18.9375928677563,19150100104,"19150100104_1_S_1",149.724641713493,-19.624430085313
"230","L_149",39,33,"1_C_1","Crest",100839.996653914,FALSE,25.6529850746269,19153100104,"19153100104_1_C_1",149.758221523143,-19.6401715703713
"231","L_150",39,34,"1_SS_1","Sheltered Slope",16917.2235176032,FALSE,23.1741573033708,19153100104,"19153100104_1_SS_1",149.755828842747,-19.6406737099362
"232","L_151",40,33,"1_S_1","Slope",112118.105851585,FALSE,26.3242784380306,19153100104,"19153100104_1_S_1",149.760213934026,-19.6396783454486
"233","L_152",30,39,"1_BR_1","Back Reef",3317.19068205403,FALSE,29.7058823529412,19155100104,"19155100104_1_BR_1",149.717327895413,-19.651558465379
"234","L_152",30,39,"1_C_1","Crest",77294.610396781,FALSE,22.2705314009662,19155100104,"19155100104_1_C_1",149.71951385715,-19.6548041211684
"235","L_152",30,39,"1_SS_1","Sheltered Slope",2985.61362834927,FALSE,5.15151515151515,19155100104,"19155100104_1_SS_1",149.71814977967,-19.6547620026507
"236","L_152",30,39,"1_S_1","Slope",212642.975138443,FALSE,19.1445623342175,19155100104,"19155100104_1_S_1",149.719131298722,-19.6548479782968
"237","L_153",36,32,"1_BR_1","Back Reef",2322.29829628486,FALSE,40.1851851851852,19156100104,"19156100104_1_BR_1",149.7542992794,-19.651068632895
"238","L_153",36,32,"1_C_2","Crest",47111.2639838094,FALSE,33.4645669291339,19156100104,"19156100104_1_C_2",149.754076329388,-19.6538253663063
"239","L_154",36,29,"1_BR_2","Back Reef",5972.55240450241,FALSE,29.3548387096774,19156100104,"19156100104_1_BR_2",149.762937644264,-19.6601670852859
"240","L_154",36,29,"1_S_5","Slope",63043.3792849053,FALSE,19.7703703703704,19156100104,"19156100104_1_S_5",149.762633132966,-19.6599763682038
"241","L_155",33,33,"1_BR_3","Back Reef",9290.04654388083,TRUE,26.734693877551,19156100104,"19156100104_1_BR_3",149.746571831651,-19.6594310814182
"242","L_155",33,33,"1_P_1","Patch",3649.60127029661,FALSE,5,19156100104,"19156100104_1_P_1",149.74398364266,-19.658862382172
"243","L_155",33,33,"1_SS_1","Sheltered Slope",159586.758707257,FALSE,32.7633902295468,19156100104,"19156100104_1_SS_1",149.744639280391,-19.6585520191983
"244","L_156",31,31,"1_BR_4","Back Reef",5641.11330495821,FALSE,7.8125,19156100104,"19156100104_1_BR_4",149.745855689293,-19.6688242102935
"245","L_156",31,31,"1_SS_5","Sheltered Slope",97889.9490548261,FALSE,34.01728844404,19156100104,"19156100104_1_SS_5",149.745468090139,-19.6689451912259
"246","L_157",32,27,"1_BR_5","Back Reef",5973.98218866484,FALSE,30.0819672131148,19156100104,"19156100104_1_BR_5",149.762798792455,-19.6773188722922
"247","L_158",29,30,"1_BR_6","Back Reef",4646.17085904954,FALSE,29.3478260869565,19156100104,"19156100104_1_BR_6",149.745362603234,-19.6773768328745
"248","L_159",30,28,"1_BR_7","Back Reef",8960.86147306021,FALSE,25.6382978723404,19156100104,"19156100104_1_BR_7",149.75226455083,-19.6788770176453
"249","L_160",38,32,"1_C_1","Crest",113789.354083374,FALSE,47.1599340478153,19156100104,"19156100104_1_C_1",149.759785912691,-19.6477446165951
"250","L_160",38,32,"1_S_4","Slope",161558.888135403,FALSE,26.6666666666667,19156100104,"19156100104_1_S_4",149.760365085002,-19.6466862995157
"251","L_161",33,31,"1_C_3","Crest",94231.7015140117,FALSE,57.59682224429,19156100104,"19156100104_1_C_3",149.750645044663,-19.6615818563517
"252","L_161",33,31,"1_OF_6","Outer Flat",54417.7090148367,FALSE,44.3298969072165,19156100104,"19156100104_1_OF_6",149.749932748489,-19.6646634932715
"253","L_161",33,31,"1_SS_3","Sheltered Slope",45789.9770397437,FALSE,38.0635245901639,19156100104,"19156100104_1_SS_3",149.749156951009,-19.6640103862254
"254","L_162",32,30,"1_C_4","Crest",81632.4723770837,FALSE,21.5189873417722,19156100104,"19156100104_1_C_4",149.749904392774,-19.6698467484649
"255","L_163",30,30,"1_C_5","Crest",47125.1430577813,FALSE,15.8730158730159,19156100104,"19156100104_1_C_5",149.748619509464,-19.676158169717
"256","L_163",30,30,"1_OF_7","Outer Flat",26881.3206050633,FALSE,28.2758620689655,19156100104,"19156100104_1_OF_7",149.747875890606,-19.6765368803229
"257","L_163",30,30,"1_SS_6","Sheltered Slope",49115.1884214878,FALSE,29.8169556840077,19156100104,"19156100104_1_SS_6",149.747813687656,-19.6746592812283
"258","L_164",37,33,"1_IF_1","Inner Flat",79619.655972078,FALSE,56.1176470588235,19156100104,"19156100104_1_IF_1",149.754768776279,-19.6491643823679
"259","L_164",37,33,"1_OF_1","Outer Flat",165207.176749947,FALSE,43.350311262026,19156100104,"19156100104_1_OF_1",149.756433377006,-19.6472171599523
"260","L_165",35,32,"1_OF_2","Outer Flat",66024.1296807248,FALSE,25.1788268955651,19156100104,"19156100104_1_OF_2",149.751446064028,-19.6566087726808
"261","L_165",35,32,"1_S_3","Slope",25546.8139228113,FALSE,36.3888888888889,19156100104,"19156100104_1_S_3",149.75337784516,-19.655568584551
"262","L_166",36,33,"1_OF_3","Outer Flat",186446.219258971,FALSE,47.9594391587381,19156100104,"19156100104_1_OF_3",149.75373227167,-19.650755985826
"263","L_166",36,33,"1_SS_7","Sheltered Slope",61373.0475128079,FALSE,35.4185692541857,19156100104,"19156100104_1_SS_7",149.752263607124,-19.6492384033113
"264","L_167",35,33,"1_OF_4","Outer Flat",89575.0531687359,FALSE,61.4233576642336,19156100104,"19156100104_1_OF_4",149.747774611572,-19.653137095233
"265","L_167",35,33,"1_SS_2","Sheltered Slope",165881.892250949,FALSE,36.1170814479638,19156100104,"19156100104_1_SS_2",149.749576725056,-19.6536498558947
"266","L_168",31,30,"1_OF_5","Outer Flat",54753.6627065293,FALSE,35.1027397260274,19156100104,"19156100104_1_OF_5",149.749137099325,-19.6702544270036
"267","L_168",31,30,"1_S_9","Slope",24889.0494976779,FALSE,26.7032967032967,19156100104,"19156100104_1_S_9",149.750475817462,-19.6728768807761
"268","L_169",38,33,"1_SS_4","Sheltered Slope",24216.5078677903,FALSE,34.6317829457364,19156100104,"19156100104_1_SS_4",149.75667571963,-19.6453662417244
"269","L_170",37,32,"1_S_1","Slope",84267.5150434342,FALSE,35.0998890122087,19156100104,"19156100104_1_S_1",149.757472975511,-19.6513999214384
"270","L_171",30,29,"1_S_10","Slope",78654.7294410029,FALSE,22.7197149643705,19156100104,"19156100104_1_S_10",149.750261122053,-19.6777786068111
"271","L_172",30,32,"1_S_11","Slope",51433.5465711332,FALSE,22.0272727272727,19156100104,"19156100104_1_S_11",149.741377824513,-19.6696842275408
"272","L_173",32,31,"1_S_2","Slope",48446.6231815573,FALSE,29.7398843930636,19156100104,"19156100104_1_S_2",149.750965818663,-19.6667689264016
"273","L_174",34,27,"1_S_6","Slope",67699.3239253773,FALSE,32.2847222222222,19156100104,"19156100104_1_S_6",149.764270865321,-19.6708383380019
"274","L_175",33,27,"1_S_7","Slope",53764.171820086,FALSE,41.2065972222222,19156100104,"19156100104_1_S_7",149.76321806618,-19.6750005209406
"275","L_176",34,31,"1_S_8","Slope",57068.8760947306,FALSE,31.0626029654036,19156100104,"19156100104_1_S_8",149.751637810942,-19.6600636407352
"276","L_177",4,66,"1_BR_1","Back Reef",16580.6829795493,FALSE,8.47826086956522,19157100104,"19157100104_1_BR_1",149.573886839022,-19.6630417938656
"277","L_177",4,66,"1_IF_1","Inner Flat",53058.8718383373,FALSE,7.98586572438163,19157100104,"19157100104_1_IF_1",149.574104264308,-19.6639139532882
"278","L_178",4,64,"1_C_1","Crest",201310.890710383,FALSE,13.7674418604651,19157100104,"19157100104_1_C_1",149.578877686405,-19.6694323190145
"279","L_179",4,65,"1_C_2","Crest",119389.576614615,FALSE,6.07255520504732,19157100104,"19157100104_1_C_2",149.575524631753,-19.6678294995311
"280","L_179",4,65,"1_OF_1","Outer Flat",239435.469024738,FALSE,19.2292720903075,19157100104,"19157100104_1_OF_1",149.575856349313,-19.6656716288052
"281","L_180",5,63,"1_C_3","Crest",208941.069463223,FALSE,17.1058508262617,19157100104,"19157100104_1_C_3",149.583527604054,-19.6690788221064
"282","L_180",5,63,"1_S_3","Slope",77607.8403974967,FALSE,26.248492159228,19157100104,"19157100104_1_S_3",149.584860740078,-19.6698227302746
"283","L_181",5,65,"1_C_4","Crest",71629.6980494866,FALSE,10.7142857142857,19157100104,"19157100104_1_C_4",149.576647255003,-19.6635188552607
"284","L_181",5,65,"1_SS_1","Sheltered Slope",18901.8689218117,FALSE,18.1773399014778,19157100104,"19157100104_1_SS_1",149.577319875984,-19.661795606757
"285","L_181",5,65,"1_S_1","Slope",27855.5298474329,FALSE,24.7602739726027,19157100104,"19157100104_1_S_1",149.579348022359,-19.6616759974658
"286","L_182",5,64,"1_IF_2","Inner Flat",61020.2030655728,FALSE,9.58904109589041,19157100104,"19157100104_1_IF_2",149.58063746121,-19.6652615886849
"287","L_182",5,64,"1_OF_2","Outer Flat",211255.699703778,FALSE,42.8444444444444,19157100104,"19157100104_1_OF_2",149.581292822478,-19.6672717801637
"288","L_183",3,65,"1_SS_2","Sheltered Slope",33495.0229880414,FALSE,10.8495821727019,19157100104,"19157100104_1_SS_2",149.573257306615,-19.6675553770031
"289","L_184",6,64,"1_S_2","Slope",53724.1034194049,FALSE,25.1845342706503,19157100104,"19157100104_1_S_2",149.583289372147,-19.6643463815659
"290","L_185",3,64,"1_S_4","Slope",28853.3220899864,FALSE,24.3166666666667,19157100104,"19157100104_1_S_4",149.574587450136,-19.670140404998
"291","L_186",3,63,"1_S_5","Slope",35819.5953144105,FALSE,19.3501326259947,19157100104,"19157100104_1_S_5",149.578701984077,-19.6724941087561
"292","L_187",22,42,"1_BR_1","Back Reef",1990.67456787499,FALSE,35,19158100104,"19158100104_1_BR_1",149.691217345068,-19.6706366000331
"293","L_188",23,39,"1_BR_2","Back Reef",995.404898263514,FALSE,35,19158100104,"19158100104_1_BR_2",149.703119326735,-19.6726861331915
"294","L_189",23,38,"1_P_1","Patch",1659.072259448,FALSE,15.7894736842105,19158100104,"19158100104_1_P_1",149.704586579824,-19.6751037199548
"295","L_189",23,38,"1_S_2","Slope",91247.7556698802,FALSE,13.0226570545829,19158100104,"19158100104_1_S_2",149.704508270966,-19.6741677444908
"296","L_190",22,41,"1_S_1","Slope",23224.6947480566,FALSE,35,19158100104,"19158100104_1_S_1",149.69172348235,-19.6710024874547
"297","L_191",14,48,"1_BR_1","Back Reef",26209.1661133775,FALSE,35,19161100104,"19161100104_1_BR_1",149.652195441376,-19.6761194337586
"298","L_192",13,50,"1_BR_2","Back Reef",6634.92135552317,FALSE,35,19161100104,"19161100104_1_BR_2",149.643473880479,-19.6748524696403
"299","L_193",14,46,"1_BR_3","Back Reef",34507.1816111137,FALSE,35,19161100104,"19161100104_1_BR_3",149.657976940891,-19.682987735484
"300","L_193",14,46,"1_S_3","Slope",96221.401342696,FALSE,35,19161100104,"19161100104_1_S_3",149.658079156118,-19.6825557735922
"301","L_194",13,45,"1_BR_4","Back Reef",29532.7371495115,FALSE,33.34375,19161100104,"19161100104_1_BR_4",149.66176203433,-19.6882753416559
"302","L_194",13,45,"1_S_5","Slope",160604.534733405,FALSE,35,19161100104,"19161100104_1_S_5",149.659415241903,-19.6886271047477
"303","L_195",11,48,"1_BR_5","Back Reef",12608.7740787398,FALSE,35,19161100104,"19161100104_1_BR_5",149.646885638886,-19.6877926737334
"304","L_195",11,48,"1_S_2","Slope",28535.3889509756,FALSE,35,19161100104,"19161100104_1_S_2",149.645581140548,-19.6874584005782
"305","L_196",12,45,"1_BR_6","Back Reef",13273.2825264456,FALSE,35,19161100104,"19161100104_1_BR_6",149.656909474696,-19.6901979491329
"306","L_197",14,43,"1_C_1","Crest",82296.7162968284,FALSE,21.3302752293578,19161100104,"19161100104_1_C_1",149.667017771984,-19.6898499678243
"307","L_197",14,43,"1_IF_1","Inner Flat",232289.792162708,FALSE,25.3225806451613,19161100104,"19161100104_1_IF_1",149.666154986064,-19.690262430838
"308","L_197",14,43,"1_S_9","Slope",52432.7771150265,FALSE,22.7570921985816,19161100104,"19161100104_1_S_9",149.669128227584,-19.691813088766
"309","L_198",14,47,"1_S_1","Slope",146646.113198227,FALSE,35,19161100104,"19161100104_1_S_1",149.654701509619,-19.6791758360195
"310","L_199",14,44,"1_S_4","Slope",145672.070149725,FALSE,22.2300319488818,19161100104,"19161100104_1_S_4",149.664760035507,-19.6872448571497
"311","L_200",13,44,"1_S_6","Slope",169903.66813824,FALSE,20.5708769994484,19161100104,"19161100104_1_S_6",149.662396499308,-19.6912733794647
"312","L_201",13,51,"1_S_7","Slope",43126.6371751335,FALSE,35,19161100104,"19161100104_1_S_7",149.642321827815,-19.6745432237282
"313","L_202",14,49,"1_S_8","Slope",42132.9262061534,FALSE,35,19161100104,"19161100104_1_S_8",149.650827617184,-19.6750932656453
"314","L_203",29,35,"1_BR_1","Back Reef",8626.77999003557,FALSE,10.8888888888889,19164100104,"19164100104_1_BR_1",149.728345324044,-19.6662448845505
"315","L_203",29,35,"1_S_1","Slope",32515.649754304,FALSE,17.9512893982808,19164100104,"19164100104_1_S_1",149.727045870424,-19.6650642532562
"316","L_204",27,31,"1_BR_2","Back Reef",331.876069789287,FALSE,35,19164100104,"19164100104_1_BR_2",149.734802763013,-19.6812939145722
"317","L_204",27,31,"1_S_4","Slope",663.767194868997,FALSE,35,19164100104,"19164100104_1_S_4",149.734896250754,-19.6828973427862
"318","L_205",27,28,"1_BR_3","Back Reef",5642.90099273715,FALSE,2.25806451612903,19164100104,"19164100104_1_BR_3",149.746297231447,-19.6913980687607
"319","L_205",27,28,"1_SS_2","Sheltered Slope",18588.2708501015,FALSE,16.530612244898,19164100104,"19164100104_1_SS_2",149.746526622626,-19.6909270615902
"320","L_205",27,28,"1_S_6","Slope",89622.0804590154,FALSE,22.8955532574974,19164100104,"19164100104_1_S_6",149.745714587828,-19.6911649080703
"321","L_206",25,25,"1_BR_4","Back Reef",11287.7196429768,FALSE,27.84,19164100104,"19164100104_1_BR_4",149.747979308742,-19.7031827187575
"322","L_207",23,36,"1_C_1","Crest",72676.7718933765,FALSE,10.9536082474227,19164100104,"19164100104_1_C_1",149.711923863575,-19.6826408783361
"323","L_207",23,36,"1_SS_1","Sheltered Slope",16924.5785140833,FALSE,17.8531073446328,19164100104,"19164100104_1_SS_1",149.710874377689,-19.6822564041913
"324","L_208",27,27,"1_C_2","Crest",94270.8054774231,FALSE,15.1792828685259,19164100104,"19164100104_1_C_2",149.748504607646,-19.6917704436614
"325","L_209",24,36,"1_P_2","Patch",4313.94966230355,FALSE,10.4166666666667,19164100104,"19164100104_1_P_2",149.715515657473,-19.678533637757
"326","L_209",24,36,"1_S_3","Slope",78315.367410955,FALSE,16.9162735849057,19164100104,"19164100104_1_S_3",149.714994994369,-19.6791950540486
"327","L_210",28,33,"1_S_2","Slope",97559.2085154131,FALSE,14.7685631629701,19164100104,"19164100104_1_S_2",149.732405179353,-19.6727967362375
"328","L_211",22,36,"1_S_5","Slope",33186.1942431126,FALSE,28.7780898876404,19164100104,"19164100104_1_S_5",149.711416283491,-19.6837387155058
"329","L_212",27,26,"1_S_7","Slope",72366.0336938808,FALSE,25.4129032258065,19164100104,"19164100104_1_S_7",149.75183507352,-19.6941929070181
"330","L_213",24,26,"1_S_8","Slope",61418.1757020331,FALSE,24.3455098934551,19164100104,"19164100104_1_S_8",149.74728829603,-19.7029956282131
"331","L_214",32,21,"1_BR_1","Back Reef",1659.85135971801,FALSE,16,19165100103,"19165100103_1_BR_1",149.777937431577,-19.6915729243436
"332","L_214",32,21,"1_SS_1","Sheltered Slope",3651.65954450984,FALSE,25,19165100103,"19165100103_1_SS_1",149.778670047759,-19.6911377392391
"333","L_215",32,22,"1_S_1","Slope",22241.7310760547,FALSE,19.2521367521368,19165100103,"19165100103_1_S_1",149.777936303308,-19.6906787343506
"334","L_215",32,22,"1_S_8","Slope",17262.0304641598,FALSE,33.6649214659686,19165100104,"19165100104_1_S_8",149.777089467801,-19.6900095120395
"335","L_216",36,25,"1_BR_1","Back Reef",11615.7162283445,FALSE,25.748031496063,19165100104,"19165100104_1_BR_1",149.777721502524,-19.6716353485653
"336","L_217",36,21,"1_BR_2","Back Reef",5974.60404401831,FALSE,25.234375,19165100104,"19165100104_1_BR_2",149.789192800418,-19.6786499261939
"337","L_217",36,21,"1_S_3","Slope",137086.720807889,FALSE,20.9699453551913,19165100104,"19165100104_1_S_3",149.787836634447,-19.680398052311
"338","L_218",37,19,"1_BR_3","Back Reef",2323.68018419435,FALSE,35,19165100104,"19165100104_1_BR_3",149.798625659996,-19.6833423568966
"339","L_218",37,19,"1_S_5","Slope",60747.9617630569,FALSE,34.4582043343653,19165100104,"19165100104_1_S_5",149.798198726308,-19.6838209217454
"340","L_219",33,20,"1_BR_4","Back Reef",11619.2640374317,FALSE,34.2016806722689,19165100104,"19165100104_1_BR_4",149.784607992762,-19.6919045056851
"341","L_220",30,19,"1_BR_5","Back Reef",9296.65609119833,FALSE,24.95,19165100104,"19165100104_1_BR_5",149.78057808158,-19.7024356242906
"342","L_221",38,9,"1_BR_6","Back Reef",4649.39952100208,FALSE,20.4166666666667,19165100104,"19165100104_1_BR_6",149.833596329636,-19.7067387208722
"343","L_221",38,9,"1_S_12","Slope",56124.5860958793,FALSE,19.2294807370184,19165100104,"19165100104_1_S_12",149.833178440778,-19.7064386498764
"344","L_222",36,7,"1_BR_7","Back Reef",2657.20105172368,FALSE,35,19165100104,"19165100104_1_BR_7",149.835563458168,-19.7171224480506
"345","L_222",36,7,"1_S_6","Slope",27900.5301724947,FALSE,35,19165100104,"19165100104_1_S_6",149.835255334868,-19.7169856193046
"346","L_223",34,20,"1_C_1","Crest",95272.6724930173,FALSE,25.6021717670286,19165100104,"19165100104_1_C_1",149.787192683262,-19.6873257325612
"347","L_223",34,20,"1_S_10","Slope",82661.0281057125,FALSE,34.8029279279279,19165100104,"19165100104_1_S_10",149.788887507572,-19.6894080492413
"348","L_224",33,19,"1_C_2","Crest",77020.6828635857,FALSE,51.0353227771011,19165100104,"19165100104_1_C_2",149.787101823615,-19.6927778218669
"349","L_224",33,19,"1_S_11","Slope",92960.3844720572,FALSE,27.7710843373494,19165100104,"19165100104_1_S_11",149.788303991724,-19.6958819329145
"350","L_225",32,19,"1_C_3","Crest",162019.19823031,FALSE,35.632183908046,19165100104,"19165100104_1_C_3",149.784670322862,-19.6978418153643
"351","L_225",32,19,"1_SS_3","Sheltered Slope",134461.025467858,FALSE,34.98606271777,19165100104,"19165100104_1_SS_3",149.783885299935,-19.6971554661771
"352","L_226",31,21,"1_C_4","Crest",95283.8017993458,FALSE,27.5319567354966,19165100104,"19165100104_1_C_4",149.77752074963,-19.6979354096438
"353","L_226",31,21,"1_SS_4","Sheltered Slope",70382.9370948421,FALSE,33.969414893617,19165100104,"19165100104_1_SS_4",149.77797076974,-19.6968981614939
"354","L_227",31,20,"1_OF_1","Outer Flat",74368.1556383176,FALSE,51.6981132075472,19165100104,"19165100104_1_OF_1",149.782179815443,-19.6971540322209
"355","L_228",34,21,"1_SS_1","Sheltered Slope",17925.7749755313,FALSE,23.9698492462312,19165100104,"19165100104_1_SS_1",149.786160672049,-19.6871888468017
"356","L_229",33,21,"1_SS_2","Sheltered Slope",52784.0755478442,FALSE,28.5309734513274,19165100104,"19165100104_1_SS_2",149.782677531295,-19.6915618781176
"357","L_230",34,12,"1_S_1","Slope",26235.0057528559,FALSE,35,19165100104,"19165100104_1_S_1",149.810416652082,-19.709627258001
"358","L_231",30,20,"1_S_13","Slope",40836.8480508719,FALSE,34.3908045977011,19165100104,"19165100104_1_S_13",149.777331605805,-19.6996170331946
"359","L_232",36,24,"1_S_14","Slope",33189.4534092173,FALSE,31.5,19165100104,"19165100104_1_S_14",149.781011146882,-19.6745231035621
"360","L_233",38,16,"1_S_15","Slope",25895.2902176045,FALSE,34.4964028776978,19165100104,"19165100104_1_S_15",149.809222053871,-19.6887928236658
"361","L_234",33,24,"1_S_2","Slope",156998.006983507,FALSE,26.176293622142,19165100104,"19165100104_1_S_2",149.774108941176,-19.6815443023089
"362","L_235",35,25,"1_S_4","Slope",145363.832267584,FALSE,22.4481193255512,19165100104,"19165100104_1_S_4",149.775216901661,-19.6729248702748
"363","L_236",31,19,"1_S_7","Slope",134801.618469957,FALSE,28.1022408963585,19165100104,"19165100104_1_S_7",149.783793558812,-19.701744691925
"364","L_237",35,21,"1_S_9","Slope",30871.3618682269,FALSE,28.8769230769231,19165100104,"19165100104_1_S_9",149.786769894561,-19.6851792045699
"365","L_238",1,52,"1_BR_1","Back Reef",2654.97635242576,FALSE,49.4827586206897,19168100104,"19168100104_1_BR_1",149.606826381549,-19.7108374662593
"366","L_238",1,52,"1_S_1","Slope",64714.6584454007,FALSE,19.6879535558781,19168100104,"19168100104_1_S_1",149.607858726083,-19.7101534140016
"367","L_239",1,50,"1_BR_2","Back Reef",5310.25920710154,FALSE,19.9137931034483,19168100104,"19168100104_1_BR_2",149.614589439241,-19.713103982708
"368","L_239",1,50,"1_S_2","Slope",70028.0544291842,FALSE,19.9264705882353,19168100104,"19168100104_1_S_2",149.612956253608,-19.7124836841774
"369","L_239",1,50,"1_BR_1","Back Reef",1659.51977603883,FALSE,6.17647058823529,19169100104,"19169100104_1_BR_1",149.611458772357,-19.7166146944153
"370","L_239",1,50,"1_IF_1","Inner Flat",62730.7471888843,FALSE,15.0971599402093,19169100104,"19169100104_1_IF_1",149.610740900138,-19.7178155857181
"371","L_239",1,50,"1_SS_1","Sheltered Slope",99240.2022041236,FALSE,35.625,19169100104,"19169100104_1_SS_1",149.609492819907,-19.717752421582
"372","L_240",1,51,"1_IF_1","Inner Flat",38166.8065664568,FALSE,31.8627450980392,19168100104,"19168100104_1_IF_1",149.611433178813,-19.7125828373209
"373","L_240",1,51,"1_OF_1","Outer Flat",79982.6102186451,FALSE,33.953488372093,19168100104,"19168100104_1_OF_1",149.608878369791,-19.7116378475098
"374","L_240",1,51,"1_SS_1","Sheltered Slope",89939.6096794247,FALSE,20.213987473904,19168100104,"19168100104_1_SS_1",149.608594100653,-19.712230735189
"375","L_241",1,49,"1_C_1","Crest",297731.944367053,FALSE,8.43799058084772,19169100104,"19169100104_1_C_1",149.612873823725,-19.7196695950552
"376","L_241",1,49,"1_C_2","Crest",171943.543556775,FALSE,22.1127531472359,19169100104,"19169100104_1_C_2",149.61367442014,-19.7232970930652
"377","L_241",1,49,"1_SS_2","Sheltered Slope",55432.6355762454,FALSE,39.5840266222962,19169100104,"19169100104_1_SS_2",149.61031086333,-19.722941937753
"378","L_241",1,49,"1_S_1","Slope",45471.8664794508,FALSE,26.9791666666667,19169100104,"19169100104_1_S_1",149.615090100592,-19.7173554709373
"379","L_242",1,48,"1_S_2","Slope",57425.7405253309,FALSE,32.3089430894309,19169100104,"19169100104_1_S_2",149.615055893859,-19.723689526914
"380","L_243",14,40,"1_BR_1","Back Reef",2986.99178396817,FALSE,35,19170100104,"19170100104_1_BR_1",149.676066181939,-19.6977107575215
"381","L_243",14,40,"1_S_1","Slope",26551.4823487229,FALSE,35,19170100104,"19170100104_1_S_1",149.67682913806,-19.6987284617105
"382","L_244",14,38,"1_BR_2","Back Reef",3983.03642175114,FALSE,35,19170100104,"19170100104_1_BR_2",149.683583469108,-19.7027792642629
"383","L_244",14,38,"1_S_2","Slope",54767.4930353542,FALSE,35,19170100104,"19170100104_1_S_2",149.684301276735,-19.7035795311202
"384","L_245",14,35,"1_S_3","Slope",9294.94621540885,FALSE,35,19170100104,"19170100104_1_S_3",149.694776082221,-19.7093419393125
"385","L_246",23,26,"1_BR_1","Back Reef",7636.19714839524,FALSE,18.8125,19171100104,"19171100104_1_BR_1",149.741908682525,-19.7082360695944
"386","L_246",23,26,"1_S_1","Slope",39177.3003818742,FALSE,15.8591885441527,19171100104,"19171100104_1_S_1",149.742760108786,-19.7085638810856
"387","L_247",23,25,"1_P_1","Patch",4980.17870016396,FALSE,33.3333333333333,19171100104,"19171100104_1_P_1",149.743203424524,-19.7086534422552
"388","L_248",26,22,"1_BR_1","Back Reef",5644.47418823047,FALSE,32.3333333333333,19172100104,"19172100104_1_BR_1",149.760264508273,-19.7081217208421
"389","L_249",24,22,"1_C_1","Crest",23906.6695753923,FALSE,9.86274509803922,19172100104,"19172100104_1_C_1",149.756962256008,-19.7108745023957
"390","L_250",25,22,"1_OF_1","Outer Flat",39511.9026554232,FALSE,24.8561151079137,19172100104,"19172100104_1_OF_1",149.759080338057,-19.7094564202076
"391","L_250",25,22,"1_SS_1","Sheltered Slope",21250.3547790386,FALSE,16.9782608695652,19172100104,"19172100104_1_SS_1",149.757144779568,-19.7107705664917
"392","L_250",25,22,"1_S_1","Slope",90979.2693068683,FALSE,22.8947368421053,19172100104,"19172100104_1_S_1",149.758782716734,-19.7113254385986
"393","L_251",26,20,"1_BR_1","Back Reef",10293.7039201856,FALSE,15.787037037037,19173100104,"19173100104_1_BR_1",149.76630383201,-19.7125613023693
"394","L_252",26,21,"1_S_1","Slope",65414.2267775419,FALSE,11.4667630057803,19173100104,"19173100104_1_S_1",149.765451069704,-19.7121015584108
"395","L_253",32,13,"1_BR_1","Back Reef",2324.64479032764,FALSE,35,19174100104,"19174100104_1_BR_1",149.804933839743,-19.7116309470508
"396","L_253",32,13,"1_S_1","Slope",8966.47602655413,FALSE,15,19174100104,"19174100104_1_S_1",149.805309561379,-19.7114586936558
"397","L_254",32,10,"1_BR_2","Back Reef",6974.90668047126,FALSE,15.8666666666667,19174100104,"19174100104_1_BR_2",149.812611210463,-19.7198684279045
"398","L_255",32,11,"1_S_2","Slope",100305.401487751,FALSE,15.1547842401501,19174100104,"19174100104_1_S_2",149.810462022917,-19.7200769301734
"399","L_256",11,30,"1_BR_1","Back Reef",332.070735084824,FALSE,100,19177100104,"19177100104_1_BR_1",149.701494837759,-19.7311814806227
"400","L_256",11,30,"1_S_4","Slope",35531.9583918368,FALSE,24.8834196891192,19177100104,"19177100104_1_S_4",149.703124696538,-19.7315816669738
"401","L_257",13,28,"1_C_1","Crest",241419.813377869,FALSE,24.5058139534884,19177100104,"19177100104_1_C_1",149.710206478405,-19.730426559002
"402","L_258",15,29,"1_C_2","Crest",150085.751675754,FALSE,35.7405102675793,19177100104,"19177100104_1_C_2",149.71322647401,-19.7235190972622
"403","L_258",15,29,"1_S_2","Slope",25899.5891734203,FALSE,18.2181818181818,19177100104,"19177100104_1_S_2",149.715330499578,-19.7225674825421
"404","L_259",16,30,"1_C_3","Crest",73045.2036077348,FALSE,35.6589147286822,19177100104,"19177100104_1_C_3",149.713034270196,-19.7182747056836
"405","L_259",16,30,"1_S_1","Slope",79021.4633567939,FALSE,23.1547619047619,19177100104,"19177100104_1_S_1",149.714327462627,-19.71781952036
"406","L_260",11,29,"1_C_4","Crest",82022.6358703794,FALSE,31.4597701149425,19177100104,"19177100104_1_C_4",149.70454709128,-19.7314767072062
"407","L_261",15,30,"1_IF_1","Inner Flat",488415.38874203,FALSE,34.2200956937799,19177100104,"19177100104_1_IF_1",149.710247648019,-19.7201950565108
"408","L_262",12,31,"1_IF_2","Inner Flat",121201.372066967,FALSE,61.7465224111283,19177100104,"19177100104_1_IF_2",149.701323687693,-19.728584764181
"409","L_262",12,31,"1_SS_3","Sheltered Slope",121528.723500226,FALSE,38.4270998415214,19177100104,"19177100104_1_SS_3",149.700446659213,-19.7260111666241
"410","L_263",13,29,"1_IF_3","Inner Flat",176987.504144576,FALSE,11.9599578503688,19177100104,"19177100104_1_IF_3",149.709159962903,-19.7268532757162
"411","L_264",16,31,"1_OF_1","Outer Flat",19256.6863616407,FALSE,3.43137254901961,19177100104,"19177100104_1_OF_1",149.710384307614,-19.7163458454354
"412","L_265",14,30,"1_OF_2","Outer Flat",32872.3118781839,FALSE,85.3521126760563,19177100104,"19177100104_1_OF_2",149.707773489793,-19.7238178049135
"413","L_265",14,30,"1_SS_2","Sheltered Slope",25899.4743606481,FALSE,66.514598540146,19177100104,"19177100104_1_SS_2",149.707564028841,-19.7240807997397
"414","L_266",12,30,"1_OF_3","Outer Flat",98289.040878139,FALSE,48.8221381267739,19177100104,"19177100104_1_OF_3",149.702964560187,-19.7279843824715
"415","L_267",15,31,"1_SS_1","Sheltered Slope",80015.7447266611,FALSE,29.5011737089202,19177100104,"19177100104_1_SS_1",149.707153166342,-19.7179081142449
"416","L_268",12,29,"1_SS_4","Sheltered Slope",52135.2441356513,FALSE,51.2075134168157,19177100104,"19177100104_1_SS_4",149.706655937823,-19.7301504237992
"417","L_269",14,29,"1_S_3","Slope",22912.4110630201,FALSE,28.1171548117155,19177100104,"19177100104_1_S_3",149.712557743597,-19.7270947512348
"418","L_270",12,28,"1_S_5","Slope",35533.0733807129,FALSE,25.8909574468085,19177100104,"19177100104_1_S_5",149.71107020136,-19.7319582508517
"419","L_271",25,17,"1_BR_1","Back Reef",5977.98713293858,FALSE,9.75409836065574,19179100104,"19179100104_1_BR_1",149.775543823826,-19.7223913381102
"420","L_271",25,17,"1_S_6","Slope",21254.9644997609,FALSE,7.06140350877193,19179100104,"19179100104_1_S_6",149.775078850429,-19.7221593324432
"421","L_272",25,15,"1_BR_2","Back Reef",5646.36043620389,FALSE,32.1311475409836,19179100104,"19179100104_1_BR_2",149.779713268677,-19.7275756572966
"422","L_273",24,13,"1_BR_3","Back Reef",8968.71131600207,FALSE,32.8125,19179100104,"19179100104_1_BR_3",149.784251104123,-19.7342282689332
"423","L_273",24,13,"1_C_2","Crest",78396.7788174716,FALSE,10.5011933174224,19179100104,"19179100104_1_C_2",149.784737786561,-19.7374149581843
"424","L_273",24,13,"1_S_5","Slope",57799.1737279971,FALSE,36.8065068493151,19179100104,"19179100104_1_S_5",149.782862849285,-19.7355612718853
"425","L_274",22,15,"1_BR_4","Back Reef",664.355493816081,FALSE,30,19179100104,"19179100104_1_BR_4",149.775183272946,-19.7370408303411
"426","L_275",23,12,"1_BR_5","Back Reef",5315.37056383444,FALSE,32.1818181818182,19179100104,"19179100104_1_BR_5",149.78688773414,-19.741442366103
"427","L_276",24,9,"1_BR_6","Back Reef",6977.29587682337,FALSE,16.0526315789474,19179100104,"19179100104_1_BR_6",149.79677480372,-19.7481367752475
"428","L_276",24,9,"1_S_4","Slope",64457.1050456464,FALSE,18.2630813953488,19179100104,"19179100104_1_S_4",149.796717743597,-19.7483518281196
"429","L_277",23,8,"1_BR_7","Back Reef",19272.0737287919,FALSE,35,19179100104,"19179100104_1_BR_7",149.796808148196,-19.7535301486998
"430","L_277",23,8,"1_S_7","Slope",94698.4622364035,FALSE,35.0296442687747,19179100104,"19179100104_1_S_7",149.796031026593,-19.7533149982256
"431","L_278",24,14,"1_C_1","Crest",58130.2411226523,FALSE,14.7327044025157,19179100104,"19179100104_1_C_1",149.782034949175,-19.7343791653491
"432","L_278",24,14,"1_SS_1","Sheltered Slope",20926.8465926219,FALSE,34.3150684931507,19179100104,"19179100104_1_SS_1",149.780632678059,-19.7345669336848
"433","L_279",22,13,"1_C_3","Crest",61790.3498479053,FALSE,2.43161094224924,19179100104,"19179100104_1_C_3",149.780602928602,-19.7419332320184
"434","L_279",22,13,"1_SS_2","Sheltered Slope",41857.2327812072,FALSE,30.2298850574713,19179100104,"19179100104_1_SS_2",149.77954559108,-19.7408972024118
"435","L_280",22,12,"1_C_4","Crest",97342.2419592519,FALSE,7.76340996168582,19179100104,"19179100104_1_C_4",149.782679523901,-19.7457572929114
"436","L_280",22,12,"1_SS_3","Sheltered Slope",61460.9184858012,FALSE,29.8360655737705,19179100104,"19179100104_1_SS_3",149.781674508107,-19.7449300369605
"437","L_280",22,12,"1_S_2","Slope",48172.6857476449,FALSE,34.4054580896686,19179100104,"19179100104_1_S_2",149.782706866178,-19.7456074298246
"438","L_281",22,14,"1_OF_1","Outer Flat",51490.3718705019,FALSE,38.6690647482014,19179100104,"19179100104_1_OF_1",149.778131676552,-19.740292962266
"439","L_281",22,14,"1_S_3","Slope",22588.5155869666,FALSE,24.0506329113924,19179100104,"19179100104_1_S_3",149.775927461257,-19.7382322927953
"440","L_282",24,15,"1_P_1","Patch",3985.86965505127,FALSE,4.65116279069767,19179100104,"19179100104_1_P_1",149.77975502178,-19.7312326724168
"441","L_282",24,15,"1_S_9","Slope",66430.9381903382,FALSE,19.4943820224719,19179100104,"19179100104_1_S_9",149.779706994809,-19.7310017635389
"442","L_283",23,13,"1_S_1","Slope",74080.3529611756,FALSE,29.5880861850444,19179100104,"19179100104_1_S_1",149.781489366398,-19.740149461354
"443","L_284",25,16,"1_S_10","Slope",42845.0297131846,FALSE,19.4021739130435,19179100104,"19179100104_1_S_10",149.778801061552,-19.726308562713
"444","L_285",24,12,"1_S_8","Slope",77069.209681239,FALSE,25,19179100104,"19179100104_1_S_8",149.785944904095,-19.7382441509232
"445","L_286",8,33,"1_BR_1","Back Reef",7969.57300405623,FALSE,35,19180100104,"19180100104_1_BR_1",149.684863641568,-19.7339956982017
"446","L_287",10,31,"1_BR_2","Back Reef",3320.78221809771,FALSE,35,19180100104,"19180100104_1_BR_2",149.696837994661,-19.7338993465825
"447","L_288",6,34,"1_BR_3","Back Reef",30218.8687035628,FALSE,29.8514851485148,19180100104,"19180100104_1_BR_3",149.677664344098,-19.7378562449044
"448","L_288",6,34,"1_SS_5","Sheltered Slope",151093.985276099,FALSE,31.6883116883117,19180100104,"19180100104_1_SS_5",149.677708299897,-19.7376758807927
"449","L_288",6,34,"1_S_3","Slope",332.066672746092,FALSE,35,19180100104,"19180100104_1_S_3",149.675388988815,-19.7364881757424
"450","L_289",4,35,"1_BR_4","Back Reef",15275.5415819306,FALSE,1.46875,19180100104,"19180100104_1_BR_4",149.669767560565,-19.7400628761507
"451","L_289",4,35,"1_SS_1","Sheltered Slope",245069.850495266,FALSE,21.6851356515094,19180100104,"19180100104_1_SS_1",149.66982939224,-19.7391780599763
"452","L_290",6,31,"1_BR_5","Back Reef",17601.8056990919,FALSE,38.7760416666667,19180100104,"19180100104_1_BR_5",149.686406791797,-19.7431504562183
"453","L_290",6,31,"1_SS_3","Sheltered Slope",306209.460400313,FALSE,33.8453325198292,19180100104,"19180100104_1_SS_3",149.685650940556,-19.7443774598322
"454","L_291",4,33,"1_BR_6","Back Reef",22915.3723963858,FALSE,39.0495867768595,19180100104,"19180100104_1_BR_6",149.677933530222,-19.7445800777877
"455","L_291",4,33,"1_OF_1","Outer Flat",38524.9879011,FALSE,68.4863523573201,19180100104,"19180100104_1_OF_1",149.675966455733,-19.7461562002664
"456","L_292",5,32,"1_BR_7","Back Reef",37861.2749423408,FALSE,35.860349127182,19180100104,"19180100104_1_BR_7",149.682196813437,-19.7456445855186
"457","L_293",9,30,"1_C_1","Crest",49481.4092709636,FALSE,9.81132075471698,19180100104,"19180100104_1_C_1",149.697041324957,-19.736398736287
"458","L_293",9,30,"1_S_1","Slope",44499.3684123363,FALSE,22.1186440677966,19180100104,"19180100104_1_S_1",149.696862092362,-19.7353257827367
"459","L_294",7,29,"1_C_2","Crest",47494.5599445244,FALSE,15.9448818897638,19180100104,"19180100104_1_C_2",149.695013037002,-19.7454910763394
"460","L_295",4,32,"1_C_3","Crest",67088.3187542059,FALSE,20.6085753803596,19180100104,"19180100104_1_C_3",149.676855434009,-19.7477690173575
"461","L_295",4,32,"1_SS_7","Sheltered Slope",115247.094706277,FALSE,29.0138549307253,19180100104,"19180100104_1_SS_7",149.681174834148,-19.7475644960326
"462","L_295",4,32,"1_S_5","Slope",35537.2204088378,FALSE,28.3070866141732,19180100104,"19180100104_1_S_5",149.681420202476,-19.7473683233837
"463","L_296",6,29,"1_C_4","Crest",177697.266108633,FALSE,11.1052353252247,19180100104,"19180100104_1_C_4",149.691516865008,-19.7494880724071
"464","L_296",6,29,"1_S_7","Slope",68420.8608841924,FALSE,29.4689655172414,19180100104,"19180100104_1_S_7",149.694449425301,-19.7478573325577
"465","L_297",5,30,"1_C_5","Crest",29892.7773509072,FALSE,17.4603174603175,19180100104,"19180100104_1_C_5",149.686102886586,-19.7502424740193
"466","L_297",5,30,"1_IF_6","Inner Flat",26903.3918601838,FALSE,54.9152542372881,19180100104,"19180100104_1_IF_6",149.68763780275,-19.7495898266969
"467","L_297",5,30,"1_OF_3","Outer Flat",103958.403154167,FALSE,66.4859981933153,19180100104,"19180100104_1_OF_3",149.686958627824,-19.7486324238995
"468","L_297",5,30,"1_S_9","Slope",43511.2955074268,FALSE,35.9139784946237,19180100104,"19180100104_1_S_9",149.687303862879,-19.7511097822472
"469","L_298",9,31,"1_IF_1","Inner Flat",170691.248684687,FALSE,44.4808743169399,19180100104,"19180100104_1_IF_1",149.693798312608,-19.7359006312653
"470","L_298",9,31,"1_OF_2","Outer Flat",124196.396244342,FALSE,44.7467876039305,19180100104,"19180100104_1_OF_2",149.692230362537,-19.734494935134
"471","L_299",4,34,"1_IF_2","Inner Flat",249404.536986382,FALSE,17.8598342125094,19180100104,"19180100104_1_IF_2",149.673404848068,-19.7434379290914
"472","L_300",5,34,"1_IF_3","Inner Flat",188288.917175843,FALSE,27.8165503489531,19180100104,"19180100104_1_IF_3",149.673127308405,-19.7397450249264
"473","L_301",7,30,"1_IF_4","Inner Flat",227172.994937087,FALSE,21.979381443299,19180100104,"19180100104_1_IF_4",149.691690969817,-19.7450823109242
"474","L_302",7,34,"1_IF_5","Inner Flat",38850.9503399148,FALSE,13.5593220338983,19180100104,"19180100104_1_IF_5",149.67950613981,-19.7339408747704
"475","L_302",7,34,"1_OF_5","Outer Flat",116884.435027218,FALSE,26.9879518072289,19180100104,"19180100104_1_OF_5",149.679672113703,-19.7336089780269
"476","L_302",7,34,"1_SS_2","Sheltered Slope",250704.264987747,FALSE,25.3228200371057,19180100104,"19180100104_1_SS_2",149.679706803243,-19.7337253804807
"477","L_303",4,31,"1_OF_4","Outer Flat",56129.8278828259,FALSE,28.476821192053,19180100104,"19180100104_1_OF_4",149.68074904937,-19.7487410890792
"478","L_304",7,32,"1_OF_6","Outer Flat",34869.5634422461,FALSE,38.9784946236559,19180100104,"19180100104_1_OF_6",149.688007765073,-19.738774802812
"479","L_304",7,32,"1_S_2","Slope",1660.39715002105,FALSE,35,19180100104,"19180100104_1_S_2",149.686030258073,-19.7367256414535
"480","L_305",5,33,"1_OF_7","Outer Flat",39851.2935318626,FALSE,30.3317535545024,19180100104,"19180100104_1_OF_7",149.676259311823,-19.7422226966418
"481","L_305",5,33,"1_SS_4","Sheltered Slope",194610.595460579,FALSE,31.3618956438487,19180100104,"19180100104_1_SS_4",149.677745689548,-19.7431417464383
"482","L_306",8,31,"1_P_1","Patch",5645.60982417269,FALSE,28.5483870967742,19180100104,"19180100104_1_P_1",149.693174209773,-19.7383325287658
"483","L_306",8,31,"1_SS_8","Sheltered Slope",207561.547555991,FALSE,32.6782531194296,19180100104,"19180100104_1_SS_8",149.692437601167,-19.7393248138305
"484","L_307",3,34,"1_SS_10","Sheltered Slope",17601.4269600702,FALSE,37.3469387755102,19180100104,"19180100104_1_SS_10",149.67131239786,-19.745193234777
"485","L_307",3,34,"1_S_6","Slope",16273.0477105798,FALSE,34.3055555555556,19180100104,"19180100104_1_S_6",149.671082061784,-19.7453823530268
"486","L_308",7,31,"1_SS_11","Sheltered Slope",213536.762715172,FALSE,36.5168785620342,19180100104,"19180100104_1_SS_11",149.688431173407,-19.7394141605192
"487","L_309",8,32,"1_SS_6","Sheltered Slope",172344.925346835,FALSE,31.3001083423619,19180100104,"19180100104_1_SS_6",149.687792354225,-19.7345132869482
"488","L_310",9,32,"1_SS_9","Sheltered Slope",41508.4208365618,FALSE,26.3272311212815,19180100104,"19180100104_1_SS_9",149.693037943992,-19.7324521174841
"489","L_311",8,30,"1_S_4","Slope",105609.687751287,FALSE,29.2882249560633,19180100104,"19180100104_1_S_4",149.693178879999,-19.7407632178377
"490","L_312",3,33,"1_S_8","Slope",22252.0094032022,FALSE,33.1702127659574,19180100104,"19180100104_1_S_8",149.675408512837,-19.7479298941742
"491","L_313",12,23,"1_BR_1","Back Reef",4650.32226239797,FALSE,35,19182100104,"19182100104_1_BR_1",149.724596301229,-19.7463131489663
"492","L_313",12,23,"1_S_5","Slope",12622.2317471453,FALSE,35,19182100104,"19182100104_1_S_5",149.724260770124,-19.7459861552382
"493","L_314",12,21,"1_BR_2","Back Reef",4982.85066551901,FALSE,21.3888888888889,19182100104,"19182100104_1_BR_2",149.73202819519,-19.7497974278892
"494","L_314",12,21,"1_S_6","Slope",46507.2464208174,FALSE,34.72,19182100104,"19182100104_1_S_6",149.731587769449,-19.7508906551256
"495","L_315",10,20,"1_BR_3","Back Reef",9302.38830457116,FALSE,32.5252525252525,19182100104,"19182100104_1_BR_3",149.729444235646,-19.7586579213341
"496","L_315",10,20,"1_S_1","Slope",56812.8299808376,FALSE,34.0809443507589,19182100104,"19182100104_1_S_1",149.730121680209,-19.7607989912039
"497","L_316",11,17,"1_BR_4","Back Reef",20268.2243530941,FALSE,32.5235849056604,19182100104,"19182100104_1_BR_4",149.739823702164,-19.7644110201538
"498","L_317",12,19,"1_C_1","Crest",61793.8952057529,FALSE,15.1057401812689,19182100104,"19182100104_1_C_1",149.737793288366,-19.7560641346345
"499","L_317",12,19,"1_SS_1","Sheltered Slope",15946.8029633695,FALSE,10.7954545454545,19182100104,"19182100104_1_SS_1",149.736115348805,-19.7564189596348
"500","L_317",12,19,"1_S_2","Slope",149169.296300074,FALSE,27.903717245582,19182100104,"19182100104_1_S_2",149.737338257478,-19.7562495027195
"501","L_318",10,18,"1_C_2","Crest",134894.177762612,FALSE,11.0263522884882,19182100104,"19182100104_1_C_2",149.734926051983,-19.7624627936884
"502","L_318",10,18,"1_S_4","Slope",93697.4779154002,FALSE,20.8624127617149,19182100104,"19182100104_1_S_4",149.735093141444,-19.764349772979
"503","L_319",10,19,"1_OF_1","Outer Flat",61133.3644204587,FALSE,44.1538461538462,19182100104,"19182100104_1_OF_1",149.732400797013,-19.7619466029838
"504","L_319",10,19,"1_SS_2","Sheltered Slope",150505.377790914,FALSE,23.668108776267,19182100104,"19182100104_1_SS_2",149.732880586003,-19.7607303944234
"505","L_320",11,18,"1_S_3","Slope",154167.881289636,FALSE,25.8464805825243,19182100104,"19182100104_1_S_3",149.739006199945,-19.76295448963
"506","L_321",9,22,"1_S_7","Slope",33221.0154978456,FALSE,35,19182100104,"19182100104_1_S_7",149.723235080524,-19.7562223338029
"507","L_322",10,24,"1_S_8","Slope",76398.698898342,FALSE,21.4433617539586,19182100104,"19182100104_1_S_8",149.716026298094,-19.748848843367
"508","L_323",7,19,"1_C_1","Crest",57482.8852705359,FALSE,8.26580226904376,19186100104,"19186100104_1_C_1",149.725317600053,-19.7689168181401
"509","L_324",7,20,"1_SS_1","Sheltered Slope",8306.66354366718,FALSE,14.6067415730337,19186100104,"19186100104_1_SS_1",149.724752898307,-19.7680809643621
"510","L_324",7,20,"1_S_1","Slope",66121.2544730613,FALSE,22.0190895741557,19186100104,"19186100104_1_S_1",149.724881411285,-19.7682822059888
"511","L_325",12,11,"1_BR_1","Back Reef",20272.8714990453,FALSE,48.5545023696682,19188100104,"19188100104_1_BR_1",149.762367329657,-19.7756387049703
"512","L_325",12,11,"1_SS_1","Sheltered Slope",27584.3692621235,FALSE,19.1304347826087,19188100104,"19188100104_1_SS_1",149.761128241096,-19.7758516857582
"513","L_326",11,12,"1_BR_2","Back Reef",17946.5442903717,FALSE,40.2356020942408,19188100104,"19188100104_1_BR_2",149.757029388983,-19.7771610348671
"514","L_327",12,9,"1_BR_3","Back Reef",17947.6346087572,FALSE,31.5364583333333,19188100104,"19188100104_1_BR_3",149.766700669818,-19.7792768549022
"515","L_328",9,10,"1_BR_4","Back Reef",20939.7590021165,FALSE,30.045045045045,19188100104,"19188100104_1_BR_4",149.756961643749,-19.7844884152863
"516","L_328",9,10,"1_IF_1","Inner Flat",152235.415277338,FALSE,42.0166769610871,19188100104,"19188100104_1_IF_1",149.758368058388,-19.787328430323
"517","L_328",9,10,"1_SS_3","Sheltered Slope",178490.133969661,FALSE,21.8503937007874,19188100104,"19188100104_1_SS_3",149.759122969286,-19.7854435697091
"518","L_329",10,8,"1_BR_5","Back Reef",27256.6011635801,TRUE,29.8805460750853,19188100104,"19188100104_1_BR_5",149.764549645528,-19.7871476427516
"519","L_329",10,8,"1_SS_4","Sheltered Slope",112351.620337619,FALSE,23.8242677824268,19188100104,"19188100104_1_SS_4",149.765137329673,-19.7878066212996
"520","L_330",7,9,"1_BR_6","Back Reef",3324.15129645029,FALSE,14.5454545454545,19188100104,"19188100104_1_BR_6",149.756188477474,-19.7929156709777
"521","L_330",7,9,"1_C_3","Crest",129977.129884575,FALSE,16.3098693759071,19188100104,"19188100104_1_C_3",149.758065557018,-19.7940376581727
"522","L_331",10,7,"1_C_1","Crest",97398.0999366045,FALSE,19.4498069498069,19188100104,"19188100104_1_C_1",149.767662107532,-19.7905748289248
"523","L_331",10,7,"1_OF_2","Outer Flat",86426.4636401278,FALSE,54.9891774891775,19188100104,"19188100104_1_OF_2",149.768749747807,-19.7887478096265
"524","L_332",12,8,"1_C_2","Crest",133952.542032313,FALSE,20.2777777777778,19188100104,"19188100104_1_C_2",149.77270994385,-19.7832596801978
"525","L_332",12,8,"1_OF_1","Outer Flat",89746.2739847116,FALSE,63.0094043887147,19188100104,"19188100104_1_OF_1",149.771005854271,-19.7847780554111
"526","L_332",12,8,"1_SS_2","Sheltered Slope",28584.5699217091,FALSE,5.14423076923077,19188100104,"19188100104_1_SS_2",149.770143920816,-19.7817502848157
"527","L_333",13,9,"1_C_4","Crest",114000.055121772,FALSE,16.6954732510288,19188100104,"19188100104_1_C_4",149.768595252483,-19.7784158764482
"528","L_333",13,9,"1_S_4","Slope",64145.7997182519,FALSE,14.0684133915575,19188100104,"19188100104_1_S_4",149.769081087091,-19.7782978373172
"529","L_334",11,7,"1_C_5","Crest",76786.5800450956,FALSE,6.82587666263603,19188100104,"19188100104_1_C_5",149.771612622224,-19.7880706143267
"530","L_335",8,9,"1_IF_2","Inner Flat",138282.125869394,FALSE,22.9906229068989,19188100104,"19188100104_1_IF_2",149.756653722405,-19.7914666855359
"531","L_335",8,9,"1_OF_3","Outer Flat",109027.787698322,FALSE,41.1614853195164,19188100104,"19188100104_1_OF_3",149.757836166958,-19.7896349352027
"532","L_336",12,12,"1_P_1","Patch",3987.97900432721,FALSE,4.65116279069767,19188100104,"19188100104_1_P_1",149.759214692124,-19.774082558564
"533","L_336",12,12,"1_S_1","Slope",292784.473562249,FALSE,26.3581616481775,19188100104,"19188100104_1_S_1",149.758651830961,-19.7743019424235
"534","L_337",8,10,"1_SS_5","Sheltered Slope",63821.3967975914,FALSE,25.8296622613803,19188100104,"19188100104_1_SS_5",149.755962433882,-19.7903599929294
"535","L_338",10,12,"1_S_2","Slope",68795.464714407,FALSE,35.0203804347826,19188100104,"19188100104_1_S_2",149.75545093779,-19.7779265545783
"536","L_339",13,10,"1_S_3","Slope",83086.0485817785,FALSE,31.2004530011325,19188100104,"19188100104_1_S_3",149.764908760035,-19.7754864285042
"537","L_340",7,10,"1_S_5","Slope",50194.4759641993,FALSE,18.5557586837294,19188100104,"19188100104_1_S_5",149.754505180888,-19.7930107695448
"538","L_341",9,7,"1_S_6","Slope",25263.8582519619,FALSE,30,19188100104,"19188100104_1_S_6",149.765992372552,-19.7914999225465
"539","L_342",9,11,"1_S_7","Slope",54508.6960987165,FALSE,34.7008547008547,19188100104,"19188100104_1_S_7",149.7555166475,-19.7833026094286
"540","L_343",8,8,"1_S_8","Slope",25596.8860030035,FALSE,23.5090909090909,19188100104,"19188100104_1_S_8",149.760323007805,-19.7945423710363
"541","L_344",13,8,"1_S_9","Slope",17948.8007907113,FALSE,21.0880829015544,19188100104,"19188100104_1_S_9",149.773288809705,-19.7824218222405
"542","L_346",6,1,"1_C_1","Crest",65514.9884146336,FALSE,15.3409090909091,19194100104,"19194100104_1_C_1",149.778804001261,-19.8198233768929
"543","L_346",6,1,"1_S_1","Slope",85133.1855949829,FALSE,20.0776053215078,19194100104,"19194100104_1_S_1",149.777716202035,-19.817494164593
"544","L_346",6,1,"1_S_2","Slope",28268.8194828797,FALSE,33.0872483221477,19194100104,"19194100104_1_S_2",149.780494875588,-19.821809714735
"545","L_347",5,1,"1_C_2","Crest",130041.874508633,FALSE,27.8179190751445,19194100104,"19194100104_1_C_2",149.779516922862,-19.824987619132
"546","L_347",5,1,"1_OF_3","Outer Flat",70170.9647863652,FALSE,37.4666666666667,19194100104,"19194100104_1_OF_3",149.777245413575,-19.820279021121
"547","L_347",5,1,"1_SS_1","Sheltered Slope",32591.0187873389,FALSE,35.4378531073446,19194100104,"19194100104_1_SS_1",149.775467850019,-19.8201736208717
"548","L_347",5,1,"1_S_3","Slope",30931.2810076657,FALSE,44.1666666666667,19194100104,"19194100104_1_S_3",149.780543775614,-19.8261618084152
"549","L_348",3,1,"1_C_3","Crest",111088.331665327,FALSE,46.8067226890756,19194100104,"19194100104_1_C_3",149.775852308976,-19.8284279604738
"550","L_349",4,1,"1_IF_1","Inner Flat",34255.6771172127,FALSE,33.2432432432432,19194100104,"19194100104_1_IF_1",149.774994221226,-19.8241916180626
"551","L_349",4,1,"1_OF_1","Outer Flat",284359.680568366,FALSE,55.0510036196117,19194100104,"19194100104_1_OF_1",149.776847962927,-19.8248521123073
"552","L_349",4,1,"1_SS_2","Sheltered Slope",55541.0706078564,FALSE,50.8319185059423,19194100104,"19194100104_1_SS_2",149.773483252014,-19.8249518744707
"553","L_350",27,40,"1_C_1","Crest",71988.8835528176,FALSE,40.4915912031048,19252100104,"19252100104_1_C_1",149.708419917587,-19.6594514825284
"554","L_350",27,40,"1_SS_1","Sheltered Slope",16255.4974073493,FALSE,18.9570552147239,19252100104,"19252100104_1_SS_1",149.707560834346,-19.6594027555577
"555","L_350",27,40,"1_S_1","Slope",57391.9364270908,FALSE,28.8279932546374,19252100104,"19252100104_1_S_1",149.708913755604,-19.6591825037233
"556","L_351",23,19,"1_BR_1","Back Reef",15940.683991062,FALSE,11.9653179190751,19257100104,"19257100104_1_BR_1",149.764029503285,-19.722302789033
"557","L_352",22,17,"1_BR_2","Back Reef",5314.28062002128,FALSE,11.271186440678,19257100104,"19257100104_1_BR_2",149.766667059948,-19.7314061668184
"558","L_352",22,17,"1_S_2","Slope",26571.6314384434,FALSE,6.14695340501792,19257100104,"19257100104_1_S_2",149.766461115563,-19.7320740873437
"559","L_353",24,20,"1_C_1","Crest",43503.1478158948,FALSE,6.40086206896552,19257100104,"19257100104_1_C_1",149.76234680529,-19.7199958243268
"560","L_353",24,20,"1_SS_1","Sheltered Slope",2656.63523113588,FALSE,30.2,19257100104,"19257100104_1_SS_1",149.761861610923,-19.7188764519638
"561","L_354",25,19,"1_P_1","Patch",3984.99535134854,FALSE,13.3333333333333,19257100104,"19257100104_1_P_1",149.768553757268,-19.7180838855203
"562","L_355",24,19,"1_S_1","Slope",88335.7880925457,FALSE,15.7894736842105,19257100104,"19257100104_1_S_1",149.767208903742,-19.7197992801078
