"","siteref","x","y","site_id","habitat","area","benthic","rubble","k","Reef","long","lat"
"1","L_1",29,24,"HR_BR_1","Back Reef",23349.879659599,"Hard Substrate",FALSE,70.954356846473,"Hastings",146.014438505911,-16.499713153526
"2","L_2",27,23,"HR_BR_2","Back Reef",10897.8068499045,"Hard Substrate",FALSE,54.8672566371681,"Hastings",146.0174923527,-16.504998142749
"3","L_3",26,27,"HR_BR_3","Back Reef",1868.36356132997,"NaN",FALSE,100,"Hastings",146.012532177791,-16.5120140103658
"4","L_4",25,32,"HR_BR_4","Back Reef",25536.9019445762,"Sand",FALSE,48.5401459854015,"Hastings",146.00664317351,-16.5201235349837
"5","L_4",25,32,"HR_SS_3","Sheltered Slope",46401.501752362,"Hard Substrate",FALSE,83.9175257731959,"Hastings",146.005738341363,-16.5193007714473
"6","L_5",24,35,"HR_BR_5","Back Reef",24916.6561054294,"Hard Substrate",FALSE,57.5187969924812,"Hastings",146.003576263226,-16.5273414042935
"7","L_6",24,38,"HR_BR_6","Back Reef",13080.5987977013,"Rock",FALSE,50.354609929078,"Hastings",145.995973304535,-16.5272322034938
"8","L_6",24,38,"HR_OF_6","Outer Flat",101844.782557209,"Hard Substrate",FALSE,55.358807082945,"Hastings",145.997338882397,-16.5284357702174
"9","L_7",22,28,"HR_BR_7","Back Reef",5295.16857596869,"Rock",FALSE,55.7692307692308,"Hastings",146.017729126666,-16.5263601385599
"10","L_8",24,43,"HR_BR_8","Back Reef",13703.8193177086,"Rock",FALSE,94.5945945945946,"Hastings",145.988394306515,-16.5313997436001
"11","L_8",24,43,"HR_S_12","Slope",26162.5959067008,"Rock",FALSE,83.3962264150943,"Hastings",145.988243803826,-16.5331504581267
"12","L_9",27,20,"HR_C_1","Crest",108043.812358834,"Rock",FALSE,14.4375553587245,"Hastings",146.023209657922,-16.5028436096255
"13","L_10",24,21,"HR_C_2","Crest",160080.805426231,"Rock",FALSE,22.4940334128878,"Hastings",146.026549740611,-16.5158141543995
"14","L_11",25,20,"HR_C_3","Crest",231377.419270042,"Rock",FALSE,29.1735537190083,"Hastings",146.027657122396,-16.5095115212239
"15","L_12",24,41,"HR_C_4","Crest",27407.6256770508,"Rock",FALSE,18.75,"Hastings",145.992584250041,-16.5298594771124
"16","L_12",24,41,"HR_OF_8","Outer Flat",11212.1629462179,"Rock",FALSE,16.3793103448276,"Hastings",145.991021212035,-16.5301888896891
"17","L_12",24,41,"HR_S_1","Slope",308959.065438953,"Rock",FALSE,64.4230769230769,"Hastings",145.992115500858,-16.530102645946
"18","L_13",28,21,"HR_C_5","Crest",68183.7107626674,"Rock",FALSE,36.4016736401674,"Hastings",146.019097032664,-16.4997822835023
"19","L_14",23,24,"HR_C_6","Crest",121158.291433937,"Rock",FALSE,25.1383399209486,"Hastings",146.023304570755,-16.5206683198439
"20","L_15",23,27,"HR_C_7","Crest",63539.2906298579,"Rock",FALSE,44.8795180722892,"Hastings",146.018390489628,-16.5236194870581
"21","L_16",23,30,"HR_C_8","Crest",20557.077478418,"Rock",FALSE,44.7004608294931,"Hastings",146.012457716829,-16.5264914629426
"22","L_17",24,25,"HR_IF_1","Inner Flat",303961.821976303,"Hard Substrate",FALSE,58.3647798742138,"Hastings",146.019564979931,-16.5174153990851
"23","L_18",25,22,"HR_IF_2","Inner Flat",305184.680065071,"Hard Substrate",FALSE,67.8593848085374,"Hastings",146.022966752436,-16.5118162948454
"24","L_19",24,27,"HR_IF_3","Inner Flat",294311.813935243,"Hard Substrate",FALSE,65.2583685407865,"Hastings",146.015702611582,-16.5197228866345
"25","L_20",28,23,"HR_IF_4","Inner Flat",111466.842819066,"Hard Substrate",FALSE,59.2592592592593,"Hastings",146.018391692874,-16.503553545043
"26","L_21",24,23,"HR_IF_5","Inner Flat",293365.826724,"Hard Substrate",FALSE,59.7914630172695,"Hastings",146.022055222669,-16.5150945660955
"27","L_22",26,22,"HR_IF_6","Inner Flat",367439.645472617,"Hard Substrate",FALSE,67.4636174636175,"Hastings",146.02220939563,-16.5077159055574
"28","L_23",24,31,"HR_IF_7","Inner Flat",202753.173829337,"Sand",FALSE,41.8944392082941,"Hastings",146.01042869335,-16.5230754168229
"29","L_24",24,36,"HR_IF_8","Inner Flat",228603.732864514,"Sand",FALSE,39.1852162956741,"Hastings",146.001427727354,-16.5264413852743
"30","L_24",24,36,"HR_OF_7","Outer Flat",33014.6250540103,"Hard Substrate",FALSE,80.9798270893372,"Hastings",146.001671244826,-16.5281292122558
"31","L_25",24,33,"HR_IF_9","Inner Flat",133303.967761478,"Sand",FALSE,42.0071684587814,"Hastings",146.006277270543,-16.5262910450155
"32","L_26",27,21,"HR_OF_1","Outer Flat",161604.645831953,"Rock",FALSE,47.3715298287064,"Hastings",146.023305257833,-16.5049663310187
"33","L_27",23,28,"HR_OF_2","Outer Flat",184073.409637204,"Hard Substrate",FALSE,62.148070907195,"Hastings",146.016025710113,-16.5233206821361
"34","L_28",28,22,"HR_OF_3","Outer Flat",121425.823698734,"Hard Substrate",FALSE,68.6413902053713,"Hastings",146.018251901242,-16.5014366064162
"35","L_29",23,25,"HR_OF_4","Outer Flat",68520.9816307083,"Rock",FALSE,46.7315716272601,"Hastings",146.020802250095,-16.521224847102
"36","L_30",23,32,"HR_OF_5","Outer Flat",220827.948440674,"Hard Substrate",FALSE,64.7569444444444,"Hastings",146.009644512324,-16.5262062016098
"37","L_31",24,22,"HR_OF_9","Outer Flat",7163.08890135043,"Rock",FALSE,6.66666666666667,"Hastings",146.026076664815,-16.5154977348992
"38","L_32",28,24,"HR_SS_1","Sheltered Slope",8406.44721734681,"Hard Substrate",FALSE,94.3820224719101,"Hastings",146.015621355949,-16.5027066840432
"39","L_33",27,27,"HR_SS_2","Sheltered Slope",16814.8286385795,"Hard Substrate",FALSE,86.7816091954023,"Hastings",146.013004855471,-16.5103515154523
"40","L_34",29,23,"HR_S_10","Slope",166871.210262875,"Rock",FALSE,78.0585870189546,"Hastings",146.014604860349,-16.4987590285908
"41","L_35",25,19,"HR_S_11","Slope",113045.728540311,"Rock",FALSE,62.8595600676819,"Hastings",146.030220315147,-16.5106481526696
"42","L_36",22,25,"HR_S_13","Slope",79737.8468698029,"Hard Substrate",FALSE,76.0817307692308,"Hastings",146.022703177267,-16.5237033518785
"43","L_37",24,39,"HR_S_14","Slope",109635.095032511,"Rock",FALSE,42.7821522309711,"Hastings",145.99730986689,-16.5305748480671
"44","L_38",24,20,"HR_S_15","Slope",107759.295503187,"Rock",FALSE,58.1850533807829,"Hastings",146.029220913402,-16.5151820815875
"45","L_39",26,18,"HR_S_2","Slope",129226.585825633,"Rock",FALSE,62.3048327137546,"Hastings",146.028253863889,-16.5054876675219
"46","L_40",22,33,"HR_S_3","Slope",220839.717688187,"Rock",FALSE,55.724197745013,"Hastings",146.008075091498,-16.5298845202291
"47","L_41",29,21,"HR_S_4","Slope",128890.186355565,"Rock",FALSE,72.6800296956199,"Hastings",146.018540398795,-16.4977128579598
"48","L_42",28,20,"HR_S_5","Slope",146026.865591786,"Rock",FALSE,58.5413929040736,"Hastings",146.023795147012,-16.5012275958062
"49","L_43",23,23,"HR_S_6","Slope",131748.742881676,"Hard Substrate",FALSE,76.7492711370262,"Hastings",146.026238958833,-16.519948023908
"50","L_44",22,30,"HR_S_7","Slope",215545.484579705,"Rock",FALSE,58.980044345898,"Hastings",146.014171732233,-16.52792176084
"51","L_45",22,27,"HR_S_8","Slope",164460.975657233,"Rock",FALSE,60.3238866396761,"Hastings",146.018794549209,-16.5257192363588
"52","L_46",23,36,"HR_S_9","Slope",149505.206604737,"Rock",FALSE,40.795381654907,"Hastings",146.002051232839,-16.5299553202581
"53","L_47",50,15,"NR_BR_1","Back Reef",9637.04158885695,"Rock",FALSE,52.8846153846154,"Norman",145.995180146179,-16.4209656777949
"54","L_47",50,15,"NR_SS_1","Sheltered Slope",23004.2614381237,"Rock",FALSE,65.9663865546218,"Norman",145.996191563053,-16.4198333359749
"55","L_48",50,18,"NR_BR_2","Back Reef",9948.53114731004,"Hard Substrate",FALSE,60.3960396039604,"Norman",145.991907416723,-16.4257163346931
"56","L_49",47,11,"NR_BR_3","Back Reef",310.932748954415,"NaN",FALSE,100,"Norman",146.006645743806,-16.4280482064292
"57","L_50",49,21,"NR_BR_4","Back Reef",15234.5502094443,"Rock",FALSE,59.2356687898089,"Norman",145.987734306099,-16.4305234702763
"58","L_51",46,16,"NR_C_1","Crest",111632.517660308,"Rock",FALSE,37.8632478632479,"Norman",146.000118519499,-16.4343853833741
"59","L_51",46,16,"NR_S_4","Slope",159838.354862995,"Rock",FALSE,64.7340107591154,"Norman",146.000777298321,-16.4370406106886
"60","L_52",48,14,"NR_C_2","Crest",122504.304536377,"Rock",FALSE,21.5900233826968,"Norman",146.002129147714,-16.428162882665
"61","L_53",47,20,"NR_C_3","Crest",104475.651322008,"Rock",FALSE,36.5965233302836,"Norman",145.991554968623,-16.4347581560122
"62","L_54",49,12,"NR_C_4","Crest",100733.347400218,"Rock",FALSE,18.8212927756654,"Norman",146.002747078554,-16.4243608685273
"63","L_55",50,12,"NR_C_5","Crest",100413.459909112,"Rock",FALSE,21.6396568160153,"Norman",146.00120376969,-16.4197504596937
"64","L_56",48,15,"NR_IF_1","Inner Flat",122190.641996942,"Hard Substrate",FALSE,70.2511773940345,"Norman",145.999309226803,-16.4278942077452
"65","L_57",48,18,"NR_IF_2","Inner Flat",399844.018760614,"Hard Substrate",FALSE,54.251497005988,"Norman",145.99374061798,-16.4304808578102
"66","L_58",49,16,"NR_IF_3","Inner Flat",134618.690773234,"Hard Substrate",FALSE,56.7259786476868,"Norman",145.995013728185,-16.4257268633092
"67","L_58",49,16,"NR_OF_5","Outer Flat",273898.677372699,"Hard Substrate",FALSE,54.8308336239972,"Norman",145.996415694573,-16.4247540924516
"68","L_59",47,16,"NR_OF_1","Outer Flat",259012.700894575,"Rock",FALSE,47.4207811348563,"Norman",145.99933872112,-16.4319794359164
"69","L_60",50,14,"NR_OF_2","Outer Flat",268291.076748864,"Rock",FALSE,49.3048128342246,"Norman",145.998929846419,-16.4213671190864
"70","L_61",48,21,"NR_OF_3","Outer Flat",82394.6633982429,"Rock",FALSE,41.6763678696158,"Norman",145.988537563784,-16.4328432986714
"71","L_62",49,14,"NR_OF_4","Outer Flat",63425.2630242444,"Hard Substrate",FALSE,61.2708018154312,"Norman",146.000783676061,-16.425582757878
"72","L_63",47,18,"NR_OF_6","Outer Flat",124686.759757889,"Hard Substrate",FALSE,57.033051498847,"Norman",145.994710063774,-16.4336440169866
"73","L_64",49,20,"NR_OF_7","Outer Flat",99491.1605761376,"Hard Substrate",FALSE,73.9255014326648,"Norman",145.990499661205,-16.4296483668902
"74","L_65",48,11,"NR_S_1","Slope",166958.095558715,"Rock",FALSE,59.4733829421866,"Norman",146.005216473584,-16.4241215051619
"75","L_66",47,12,"NR_S_2","Slope",148625.372812482,"Rock",FALSE,71.4100905562743,"Norman",146.004667088314,-16.4285775325436
"76","L_67",50,11,"NR_S_3","Slope",145489.553175063,"Rock",FALSE,41.7596848325673,"Norman",146.002289763329,-16.4188922836194
"77","L_68",48,22,"NR_S_5","Slope",61562.0136812985,"Rock",FALSE,66.1971830985916,"Norman",145.987632757433,-16.4324362940135
"78","L_69",46,14,"NR_S_6","Slope",90798.4822616441,"Rock",FALSE,57.4132492113565,"Norman",146.003495209831,-16.4330982269317
"79","L_70",47,19,"NR_S_7","Slope",116918.984954823,"Rock",FALSE,71.6516023007395,"Norman",145.994949559584,-16.4363732475904
"80","L_71",41,31,"SR_BR_1","Back Reef",11509.8404505603,"Rock",FALSE,19.6581196581197,"Saxon",145.982036987381,-16.463851443983
"81","L_71",41,31,"SR_OF_2","Outer Flat",199095.589312227,"Rock",FALSE,38.9585342333655,"Saxon",145.982760622992,-16.4654819526386
"82","L_72",39,23,"SR_BR_2","Back Reef",23956.63041974,"Rock",FALSE,90.9465020576132,"Saxon",146.000180851682,-16.4662899403368
"83","L_72",39,23,"SR_S_3","Slope",118228.212003031,"Rock",FALSE,85.6567284448026,"Saxon",145.999998824188,-16.4666791715873
"84","L_73",41,27,"SR_C_1","Crest",143720.339353959,"Rock",FALSE,34.2876165113182,"Saxon",145.99017669857,-16.4620583484956
"85","L_74",40,29,"SR_C_2","Crest",76841.1759386536,"Rock",FALSE,19.4235588972431,"Saxon",145.986651503047,-16.4661241493013
"86","L_74",40,29,"SR_S_4","Slope",68754.1501580059,"Rock",FALSE,73.0662983425414,"Saxon",145.987821481417,-16.4669682549006
"87","L_75",40,32,"SR_C_3","Crest",69997.3324402141,"Rock",FALSE,13.469387755102,"Saxon",145.982659732925,-16.4678291968096
"88","L_76",41,28,"SR_OF_1","Outer Flat",332857.770486751,"Rock",FALSE,37.3138602520046,"Saxon",145.987469975736,-16.4628646318102
"89","L_77",42,29,"SR_SS_1","Sheltered Slope",2177.45219777836,"Rock",FALSE,0,"Saxon",145.984891915065,-16.460545917893
"90","L_78",41,26,"SR_S_1","Slope",98615.0659252508,"Rock",FALSE,56.8646543330088,"Saxon",145.992652345531,-16.4621997775265
"91","L_79",42,28,"SR_S_2","Slope",20530.2504832803,"Rock",FALSE,62.9107981220657,"Saxon",145.986015148199,-16.4600472112564
"92","L_80",40,33,"SR_S_5","Slope",56619.5112270803,"Rock",FALSE,61.4213197969543,"Saxon",145.979991520561,-16.468232487699
"93","L_81",37,1,"OR_BR_1","Back Reef",2177.8329656486,"NaN",FALSE,100,"Onyx",146.067608198417,-16.4408005208272
"94","L_81",37,1,"OR_S_1","Slope",186045.363044421,"Rock",FALSE,98.1025641025641,"Onyx",146.067371493962,-16.4396615089524
"95","L_82",26,63,"JP_BR_1","Back Reef",10589.0156874464,"Rock",FALSE,3.6036036036036,"Jorgensen",145.952415244306,-16.5429412600271
"96","L_83",26,62,"JP_S_1","Slope",185619.318607237,"Rock",FALSE,52.8753180661578,"Jorgensen",145.953228633274,-16.5426623452826
"97","L_84",13,55,"BP_BR_1","Back Reef",10286.0646260688,"Rock",FALSE,60.1851851851852,"Breaking",145.9860848966,-16.5788558489448
"98","L_84",13,55,"BP_SS_1","Sheltered Slope",27741.2002354215,"Rock",FALSE,85.7638888888889,"Breaking",145.985718195383,-16.5789652124851
"99","L_85",13,59,"BP_BR_2","Back Reef",23378.2916214012,"Rock",FALSE,58.5774058577406,"Breaking",145.978214057716,-16.5839006260333
"100","L_86",13,62,"BP_BR_3","Back Reef",10909.9264543022,"NaN",FALSE,100,"Breaking",145.972974285193,-16.5861248972958
"101","L_86",13,62,"BP_SS_3","Sheltered Slope",137774.579650773,"Rock",FALSE,55.7014512785073,"Breaking",145.973828316752,-16.5848786737129
"102","L_86",13,62,"BP_S_1","Slope",8728.01233064629,"NaN",FALSE,100,"Breaking",145.974338171125,-16.5861147863111
"103","L_87",13,60,"BP_SS_2","Sheltered Slope",260896.942370941,"Rock",FALSE,51.2727272727273,"Breaking",145.977541712879,-16.5830746977029
"104","L_88",13,21,"MR_BR_1","Back Reef",20881.8424770295,"Hard Substrate",FALSE,62.0192307692308,"Michaelmas",146.044806533279,-16.5518856359109
"105","L_89",9,65,"MR_BR_10","Back Reef",11536.094375001,"Rock",FALSE,81.3559322033898,"Michaelmas",145.973431391274,-16.599877749471
"106","L_89",9,65,"MR_SS_2","Sheltered Slope",32425.7370652009,"Rock",FALSE,82.8908554572271,"Michaelmas",145.973313352506,-16.5998517954548
"107","L_90",5,49,"MR_BR_11","Back Reef",2806.76321312011,"NaN",FALSE,100,"Michaelmas",146.007446580352,-16.6017401827707
"108","L_90",5,49,"MR_S_3","Slope",169338.649651361,"Rock",FALSE,74.4488411531939,"Michaelmas",146.007076213694,-16.6009437963207
"109","L_91",9,68,"MR_BR_12","Back Reef",11536.3482366778,"Rock",FALSE,78.9473684210526,"Michaelmas",145.968786527225,-16.602889662358
"110","L_92",8,70,"MR_BR_13","Back Reef",30869.3482235028,"Rock",FALSE,81.3880126182965,"Michaelmas",145.96703958984,-16.6069587327805
"111","L_93",5,55,"MR_BR_14","Back Reef",12786.5554140809,"Rock",FALSE,96.9924812030075,"Michaelmas",145.997263702839,-16.606376945768
"112","L_93",5,55,"MR_S_18","Slope",51145.4143010679,"Rock",FALSE,62.6168224299065,"Michaelmas",145.996280593796,-16.6057854075995
"113","L_94",5,58,"MR_BR_15","Back Reef",8420.63360888418,"Rock",FALSE,77.0114942528736,"Michaelmas",145.991927041803,-16.6098301646133
"114","L_94",5,58,"MR_S_25","Slope",99174.5348613275,"Rock",FALSE,79.0585975024015,"Michaelmas",145.992126639342,-16.6086826777304
"115","L_95",7,70,"MR_BR_16","Back Reef",8107.96707484695,"NaN",FALSE,100,"Michaelmas",145.970317903067,-16.6120229386723
"116","L_96",5,63,"MR_BR_17","Back Reef",18712.536830578,"Rock",FALSE,89.0625,"Michaelmas",145.984742568212,-16.6125068878919
"117","L_97",5,66,"MR_BR_18","Back Reef",24013.9731231326,"Rock",FALSE,77.0992366412214,"Michaelmas",145.978574169561,-16.6136779386496
"118","L_98",13,24,"MR_BR_2","Back Reef",11531.6083670557,"Rubble",TRUE,90.5172413793103,"Michaelmas",146.038922425082,-16.5532326118292
"119","L_99",12,31,"MR_BR_3","Back Reef",13714.7120484078,"Rock",FALSE,91.7808219178082,"Michaelmas",146.02780484953,-16.5634601432784
"120","L_99",12,31,"MR_SS_6","Sheltered Slope",57352.6017006134,"Rock",FALSE,96.3025210084034,"Michaelmas",146.027752287811,-16.5636413916316
"121","L_100",12,35,"MR_BR_4","Back Reef",8416.2629039004,"Rock",FALSE,95.5555555555556,"Michaelmas",146.021505194296,-16.5686459038991
"122","L_100",12,35,"MR_SS_12","Sheltered Slope",14338.8197275503,"NaN",FALSE,100,"Michaelmas",146.021723030104,-16.5685598054832
"123","L_101",10,41,"MR_BR_5","Back Reef",11222.7598715294,"Rubble",TRUE,96.4601769911504,"Michaelmas",146.013255469067,-16.5772671635229
"124","L_102",9,53,"MR_BR_6","Back Reef",17147.7592450699,"Rubble",TRUE,83.5294117647059,"Michaelmas",145.994230956629,-16.5905938441462
"125","L_103",5,35,"MR_BR_7","Back Reef",1559.22244129264,"Rock",FALSE,33.3333333333333,"Michaelmas",146.032276659836,-16.5893035268634
"126","L_103",5,35,"MR_SS_17","Sheltered Slope",623.689771895451,"Hard Substrate",FALSE,75,"Michaelmas",146.031650081426,-16.5896062293391
"127","L_103",5,35,"MR_S_17","Slope",250418.77150379,"Rock",FALSE,53.0401529636711,"Michaelmas",146.03304601914,-16.5908207290468
"128","L_104",6,39,"MR_BR_8","Back Reef",9043.48751947654,"Hard Substrate",FALSE,84.0425531914894,"Michaelmas",146.024261336984,-16.5922637129851
"129","L_104",6,39,"MR_OF_5","Outer Flat",21205.1046452999,"Hard Substrate",FALSE,71.5555555555556,"Michaelmas",146.024593077529,-16.5912293260927
"130","L_105",10,60,"MR_BR_9","Back Reef",22135.66679378,"Rock",FALSE,68.4210526315789,"Michaelmas",145.981758669214,-16.5937797852282
"131","L_105",10,60,"MR_SS_3","Sheltered Slope",102260.01603101,"Rubble",TRUE,64.2124883504194,"Michaelmas",145.981231629224,-16.5936392128204
"132","L_106",6,51,"MR_C_1","Crest",104469.545779977,"Hard Substrate",FALSE,60,"Michaelmas",146.002999872894,-16.6008934925407
"133","L_107",6,48,"MR_C_10","Crest",95112.9579275793,"Rock",FALSE,37.0854271356784,"Michaelmas",146.007556254155,-16.5985510325728
"134","L_108",6,44,"MR_C_11","Crest",106027.566248062,"Rock",FALSE,47.7558348294434,"Michaelmas",146.01554532311,-16.5956431144056
"135","L_109",5,60,"MR_C_12","Crest",119443.605339594,"Rock",FALSE,26.24,"Michaelmas",145.988161058349,-16.6089247598419
"136","L_110",6,26,"MR_C_13","Crest",140322.756681365,"Rock",FALSE,23.3447098976109,"Michaelmas",146.046086010607,-16.5812536105849
"137","L_111",7,66,"MR_C_14","Crest",58938.6736560642,"Rock",FALSE,44.0842787682334,"Michaelmas",145.97699866883,-16.6095744065792
"138","L_112",13,18,"MR_C_15","Crest",91320.5039108475,"Rock",FALSE,24.1379310344828,"Michaelmas",146.04976758827,-16.550988787704
"139","L_112",13,18,"MR_S_19","Slope",125600.203493013,"Hard Substrate",FALSE,72.2772277227723,"Michaelmas",146.048972523158,-16.5492095371118
"140","L_113",7,24,"MR_C_16","Crest",104768.116823945,"Rock",FALSE,21.6955332725615,"Michaelmas",146.049920585093,-16.5763947859952
"141","L_114",9,19,"MR_C_2","Crest",220419.017327149,"Rock",FALSE,16.2841056734517,"Michaelmas",146.055356954964,-16.5663151841497
"142","L_115",6,54,"MR_C_3","Crest",89189.5809392632,"Rock",FALSE,28.8153681963714,"Michaelmas",145.99812258356,-16.6031138151012
"143","L_116",12,17,"MR_C_4","Crest",123432.721458796,"Rock",FALSE,12.5678820791311,"Michaelmas",146.053653524411,-16.554214892729
"144","L_116",12,17,"MR_S_10","Slope",89454.4179590649,"Rock",FALSE,53.0351437699681,"Michaelmas",146.054037902583,-16.5520255585637
"145","L_117",6,57,"MR_C_5","Crest",95116.6944117472,"Rock",FALSE,32.6653306613226,"Michaelmas",145.992688839603,-16.6062920145688
"146","L_118",10,17,"MR_C_6","Crest",222264.204975573,"Rock",FALSE,22.801724137931,"Michaelmas",146.055666724123,-16.5595184599337
"147","L_119",7,21,"MR_C_7","Crest",156520.123160759,"Rock",FALSE,34.0686274509804,"Michaelmas",146.052750023457,-16.5722139883511
"148","L_120",6,42,"MR_C_8","Crest",55819.9788759722,"Hard Substrate",FALSE,51.8010291595197,"Michaelmas",146.019467820272,-16.593775748464
"149","L_121",6,31,"MR_C_9","Crest",38044.5003245649,"Rock",FALSE,42.8927680798005,"Michaelmas",146.038400418179,-16.5862732329548
"150","L_121",6,31,"MR_OF_3","Outer Flat",132529.834530512,"Hard Substrate",FALSE,74.5493871665465,"Michaelmas",146.038179706681,-16.5853574937939
"151","L_122",8,30,"MR_IF_1","Inner Flat",249738.656994996,"Sand",FALSE,9.7131931166348,"Michaelmas",146.037132655726,-16.5761091697789
"152","L_123",10,20,"MR_IF_10","Inner Flat",268093.820198819,"Hard Substrate",FALSE,56.7509796936231,"Michaelmas",146.051338554748,-16.5622177712586
"153","L_124",6,33,"MR_IF_11","Inner Flat",373874.077383231,"Hard Substrate",FALSE,66.4366053169734,"Michaelmas",146.033573145775,-16.5845309127236
"154","L_125",6,62,"MR_IF_12","Inner Flat",272864.390002974,"Sand",FALSE,15.0930150930151,"Michaelmas",145.983274073976,-16.6072966345807
"155","L_126",7,34,"MR_IF_13","Inner Flat",230737.811405196,"Sand",FALSE,24.9377593360996,"Michaelmas",146.029983206603,-16.5832630170922
"156","L_127",8,39,"MR_IF_14","Inner Flat",129080.046983865,"Sand",FALSE,10.2222222222222,"Michaelmas",146.020334041648,-16.5829714619785
"157","L_128",12,20,"MR_IF_15","Inner Flat",267121.670507051,"Hard Substrate",FALSE,74.7847919655667,"Michaelmas",146.047263678102,-16.5556160883278
"158","L_128",12,20,"MR_OF_4","Outer Flat",182957.597595789,"Hard Substrate",FALSE,57.897489539749,"Michaelmas",146.048107250231,-16.5531646596813
"159","L_129",8,36,"MR_IF_16","Inner Flat",303373.279767983,"Sand",FALSE,4.19558359621451,"Michaelmas",146.02529331438,-16.58193370513
"160","L_130",6,46,"MR_IF_17","Inner Flat",245725.496240985,"Sand",FALSE,29.7855750487329,"Michaelmas",146.011871084733,-16.594850001271
"161","L_130",6,46,"MR_OF_11","Outer Flat",34303.1434678426,"Hard Substrate",FALSE,59.8337950138504,"Michaelmas",146.011531988007,-16.5972733221068
"162","L_130",6,46,"MR_SS_1","Sheltered Slope",12785.8814057203,"Rock",FALSE,39.5522388059701,"Michaelmas",146.011924601951,-16.5978998736773
"163","L_131",7,65,"MR_IF_18","Inner Flat",285023.757340707,"Sand",FALSE,14.0127388535032,"Michaelmas",145.978063305473,-16.608676499277
"164","L_132",7,39,"MR_IF_19","Inner Flat",222632.930147124,"Sand",FALSE,8.80584192439863,"Michaelmas",146.021260997757,-16.5869963673774
"165","L_133",7,26,"MR_IF_2","Inner Flat",299646.13373972,"Hard Substrate",FALSE,49.6807151979566,"Michaelmas",146.045591259879,-16.5773512359433
"166","L_134",7,43,"MR_IF_20","Inner Flat",436547.0559286,"Sand",FALSE,14.5079991233837,"Michaelmas",146.015622877196,-16.5906469464086
"167","L_135",7,49,"MR_IF_21","Inner Flat",335213.596245921,"Sand",FALSE,12.2466457322295,"Michaelmas",146.00450340891,-16.596073608234
"168","L_136",7,30,"MR_IF_22","Inner Flat",248515.007944499,"Hard Substrate",FALSE,56.8514241724403,"Michaelmas",146.038134620995,-16.581280093496
"169","L_137",7,52,"MR_IF_23","Inner Flat",363908.39855491,"Sand",FALSE,17.1090670170828,"Michaelmas",145.999822846938,-16.5988678217491
"170","L_138",7,37,"MR_IF_24","Inner Flat",306204.232547636,"Sand",FALSE,16.1934477379095,"Michaelmas",146.025603511863,-16.5865621194034
"171","L_139",8,27,"MR_IF_25","Inner Flat",242566.953884448,"Sand",FALSE,7.68321513002364,"Michaelmas",146.041327620472,-16.5744294102515
"172","L_140",6,60,"MR_IF_26","Inner Flat",207374.765439686,"Sand",FALSE,13.0133825565298,"Michaelmas",145.986463219475,-16.6055159870631
"173","L_141",9,21,"MR_IF_27","Inner Flat",290867.461769019,"Hard Substrate",FALSE,57.3307034845496,"Michaelmas",146.05031745861,-16.5659729227241
"174","L_142",8,32,"MR_IF_28","Inner Flat",336419.80529829,"Sand",FALSE,10.5143506678034,"Michaelmas",146.033084116109,-16.5785033592564
"175","L_143",7,58,"MR_IF_29","Inner Flat",226393.948107861,"Sand",FALSE,9.77984758679086,"Michaelmas",145.990076428278,-16.6033752447159
"176","L_144",7,28,"MR_IF_3","Inner Flat",317738.636850968,"Hard Substrate",FALSE,66.5465465465466,"Michaelmas",146.041871384122,-16.5801249669255
"177","L_145",7,67,"MR_IF_30","Inner Flat",120678.361024697,"Sand",FALSE,19.6357878068092,"Michaelmas",145.973577940328,-16.6081030035019
"178","L_146",6,40,"MR_IF_31","Inner Flat",252898.560485294,"Hard Substrate",FALSE,51.0219530658592,"Michaelmas",146.022547358618,-16.5911518852093
"179","L_147",8,34,"MR_IF_32","Inner Flat",92287.9188855341,"Sand",FALSE,4.3613707165109,"Michaelmas",146.028656066238,-16.5791737965525
"180","L_148",8,41,"MR_IF_33","Inner Flat",155587.891106625,"Sand",FALSE,2.51688152240638,"Michaelmas",146.017160210809,-16.5863423864433
"181","L_149",8,22,"MR_IF_4","Inner Flat",258462.422274487,"Sand",FALSE,39.5048041389505,"Michaelmas",146.050817525258,-16.5697496576753
"182","L_150",11,20,"MR_IF_5","Inner Flat",355980.319140945,"Hard Substrate",FALSE,60.857908847185,"Michaelmas",146.050517191743,-16.5586827373615
"183","L_151",8,24,"MR_IF_6","Inner Flat",363227.267040843,"Sand",FALSE,38.2693319305629,"Michaelmas",146.046843553933,-16.5724844414601
"184","L_152",7,47,"MR_IF_7","Inner Flat",214842.891266783,"Sand",FALSE,19.2701379617267,"Michaelmas",146.008996795367,-16.5928953696338
"185","L_153",6,36,"MR_IF_8","Inner Flat",205500.926309463,"Hard Substrate",FALSE,70.0186219739292,"Michaelmas",146.029315967423,-16.5890724404881
"186","L_154",7,55,"MR_IF_9","Inner Flat",280337.620190806,"Sand",FALSE,6.6712049012934,"Michaelmas",145.995073685663,-16.6006665821792
"187","L_155",12,18,"MR_OF_1","Outer Flat",70754.6038059303,"Hard Substrate",FALSE,65.1881720430108,"Michaelmas",146.051607140235,-16.5541114737599
"188","L_156",6,34,"MR_OF_10","Outer Flat",41162.9979609369,"Hard Substrate",FALSE,69.1415313225058,"Michaelmas",146.034072469757,-16.5879897894668
"189","L_157",6,43,"MR_OF_2","Outer Flat",12161.7052350131,"Hard Substrate",FALSE,76.3779527559055,"Michaelmas",146.017016209014,-16.593757147652
"190","L_158",7,68,"MR_OF_6","Outer Flat",143446.358556464,"Hard Substrate",FALSE,43.870112657389,"Michaelmas",145.973329516097,-16.6099883948753
"191","L_159",6,58,"MR_OF_7","Outer Flat",82952.848603647,"Rock",FALSE,24.4546498277842,"Michaelmas",145.99095859729,-16.6059488760925
"192","L_160",6,56,"MR_OF_8","Outer Flat",49896.1179401406,"Hard Substrate",FALSE,35.7833655705996,"Michaelmas",145.994739756466,-16.6041741974572
"193","L_161",6,64,"MR_OF_9","Outer Flat",87008.991843283,"Rock",FALSE,34.4827586206897,"Michaelmas",145.98190599325,-16.6106511603562
"194","L_162",6,67,"MR_SS_10","Sheltered Slope",26507.7970511212,"Rock",FALSE,14.6520146520147,"Michaelmas",145.975885714273,-16.6121517527187
"195","L_162",6,67,"MR_S_21","Slope",67051.2975974936,"Rock",FALSE,81.6881258941345,"Michaelmas",145.977179948692,-16.6135804559291
"196","L_163",5,56,"MR_SS_11","Sheltered Slope",9355.80755755651,"Rock",FALSE,31.3131313131313,"Michaelmas",145.994815983439,-16.6059335885591
"197","L_164",6,63,"MR_SS_13","Sheltered Slope",9043.96409639455,"Rock",FALSE,9.57446808510638,"Michaelmas",145.982342550212,-16.6106100522392
"198","L_165",8,49,"MR_SS_14","Sheltered Slope",18084.3665356979,"Sand",FALSE,0,"Michaelmas",146.003559150686,-16.5913118157188
"199","L_166",10,42,"MR_SS_15","Sheltered Slope",16522.5565159294,"NaN",FALSE,100,"Michaelmas",146.0119516869,-16.5782998062776
"200","L_167",6,53,"MR_SS_16","Sheltered Slope",1247.42122387,"Rock",FALSE,23.0769230769231,"Michaelmas",145.999829322037,-16.6032092202666
"201","L_168",9,69,"MR_SS_4","Sheltered Slope",70153.999553819,"Rock",FALSE,86.8852459016394,"Michaelmas",145.967950640048,-16.6036175433033
"202","L_169",9,54,"MR_SS_5","Sheltered Slope",53002.4737387025,"Rubble",TRUE,80.7486631016043,"Michaelmas",145.992931779546,-16.5914216182803
"203","L_170",8,69,"MR_SS_7","Sheltered Slope",95107.1817807842,"Rock",FALSE,47.6429287863591,"Michaelmas",145.969756296796,-16.608831244557
"204","L_171",8,51,"MR_SS_8","Sheltered Slope",38350.8013839509,"Sand",FALSE,28.1795511221945,"Michaelmas",145.999370616032,-16.5920515204444
"205","L_172",8,45,"MR_SS_9","Sheltered Slope",56434.2798755452,"Sand",FALSE,0.340715502555366,"Michaelmas",146.009524774478,-16.5876684570837
"206","L_173",5,41,"MR_S_1","Slope",193972.210984498,"Rock",FALSE,52.8367044893932,"Michaelmas",146.02166895087,-16.5946641783073
"207","L_174",5,61,"MR_S_11","Slope",77344.1848462931,"Rock",FALSE,61.8581907090465,"Michaelmas",145.987084353929,-16.6109173255424
"208","L_175",8,18,"MR_S_12","Slope",135309.458105563,"Rock",FALSE,72.7789623312011,"Michaelmas",146.057690558066,-16.5666513797108
"209","L_176",13,25,"MR_S_13","Slope",33971.8899389064,"Rubble",TRUE,82.3529411764706,"Michaelmas",146.037686614467,-16.5543665475144
"210","L_177",5,64,"MR_S_14","Slope",129426.100337901,"Rock",FALSE,67.7490774907749,"Michaelmas",145.982111034831,-16.6124504684622
"211","L_178",5,26,"MR_S_15","Slope",170575.803364796,"Hard Substrate",FALSE,80.6053811659193,"Michaelmas",146.048004235633,-16.5825138236703
"212","L_179",7,69,"MR_S_16","Slope",135651.633479734,"Rock",FALSE,85.3813559322034,"Michaelmas",145.970955817988,-16.6114011330865
"213","L_180",5,45,"MR_S_2","Slope",173080.131374123,"Rock",FALSE,63.0470914127424,"Michaelmas",146.01369785434,-16.5982518156951
"214","L_181",5,38,"MR_S_20","Slope",151561.124682467,"Rock",FALSE,61.0201511335013,"Michaelmas",146.027374944817,-16.5928984579789
"215","L_182",8,71,"MR_S_22","Slope",39288.4360797702,"Rock",FALSE,93.8574938574939,"Michaelmas",145.965932712634,-16.6076420981535
"216","L_183",6,23,"MR_S_23","Slope",169007.912431362,"Hard Substrate",FALSE,86.2322946175637,"Michaelmas",146.051401748489,-16.5782676888993
"217","L_184",11,16,"MR_S_24","Slope",85097.9567721951,"Hard Substrate",FALSE,69.8198198198198,"Michaelmas",146.056911783385,-16.5559005682111
"218","L_185",10,51,"MR_S_26","Slope",2805.79977624308,"NaN",FALSE,100,"Michaelmas",145.996119895849,-16.5857755028397
"219","L_186",12,40,"MR_S_27","Slope",10286.7600077872,"NaN",FALSE,100,"Michaelmas",146.013403601405,-16.5728212246693
"220","L_187",11,45,"MR_S_28","Slope",2805.64973598338,"NaN",FALSE,100,"Michaelmas",146.005338594487,-16.5792895330312
"221","L_188",5,29,"MR_S_4","Slope",247294.047366259,"Rock",FALSE,59.3036750483559,"Michaelmas",146.042667918738,-16.5858505788655
"222","L_189",9,17,"MR_S_5","Slope",132490.993001075,"Rock",FALSE,63.8649425287356,"Michaelmas",146.058150558359,-16.5609643583721
"223","L_190",5,53,"MR_S_6","Slope",200839.290031976,"Rock",FALSE,77.069457659372,"Michaelmas",146.001451168098,-16.6038834927532
"224","L_191",5,32,"MR_S_7","Slope",153119.215484539,"Rock",FALSE,41.125,"Michaelmas",146.037991288219,-16.5885889692767
"225","L_192",7,20,"MR_S_8","Slope",242269.520744802,"Hard Substrate",FALSE,77.7733912356889,"Michaelmas",146.05519922024,-16.5728507450045
"226","L_193",14,21,"MR_S_9","Slope",98172.777350966,"Rock",FALSE,87.2568093385214,"Michaelmas",146.043703270786,-16.5504768350864
